-47,-15,VqzUp9J2uSFX4Ma+KJTX3nqd3dI=,XJRwbdkrJSWwSTekUwjQrjU5uIY=
-46,-14,VqzUp9J2uSFX4Ma+KJTX3nqd3dI=,XJRwbdkrJSWwSTekUwjQrjU5uIY=
-47,-14,nVDuJki49Bbd83R2Nt24GJGYl8o=,XJRwbdkrJSWwSTekUwjQrjU5uIY=
-46,-15,Ee3VVKyqWLNdG/Rt+20JUxSGFP0=,XJRwbdkrJSWwSTekUwjQrjU5uIY=
-43,-7,Ee3VVKyqWLNdG/Rt+20JUxSGFP0=,z+Lg4zMlrrvvs+Zr+K1XbspXp9A=
-42,-6,Ee3VVKyqWLNdG/Rt+20JUxSGFP0=,z+Lg4zMlrrvvs+Zr+K1XbspXp9A=
-43,-6,Ee3VVKyqWLNdG/Rt+20JUxSGFP0=,z+Lg4zMlrrvvs+Zr+K1XbspXp9A=
-42,-7,Ee3VVKyqWLNdG/Rt+20JUxSGFP0=,z+Lg4zMlrrvvs+Zr+K1XbspXp9A=
-47,-13,Ee3VVKyqWLNdG/Rt+20JUxSGFP0=,XJRwbdkrJSWwSTekUwjQrjU5uIY=
-46,-13,Ee3VVKyqWLNdG/Rt+20JUxSGFP0=,XJRwbdkrJSWwSTekUwjQrjU5uIY=
-46,-10,Ee3VVKyqWLNdG/Rt+20JUxSGFP0=,+2eFvEqKZPCLCPEVcT9qtjGPRIA=
-47,-9,Ee3VVKyqWLNdG/Rt+20JUxSGFP0=,+2eFvEqKZPCLCPEVcT9qtjGPRIA=
-44,-11,Ee3VVKyqWLNdG/Rt+20JUxSGFP0=,q/jESTgNybkozG8g8ojXveabGcY=
-47,-12,Ee3VVKyqWLNdG/Rt+20JUxSGFP0=,+2eFvEqKZPCLCPEVcT9qtjGPRIA=
-46,-12,Ee3VVKyqWLNdG/Rt+20JUxSGFP0=,+2eFvEqKZPCLCPEVcT9qtjGPRIA=
-46,-9,Ee3VVKyqWLNdG/Rt+20JUxSGFP0=,+2eFvEqKZPCLCPEVcT9qtjGPRIA=
-47,-7,Ee3VVKyqWLNdG/Rt+20JUxSGFP0=,MbD9neeZh7oXxMHpj5Y8v7E2Oj0=
-45,-9,Ee3VVKyqWLNdG/Rt+20JUxSGFP0=,+2eFvEqKZPCLCPEVcT9qtjGPRIA=
-46,-7,Ee3VVKyqWLNdG/Rt+20JUxSGFP0=,MbD9neeZh7oXxMHpj5Y8v7E2Oj0=
-43,-11,Ee3VVKyqWLNdG/Rt+20JUxSGFP0=,q/jESTgNybkozG8g8ojXveabGcY=
-44,-8,Ee3VVKyqWLNdG/Rt+20JUxSGFP0=,z+Lg4zMlrrvvs+Zr+K1XbspXp9A=
-44,-9,IDsHVlBg+sUIzF3zue991WW3FE8=,q/jESTgNybkozG8g8ojXveabGcY=
-47,-10,q7kJyKEkIVLGnGtIWocoQUYwzgw=,+2eFvEqKZPCLCPEVcT9qtjGPRIA=
-43,-9,q7kJyKEkIVLGnGtIWocoQUYwzgw=,q/jESTgNybkozG8g8ojXveabGcY=
-42,-9,q7kJyKEkIVLGnGtIWocoQUYwzgw=,q/jESTgNybkozG8g8ojXveabGcY=
-46,-11,aXdwde0si8n6xX+J6b3hzIJcgLg=,+2eFvEqKZPCLCPEVcT9qtjGPRIA=
-45,-7,aXdwde0si8n6xX+J6b3hzIJcgLg=,MbD9neeZh7oXxMHpj5Y8v7E2Oj0=
-47,-6,aXdwde0si8n6xX+J6b3hzIJcgLg=,MbD9neeZh7oXxMHpj5Y8v7E2Oj0=
-46,-6,aXdwde0si8n6xX+J6b3hzIJcgLg=,MbD9neeZh7oXxMHpj5Y8v7E2Oj0=
-45,-6,aXdwde0si8n6xX+J6b3hzIJcgLg=,MbD9neeZh7oXxMHpj5Y8v7E2Oj0=
-43,-8,aXdwde0si8n6xX+J6b3hzIJcgLg=,z+Lg4zMlrrvvs+Zr+K1XbspXp9A=
-47,-11,aXdwde0si8n6xX+J6b3hzIJcgLg=,+2eFvEqKZPCLCPEVcT9qtjGPRIA=
-42,-8,aXdwde0si8n6xX+J6b3hzIJcgLg=,z+Lg4zMlrrvvs+Zr+K1XbspXp9A=
-47,-8,aXdwde0si8n6xX+J6b3hzIJcgLg=,MbD9neeZh7oXxMHpj5Y8v7E2Oj0=
-44,-6,aXdwde0si8n6xX+J6b3hzIJcgLg=,z+Lg4zMlrrvvs+Zr+K1XbspXp9A=
-44,-7,aXdwde0si8n6xX+J6b3hzIJcgLg=,z+Lg4zMlrrvvs+Zr+K1XbspXp9A=
-45,-10,aXdwde0si8n6xX+J6b3hzIJcgLg=,+2eFvEqKZPCLCPEVcT9qtjGPRIA=
-44,-13,aXdwde0si8n6xX+J6b3hzIJcgLg=,t8J7VJKAQW+X17vTLhnqgo5N0wk=
-43,-14,aXdwde0si8n6xX+J6b3hzIJcgLg=,t8J7VJKAQW+X17vTLhnqgo5N0wk=
-42,-14,aXdwde0si8n6xX+J6b3hzIJcgLg=,t8J7VJKAQW+X17vTLhnqgo5N0wk=
-43,-13,aXdwde0si8n6xX+J6b3hzIJcgLg=,t8J7VJKAQW+X17vTLhnqgo5N0wk=
-42,-12,aXdwde0si8n6xX+J6b3hzIJcgLg=,q/jESTgNybkozG8g8ojXveabGcY=
-44,-14,aXdwde0si8n6xX+J6b3hzIJcgLg=,t8J7VJKAQW+X17vTLhnqgo5N0wk=
-42,-13,aXdwde0si8n6xX+J6b3hzIJcgLg=,t8J7VJKAQW+X17vTLhnqgo5N0wk=
-45,-13,aXdwde0si8n6xX+J6b3hzIJcgLg=,XJRwbdkrJSWwSTekUwjQrjU5uIY=
-45,-15,aXdwde0si8n6xX+J6b3hzIJcgLg=,XJRwbdkrJSWwSTekUwjQrjU5uIY=
-45,-8,aXdwde0si8n6xX+J6b3hzIJcgLg=,MbD9neeZh7oXxMHpj5Y8v7E2Oj0=
-45,-12,aXdwde0si8n6xX+J6b3hzIJcgLg=,+2eFvEqKZPCLCPEVcT9qtjGPRIA=
-45,-11,aXdwde0si8n6xX+J6b3hzIJcgLg=,+2eFvEqKZPCLCPEVcT9qtjGPRIA=
-46,-8,aXdwde0si8n6xX+J6b3hzIJcgLg=,MbD9neeZh7oXxMHpj5Y8v7E2Oj0=
-45,-14,aXdwde0si8n6xX+J6b3hzIJcgLg=,XJRwbdkrJSWwSTekUwjQrjU5uIY=
-42,-15,aXdwde0si8n6xX+J6b3hzIJcgLg=,t8J7VJKAQW+X17vTLhnqgo5N0wk=
-43,-15,aXdwde0si8n6xX+J6b3hzIJcgLg=,t8J7VJKAQW+X17vTLhnqgo5N0wk=
-44,-15,aXdwde0si8n6xX+J6b3hzIJcgLg=,t8J7VJKAQW+X17vTLhnqgo5N0wk=
-44,-12,aXdwde0si8n6xX+J6b3hzIJcgLg=,q/jESTgNybkozG8g8ojXveabGcY=
-42,-10,aXdwde0si8n6xX+J6b3hzIJcgLg=,q/jESTgNybkozG8g8ojXveabGcY=
-43,-10,aXdwde0si8n6xX+J6b3hzIJcgLg=,q/jESTgNybkozG8g8ojXveabGcY=
-44,-10,aXdwde0si8n6xX+J6b3hzIJcgLg=,q/jESTgNybkozG8g8ojXveabGcY=
-43,-12,aXdwde0si8n6xX+J6b3hzIJcgLg=,q/jESTgNybkozG8g8ojXveabGcY=
-42,-11,aXdwde0si8n6xX+J6b3hzIJcgLg=,q/jESTgNybkozG8g8ojXveabGcY=
-34,-10,aXdwde0si8n6xX+J6b3hzIJcgLg=,vLrx3HlsexlpvRXpnAjGcMqDaZI=
-35,-10,aXdwde0si8n6xX+J6b3hzIJcgLg=,vLrx3HlsexlpvRXpnAjGcMqDaZI=
-35,-11,aXdwde0si8n6xX+J6b3hzIJcgLg=,vLrx3HlsexlpvRXpnAjGcMqDaZI=
-34,-11,aXdwde0si8n6xX+J6b3hzIJcgLg=,vLrx3HlsexlpvRXpnAjGcMqDaZI=
-36,-11,aXdwde0si8n6xX+J6b3hzIJcgLg=,vLrx3HlsexlpvRXpnAjGcMqDaZI=
-38,-10,aXdwde0si8n6xX+J6b3hzIJcgLg=,w+Bdj+KH3fT8+Z9DTNWk53DkzQU=
-39,-10,aXdwde0si8n6xX+J6b3hzIJcgLg=,w+Bdj+KH3fT8+Z9DTNWk53DkzQU=
-36,-10,aXdwde0si8n6xX+J6b3hzIJcgLg=,vLrx3HlsexlpvRXpnAjGcMqDaZI=
-40,-10,aXdwde0si8n6xX+J6b3hzIJcgLg=,w+Bdj+KH3fT8+Z9DTNWk53DkzQU=
-37,-10,aXdwde0si8n6xX+J6b3hzIJcgLg=,w+Bdj+KH3fT8+Z9DTNWk53DkzQU=
-40,-11,aXdwde0si8n6xX+J6b3hzIJcgLg=,w+Bdj+KH3fT8+Z9DTNWk53DkzQU=
-38,-11,aXdwde0si8n6xX+J6b3hzIJcgLg=,w+Bdj+KH3fT8+Z9DTNWk53DkzQU=
-37,-11,aXdwde0si8n6xX+J6b3hzIJcgLg=,w+Bdj+KH3fT8+Z9DTNWk53DkzQU=
-39,-11,aXdwde0si8n6xX+J6b3hzIJcgLg=,w+Bdj+KH3fT8+Z9DTNWk53DkzQU=
-41,-11,aXdwde0si8n6xX+J6b3hzIJcgLg=,q/jESTgNybkozG8g8ojXveabGcY=
-41,-10,aXdwde0si8n6xX+J6b3hzIJcgLg=,q/jESTgNybkozG8g8ojXveabGcY=
-40,-13,aXdwde0si8n6xX+J6b3hzIJcgLg=,gwuUOthu29WfUfbju6jJul4O37s=
-38,-6,aXdwde0si8n6xX+J6b3hzIJcgLg=,2u5YX5qTRFjdNfFDZKDHvIE6w8c=
-38,-8,aXdwde0si8n6xX+J6b3hzIJcgLg=,2u5YX5qTRFjdNfFDZKDHvIE6w8c=
-41,-9,aXdwde0si8n6xX+J6b3hzIJcgLg=,q/jESTgNybkozG8g8ojXveabGcY=
-39,-13,aXdwde0si8n6xX+J6b3hzIJcgLg=,gwuUOthu29WfUfbju6jJul4O37s=
-41,-8,aXdwde0si8n6xX+J6b3hzIJcgLg=,z+Lg4zMlrrvvs+Zr+K1XbspXp9A=
-40,-9,aXdwde0si8n6xX+J6b3hzIJcgLg=,w+Bdj+KH3fT8+Z9DTNWk53DkzQU=
-39,-9,aXdwde0si8n6xX+J6b3hzIJcgLg=,w+Bdj+KH3fT8+Z9DTNWk53DkzQU=
-38,-9,aXdwde0si8n6xX+J6b3hzIJcgLg=,w+Bdj+KH3fT8+Z9DTNWk53DkzQU=
-38,-15,aXdwde0si8n6xX+J6b3hzIJcgLg=,gwuUOthu29WfUfbju6jJul4O37s=
-41,-7,aXdwde0si8n6xX+J6b3hzIJcgLg=,z+Lg4zMlrrvvs+Zr+K1XbspXp9A=
-41,-13,aXdwde0si8n6xX+J6b3hzIJcgLg=,t8J7VJKAQW+X17vTLhnqgo5N0wk=
-40,-7,aXdwde0si8n6xX+J6b3hzIJcgLg=,2u5YX5qTRFjdNfFDZKDHvIE6w8c=
-41,-6,aXdwde0si8n6xX+J6b3hzIJcgLg=,z+Lg4zMlrrvvs+Zr+K1XbspXp9A=
-39,-8,aXdwde0si8n6xX+J6b3hzIJcgLg=,2u5YX5qTRFjdNfFDZKDHvIE6w8c=
-39,-6,aXdwde0si8n6xX+J6b3hzIJcgLg=,2u5YX5qTRFjdNfFDZKDHvIE6w8c=
-41,-14,aXdwde0si8n6xX+J6b3hzIJcgLg=,t8J7VJKAQW+X17vTLhnqgo5N0wk=
-40,-6,aXdwde0si8n6xX+J6b3hzIJcgLg=,2u5YX5qTRFjdNfFDZKDHvIE6w8c=
-39,-7,aXdwde0si8n6xX+J6b3hzIJcgLg=,2u5YX5qTRFjdNfFDZKDHvIE6w8c=
-40,-8,aXdwde0si8n6xX+J6b3hzIJcgLg=,2u5YX5qTRFjdNfFDZKDHvIE6w8c=
-38,-13,aXdwde0si8n6xX+J6b3hzIJcgLg=,gwuUOthu29WfUfbju6jJul4O37s=
-38,-7,aXdwde0si8n6xX+J6b3hzIJcgLg=,2u5YX5qTRFjdNfFDZKDHvIE6w8c=
-39,-14,aXdwde0si8n6xX+J6b3hzIJcgLg=,gwuUOthu29WfUfbju6jJul4O37s=
-41,-15,aXdwde0si8n6xX+J6b3hzIJcgLg=,t8J7VJKAQW+X17vTLhnqgo5N0wk=
-41,-12,aXdwde0si8n6xX+J6b3hzIJcgLg=,q/jESTgNybkozG8g8ojXveabGcY=
-40,-14,aXdwde0si8n6xX+J6b3hzIJcgLg=,gwuUOthu29WfUfbju6jJul4O37s=
-40,-12,aXdwde0si8n6xX+J6b3hzIJcgLg=,w+Bdj+KH3fT8+Z9DTNWk53DkzQU=
-39,-15,aXdwde0si8n6xX+J6b3hzIJcgLg=,gwuUOthu29WfUfbju6jJul4O37s=
-38,-14,aXdwde0si8n6xX+J6b3hzIJcgLg=,gwuUOthu29WfUfbju6jJul4O37s=
-40,-15,aXdwde0si8n6xX+J6b3hzIJcgLg=,gwuUOthu29WfUfbju6jJul4O37s=
-39,-12,aXdwde0si8n6xX+J6b3hzIJcgLg=,w+Bdj+KH3fT8+Z9DTNWk53DkzQU=
-38,-12,aXdwde0si8n6xX+J6b3hzIJcgLg=,w+Bdj+KH3fT8+Z9DTNWk53DkzQU=
-39,-5,aXdwde0si8n6xX+J6b3hzIJcgLg=,2u5YX5qTRFjdNfFDZKDHvIE6w8c=
-38,-5,aXdwde0si8n6xX+J6b3hzIJcgLg=,2u5YX5qTRFjdNfFDZKDHvIE6w8c=
-36,-9,aXdwde0si8n6xX+J6b3hzIJcgLg=,vLrx3HlsexlpvRXpnAjGcMqDaZI=
-35,-9,aXdwde0si8n6xX+J6b3hzIJcgLg=,vLrx3HlsexlpvRXpnAjGcMqDaZI=
-36,-3,aXdwde0si8n6xX+J6b3hzIJcgLg=,/1qsGWyF1NY5PNXZcI2Ms/3XfP4=
-36,-2,aXdwde0si8n6xX+J6b3hzIJcgLg=,/1qsGWyF1NY5PNXZcI2Ms/3XfP4=
-36,-4,aXdwde0si8n6xX+J6b3hzIJcgLg=,/1qsGWyF1NY5PNXZcI2Ms/3XfP4=
-35,-4,aXdwde0si8n6xX+J6b3hzIJcgLg=,/1qsGWyF1NY5PNXZcI2Ms/3XfP4=
-34,-3,aXdwde0si8n6xX+J6b3hzIJcgLg=,/1qsGWyF1NY5PNXZcI2Ms/3XfP4=
-36,-5,aXdwde0si8n6xX+J6b3hzIJcgLg=,k1AYG2Sz5Pydp9RQO7X/AyE5b3M=
-35,-5,aXdwde0si8n6xX+J6b3hzIJcgLg=,k1AYG2Sz5Pydp9RQO7X/AyE5b3M=
-35,-2,aXdwde0si8n6xX+J6b3hzIJcgLg=,/1qsGWyF1NY5PNXZcI2Ms/3XfP4=
-33,-5,aXdwde0si8n6xX+J6b3hzIJcgLg=,k1AYG2Sz5Pydp9RQO7X/AyE5b3M=
-36,-7,aXdwde0si8n6xX+J6b3hzIJcgLg=,k1AYG2Sz5Pydp9RQO7X/AyE5b3M=
-33,-3,aXdwde0si8n6xX+J6b3hzIJcgLg=,/1qsGWyF1NY5PNXZcI2Ms/3XfP4=
-34,-2,aXdwde0si8n6xX+J6b3hzIJcgLg=,/1qsGWyF1NY5PNXZcI2Ms/3XfP4=
-34,-4,aXdwde0si8n6xX+J6b3hzIJcgLg=,/1qsGWyF1NY5PNXZcI2Ms/3XfP4=
-37,-5,aXdwde0si8n6xX+J6b3hzIJcgLg=,2u5YX5qTRFjdNfFDZKDHvIE6w8c=
-33,-2,aXdwde0si8n6xX+J6b3hzIJcgLg=,/1qsGWyF1NY5PNXZcI2Ms/3XfP4=
-34,-5,aXdwde0si8n6xX+J6b3hzIJcgLg=,k1AYG2Sz5Pydp9RQO7X/AyE5b3M=
-35,-3,aXdwde0si8n6xX+J6b3hzIJcgLg=,/1qsGWyF1NY5PNXZcI2Ms/3XfP4=
-33,-4,aXdwde0si8n6xX+J6b3hzIJcgLg=,/1qsGWyF1NY5PNXZcI2Ms/3XfP4=
-37,-6,aXdwde0si8n6xX+J6b3hzIJcgLg=,2u5YX5qTRFjdNfFDZKDHvIE6w8c=
-35,-7,aXdwde0si8n6xX+J6b3hzIJcgLg=,k1AYG2Sz5Pydp9RQO7X/AyE5b3M=
-35,-8,aXdwde0si8n6xX+J6b3hzIJcgLg=,k1AYG2Sz5Pydp9RQO7X/AyE5b3M=
-37,-7,aXdwde0si8n6xX+J6b3hzIJcgLg=,2u5YX5qTRFjdNfFDZKDHvIE6w8c=
-37,-8,aXdwde0si8n6xX+J6b3hzIJcgLg=,2u5YX5qTRFjdNfFDZKDHvIE6w8c=
-33,-6,aXdwde0si8n6xX+J6b3hzIJcgLg=,k1AYG2Sz5Pydp9RQO7X/AyE5b3M=
-34,-9,aXdwde0si8n6xX+J6b3hzIJcgLg=,vLrx3HlsexlpvRXpnAjGcMqDaZI=
-34,-6,aXdwde0si8n6xX+J6b3hzIJcgLg=,k1AYG2Sz5Pydp9RQO7X/AyE5b3M=
-36,-8,aXdwde0si8n6xX+J6b3hzIJcgLg=,k1AYG2Sz5Pydp9RQO7X/AyE5b3M=
-34,-8,aXdwde0si8n6xX+J6b3hzIJcgLg=,k1AYG2Sz5Pydp9RQO7X/AyE5b3M=
-34,-7,aXdwde0si8n6xX+J6b3hzIJcgLg=,k1AYG2Sz5Pydp9RQO7X/AyE5b3M=
-37,-9,aXdwde0si8n6xX+J6b3hzIJcgLg=,w+Bdj+KH3fT8+Z9DTNWk53DkzQU=
-35,-6,aXdwde0si8n6xX+J6b3hzIJcgLg=,k1AYG2Sz5Pydp9RQO7X/AyE5b3M=
-36,-6,aXdwde0si8n6xX+J6b3hzIJcgLg=,k1AYG2Sz5Pydp9RQO7X/AyE5b3M=
-33,-7,aXdwde0si8n6xX+J6b3hzIJcgLg=,k1AYG2Sz5Pydp9RQO7X/AyE5b3M=
-40,-16,aXdwde0si8n6xX+J6b3hzIJcgLg=,gwuUOthu29WfUfbju6jJul4O37s=
-43,-16,aXdwde0si8n6xX+J6b3hzIJcgLg=,t8J7VJKAQW+X17vTLhnqgo5N0wk=
-42,-16,aXdwde0si8n6xX+J6b3hzIJcgLg=,t8J7VJKAQW+X17vTLhnqgo5N0wk=
-39,-16,aXdwde0si8n6xX+J6b3hzIJcgLg=,gwuUOthu29WfUfbju6jJul4O37s=
-41,-16,aXdwde0si8n6xX+J6b3hzIJcgLg=,t8J7VJKAQW+X17vTLhnqgo5N0wk=
-48,-15,aXdwde0si8n6xX+J6b3hzIJcgLg=,XJRwbdkrJSWwSTekUwjQrjU5uIY=
-48,-14,aXdwde0si8n6xX+J6b3hzIJcgLg=,XJRwbdkrJSWwSTekUwjQrjU5uIY=
-38,-16,aXdwde0si8n6xX+J6b3hzIJcgLg=,gwuUOthu29WfUfbju6jJul4O37s=
-33,-10,aXdwde0si8n6xX+J6b3hzIJcgLg=,vLrx3HlsexlpvRXpnAjGcMqDaZI=
-48,-13,aXdwde0si8n6xX+J6b3hzIJcgLg=,XJRwbdkrJSWwSTekUwjQrjU5uIY=
-48,-12,aXdwde0si8n6xX+J6b3hzIJcgLg=,+2eFvEqKZPCLCPEVcT9qtjGPRIA=
-44,-16,aXdwde0si8n6xX+J6b3hzIJcgLg=,t8J7VJKAQW+X17vTLhnqgo5N0wk=
-48,-16,aXdwde0si8n6xX+J6b3hzIJcgLg=,XJRwbdkrJSWwSTekUwjQrjU5uIY=
-48,-11,aXdwde0si8n6xX+J6b3hzIJcgLg=,+2eFvEqKZPCLCPEVcT9qtjGPRIA=
-48,-7,aXdwde0si8n6xX+J6b3hzIJcgLg=,MbD9neeZh7oXxMHpj5Y8v7E2Oj0=
-47,-16,aXdwde0si8n6xX+J6b3hzIJcgLg=,XJRwbdkrJSWwSTekUwjQrjU5uIY=
-45,-16,aXdwde0si8n6xX+J6b3hzIJcgLg=,XJRwbdkrJSWwSTekUwjQrjU5uIY=
-48,-9,aXdwde0si8n6xX+J6b3hzIJcgLg=,+2eFvEqKZPCLCPEVcT9qtjGPRIA=
-34,-1,aXdwde0si8n6xX+J6b3hzIJcgLg=,/1qsGWyF1NY5PNXZcI2Ms/3XfP4=
-48,-6,aXdwde0si8n6xX+J6b3hzIJcgLg=,MbD9neeZh7oXxMHpj5Y8v7E2Oj0=
-35,-1,aXdwde0si8n6xX+J6b3hzIJcgLg=,/1qsGWyF1NY5PNXZcI2Ms/3XfP4=
-48,-8,aXdwde0si8n6xX+J6b3hzIJcgLg=,MbD9neeZh7oXxMHpj5Y8v7E2Oj0=
-44,-5,aXdwde0si8n6xX+J6b3hzIJcgLg=,z+Lg4zMlrrvvs+Zr+K1XbspXp9A=
-43,-5,aXdwde0si8n6xX+J6b3hzIJcgLg=,z+Lg4zMlrrvvs+Zr+K1XbspXp9A=
-40,-5,aXdwde0si8n6xX+J6b3hzIJcgLg=,2u5YX5qTRFjdNfFDZKDHvIE6w8c=
-42,-5,aXdwde0si8n6xX+J6b3hzIJcgLg=,z+Lg4zMlrrvvs+Zr+K1XbspXp9A=
-41,-5,aXdwde0si8n6xX+J6b3hzIJcgLg=,z+Lg4zMlrrvvs+Zr+K1XbspXp9A=
-45,-5,aXdwde0si8n6xX+J6b3hzIJcgLg=,MbD9neeZh7oXxMHpj5Y8v7E2Oj0=
-47,-5,aXdwde0si8n6xX+J6b3hzIJcgLg=,MbD9neeZh7oXxMHpj5Y8v7E2Oj0=
-46,-5,aXdwde0si8n6xX+J6b3hzIJcgLg=,MbD9neeZh7oXxMHpj5Y8v7E2Oj0=
-46,-16,aXdwde0si8n6xX+J6b3hzIJcgLg=,XJRwbdkrJSWwSTekUwjQrjU5uIY=
-48,-5,aXdwde0si8n6xX+J6b3hzIJcgLg=,MbD9neeZh7oXxMHpj5Y8v7E2Oj0=
-36,-1,aXdwde0si8n6xX+J6b3hzIJcgLg=,/1qsGWyF1NY5PNXZcI2Ms/3XfP4=
-33,-1,aXdwde0si8n6xX+J6b3hzIJcgLg=,/1qsGWyF1NY5PNXZcI2Ms/3XfP4=
-48,-10,aXdwde0si8n6xX+J6b3hzIJcgLg=,+2eFvEqKZPCLCPEVcT9qtjGPRIA=
-33,-8,aXdwde0si8n6xX+J6b3hzIJcgLg=,k1AYG2Sz5Pydp9RQO7X/AyE5b3M=
-33,-9,aXdwde0si8n6xX+J6b3hzIJcgLg=,vLrx3HlsexlpvRXpnAjGcMqDaZI=
-33,-11,aXdwde0si8n6xX+J6b3hzIJcgLg=,vLrx3HlsexlpvRXpnAjGcMqDaZI=
-34,-14,aXdwde0si8n6xX+J6b3hzIJcgLg=,yFGuf3IeDW2YmdrHnFlsYBDyCxg=
-35,-16,aXdwde0si8n6xX+J6b3hzIJcgLg=,yFGuf3IeDW2YmdrHnFlsYBDyCxg=
-37,-14,aXdwde0si8n6xX+J6b3hzIJcgLg=,gwuUOthu29WfUfbju6jJul4O37s=
-36,-12,aXdwde0si8n6xX+J6b3hzIJcgLg=,vLrx3HlsexlpvRXpnAjGcMqDaZI=
-33,-14,aXdwde0si8n6xX+J6b3hzIJcgLg=,yFGuf3IeDW2YmdrHnFlsYBDyCxg=
-33,-12,aXdwde0si8n6xX+J6b3hzIJcgLg=,vLrx3HlsexlpvRXpnAjGcMqDaZI=
-37,-16,aXdwde0si8n6xX+J6b3hzIJcgLg=,gwuUOthu29WfUfbju6jJul4O37s=
-36,-14,aXdwde0si8n6xX+J6b3hzIJcgLg=,yFGuf3IeDW2YmdrHnFlsYBDyCxg=
-37,-15,aXdwde0si8n6xX+J6b3hzIJcgLg=,gwuUOthu29WfUfbju6jJul4O37s=
-35,-14,aXdwde0si8n6xX+J6b3hzIJcgLg=,yFGuf3IeDW2YmdrHnFlsYBDyCxg=
-33,-13,aXdwde0si8n6xX+J6b3hzIJcgLg=,yFGuf3IeDW2YmdrHnFlsYBDyCxg=
-36,-13,aXdwde0si8n6xX+J6b3hzIJcgLg=,yFGuf3IeDW2YmdrHnFlsYBDyCxg=
-36,-16,aXdwde0si8n6xX+J6b3hzIJcgLg=,yFGuf3IeDW2YmdrHnFlsYBDyCxg=
-33,-15,aXdwde0si8n6xX+J6b3hzIJcgLg=,yFGuf3IeDW2YmdrHnFlsYBDyCxg=
-34,-15,aXdwde0si8n6xX+J6b3hzIJcgLg=,yFGuf3IeDW2YmdrHnFlsYBDyCxg=
-34,-12,aXdwde0si8n6xX+J6b3hzIJcgLg=,vLrx3HlsexlpvRXpnAjGcMqDaZI=
-37,-13,aXdwde0si8n6xX+J6b3hzIJcgLg=,gwuUOthu29WfUfbju6jJul4O37s=
-34,-16,aXdwde0si8n6xX+J6b3hzIJcgLg=,yFGuf3IeDW2YmdrHnFlsYBDyCxg=
-35,-15,aXdwde0si8n6xX+J6b3hzIJcgLg=,yFGuf3IeDW2YmdrHnFlsYBDyCxg=
-35,-13,aXdwde0si8n6xX+J6b3hzIJcgLg=,yFGuf3IeDW2YmdrHnFlsYBDyCxg=
-35,-12,aXdwde0si8n6xX+J6b3hzIJcgLg=,vLrx3HlsexlpvRXpnAjGcMqDaZI=
-33,-16,aXdwde0si8n6xX+J6b3hzIJcgLg=,yFGuf3IeDW2YmdrHnFlsYBDyCxg=
-36,-15,aXdwde0si8n6xX+J6b3hzIJcgLg=,yFGuf3IeDW2YmdrHnFlsYBDyCxg=
-37,-12,aXdwde0si8n6xX+J6b3hzIJcgLg=,w+Bdj+KH3fT8+Z9DTNWk53DkzQU=
-34,-13,aXdwde0si8n6xX+J6b3hzIJcgLg=,yFGuf3IeDW2YmdrHnFlsYBDyCxg=
-43,-19,aXdwde0si8n6xX+J6b3hzIJcgLg=,dJlOnQdiWEEMJra0327H/eT5GVo=
-43,-22,5WwjIxyNS0L4SzGU0wJQovOuQ+k=,X22Y9PFrJCgH+s7tERUw+b4NwbI=
-42,-23,5WwjIxyNS0L4SzGU0wJQovOuQ+k=,X22Y9PFrJCgH+s7tERUw+b4NwbI=
-42,-22,5WwjIxyNS0L4SzGU0wJQovOuQ+k=,X22Y9PFrJCgH+s7tERUw+b4NwbI=
-42,-20,5WwjIxyNS0L4SzGU0wJQovOuQ+k=,dJlOnQdiWEEMJra0327H/eT5GVo=
-42,-18,5WwjIxyNS0L4SzGU0wJQovOuQ+k=,dJlOnQdiWEEMJra0327H/eT5GVo=
-43,-20,5WwjIxyNS0L4SzGU0wJQovOuQ+k=,dJlOnQdiWEEMJra0327H/eT5GVo=
-43,-18,5WwjIxyNS0L4SzGU0wJQovOuQ+k=,dJlOnQdiWEEMJra0327H/eT5GVo=
-42,-21,5WwjIxyNS0L4SzGU0wJQovOuQ+k=,X22Y9PFrJCgH+s7tERUw+b4NwbI=
-43,-21,5WwjIxyNS0L4SzGU0wJQovOuQ+k=,X22Y9PFrJCgH+s7tERUw+b4NwbI=
-43,-23,5WwjIxyNS0L4SzGU0wJQovOuQ+k=,X22Y9PFrJCgH+s7tERUw+b4NwbI=
-42,-19,5WwjIxyNS0L4SzGU0wJQovOuQ+k=,dJlOnQdiWEEMJra0327H/eT5GVo=
-44,-18,5WwjIxyNS0L4SzGU0wJQovOuQ+k=,dJlOnQdiWEEMJra0327H/eT5GVo=
-44,-19,5WwjIxyNS0L4SzGU0wJQovOuQ+k=,dJlOnQdiWEEMJra0327H/eT5GVo=
-47,-19,5WwjIxyNS0L4SzGU0wJQovOuQ+k=,fy/6CJ3Q6J8aBTktFHHBkeWSIVM=
-46,-19,u3LMsnlDUN2PGzLKNjetErKY79U=,fy/6CJ3Q6J8aBTktFHHBkeWSIVM=
-45,-19,u3LMsnlDUN2PGzLKNjetErKY79U=,fy/6CJ3Q6J8aBTktFHHBkeWSIVM=
-47,-18,u3LMsnlDUN2PGzLKNjetErKY79U=,fy/6CJ3Q6J8aBTktFHHBkeWSIVM=
-46,-18,u3LMsnlDUN2PGzLKNjetErKY79U=,fy/6CJ3Q6J8aBTktFHHBkeWSIVM=
-45,-18,iH++gqVZ+jS2Co0SjQC1x9JetLU=,fy/6CJ3Q6J8aBTktFHHBkeWSIVM=
-43,-24,iH++gqVZ+jS2Co0SjQC1x9JetLU=,X22Y9PFrJCgH+s7tERUw+b4NwbI=
-43,-25,iH++gqVZ+jS2Co0SjQC1x9JetLU=,mjqqT56ESPw3qFzOlJSbHZs87sU=
-42,-25,iH++gqVZ+jS2Co0SjQC1x9JetLU=,mjqqT56ESPw3qFzOlJSbHZs87sU=
-42,-24,iH++gqVZ+jS2Co0SjQC1x9JetLU=,X22Y9PFrJCgH+s7tERUw+b4NwbI=
-43,-27,iH++gqVZ+jS2Co0SjQC1x9JetLU=,mjqqT56ESPw3qFzOlJSbHZs87sU=
-42,-26,E0Ta0yBTA2spWGa8Mkgn/AHc1m4=,mjqqT56ESPw3qFzOlJSbHZs87sU=
-43,-26,E0Ta0yBTA2spWGa8Mkgn/AHc1m4=,mjqqT56ESPw3qFzOlJSbHZs87sU=
-42,-27,uOqJpX3DoZjJN5RtTFq4EWeeWn0=,mjqqT56ESPw3qFzOlJSbHZs87sU=
-42,-29,uOqJpX3DoZjJN5RtTFq4EWeeWn0=,kn2TfEMfQJBp/O2ex33XCTjSjDg=
-43,-31,uOqJpX3DoZjJN5RtTFq4EWeeWn0=,kn2TfEMfQJBp/O2ex33XCTjSjDg=
-43,-29,uOqJpX3DoZjJN5RtTFq4EWeeWn0=,kn2TfEMfQJBp/O2ex33XCTjSjDg=
-42,-30,uOqJpX3DoZjJN5RtTFq4EWeeWn0=,kn2TfEMfQJBp/O2ex33XCTjSjDg=
-42,-28,uOqJpX3DoZjJN5RtTFq4EWeeWn0=,mjqqT56ESPw3qFzOlJSbHZs87sU=
-43,-30,uOqJpX3DoZjJN5RtTFq4EWeeWn0=,kn2TfEMfQJBp/O2ex33XCTjSjDg=
-42,-31,vUd10ubyUUJlKFPorexX5+tD5wk=,kn2TfEMfQJBp/O2ex33XCTjSjDg=
-43,-28,vUd10ubyUUJlKFPorexX5+tD5wk=,mjqqT56ESPw3qFzOlJSbHZs87sU=
-40,-31,vUd10ubyUUJlKFPorexX5+tD5wk=,ggXgLFSo9xFaX+Sdt/p5tiGU3/U=
-39,-31,vUd10ubyUUJlKFPorexX5+tD5wk=,ggXgLFSo9xFaX+Sdt/p5tiGU3/U=
-38,-31,vUd10ubyUUJlKFPorexX5+tD5wk=,ggXgLFSo9xFaX+Sdt/p5tiGU3/U=
-40,-30,vUd10ubyUUJlKFPorexX5+tD5wk=,ggXgLFSo9xFaX+Sdt/p5tiGU3/U=
-41,-31,vUd10ubyUUJlKFPorexX5+tD5wk=,kn2TfEMfQJBp/O2ex33XCTjSjDg=
-41,-30,vUd10ubyUUJlKFPorexX5+tD5wk=,kn2TfEMfQJBp/O2ex33XCTjSjDg=
-39,-30,vUd10ubyUUJlKFPorexX5+tD5wk=,ggXgLFSo9xFaX+Sdt/p5tiGU3/U=
-38,-30,vUd10ubyUUJlKFPorexX5+tD5wk=,ggXgLFSo9xFaX+Sdt/p5tiGU3/U=
-40,-27,vUd10ubyUUJlKFPorexX5+tD5wk=,FzyCP+VAmZlmWrBpfJ+y0Gb3yno=
-41,-28,vUd10ubyUUJlKFPorexX5+tD5wk=,mjqqT56ESPw3qFzOlJSbHZs87sU=
-39,-27,vUd10ubyUUJlKFPorexX5+tD5wk=,FzyCP+VAmZlmWrBpfJ+y0Gb3yno=
-40,-29,vUd10ubyUUJlKFPorexX5+tD5wk=,ggXgLFSo9xFaX+Sdt/p5tiGU3/U=
-39,-29,vUd10ubyUUJlKFPorexX5+tD5wk=,ggXgLFSo9xFaX+Sdt/p5tiGU3/U=
-38,-29,vUd10ubyUUJlKFPorexX5+tD5wk=,ggXgLFSo9xFaX+Sdt/p5tiGU3/U=
-38,-27,vUd10ubyUUJlKFPorexX5+tD5wk=,FzyCP+VAmZlmWrBpfJ+y0Gb3yno=
-41,-26,vUd10ubyUUJlKFPorexX5+tD5wk=,mjqqT56ESPw3qFzOlJSbHZs87sU=
-40,-26,vUd10ubyUUJlKFPorexX5+tD5wk=,FzyCP+VAmZlmWrBpfJ+y0Gb3yno=
-38,-28,vUd10ubyUUJlKFPorexX5+tD5wk=,FzyCP+VAmZlmWrBpfJ+y0Gb3yno=
-41,-29,vUd10ubyUUJlKFPorexX5+tD5wk=,kn2TfEMfQJBp/O2ex33XCTjSjDg=
-40,-28,vUd10ubyUUJlKFPorexX5+tD5wk=,FzyCP+VAmZlmWrBpfJ+y0Gb3yno=
-39,-28,vUd10ubyUUJlKFPorexX5+tD5wk=,FzyCP+VAmZlmWrBpfJ+y0Gb3yno=
-41,-27,vUd10ubyUUJlKFPorexX5+tD5wk=,mjqqT56ESPw3qFzOlJSbHZs87sU=
-39,-26,vUd10ubyUUJlKFPorexX5+tD5wk=,FzyCP+VAmZlmWrBpfJ+y0Gb3yno=
-38,-26,vUd10ubyUUJlKFPorexX5+tD5wk=,FzyCP+VAmZlmWrBpfJ+y0Gb3yno=
-37,-27,vUd10ubyUUJlKFPorexX5+tD5wk=,FzyCP+VAmZlmWrBpfJ+y0Gb3yno=
-36,-27,vUd10ubyUUJlKFPorexX5+tD5wk=,2rA2JFr5jTIYeYftLfoEhvQZ9rY=
-34,-26,vUd10ubyUUJlKFPorexX5+tD5wk=,2rA2JFr5jTIYeYftLfoEhvQZ9rY=
-34,-27,vUd10ubyUUJlKFPorexX5+tD5wk=,2rA2JFr5jTIYeYftLfoEhvQZ9rY=
-35,-27,vUd10ubyUUJlKFPorexX5+tD5wk=,2rA2JFr5jTIYeYftLfoEhvQZ9rY=
-35,-26,vUd10ubyUUJlKFPorexX5+tD5wk=,2rA2JFr5jTIYeYftLfoEhvQZ9rY=
-36,-26,vUd10ubyUUJlKFPorexX5+tD5wk=,2rA2JFr5jTIYeYftLfoEhvQZ9rY=
-37,-26,vUd10ubyUUJlKFPorexX5+tD5wk=,FzyCP+VAmZlmWrBpfJ+y0Gb3yno=
-40,-25,vUd10ubyUUJlKFPorexX5+tD5wk=,FzyCP+VAmZlmWrBpfJ+y0Gb3yno=
-39,-25,vUd10ubyUUJlKFPorexX5+tD5wk=,FzyCP+VAmZlmWrBpfJ+y0Gb3yno=
-38,-25,vUd10ubyUUJlKFPorexX5+tD5wk=,FzyCP+VAmZlmWrBpfJ+y0Gb3yno=
-40,-23,vUd10ubyUUJlKFPorexX5+tD5wk=,k1rZjzVzwMhNNsN4F714EG/RI3Q=
-39,-23,vUd10ubyUUJlKFPorexX5+tD5wk=,k1rZjzVzwMhNNsN4F714EG/RI3Q=
-38,-24,vUd10ubyUUJlKFPorexX5+tD5wk=,k1rZjzVzwMhNNsN4F714EG/RI3Q=
-41,-24,vUd10ubyUUJlKFPorexX5+tD5wk=,X22Y9PFrJCgH+s7tERUw+b4NwbI=
-40,-24,vUd10ubyUUJlKFPorexX5+tD5wk=,k1rZjzVzwMhNNsN4F714EG/RI3Q=
-41,-25,vUd10ubyUUJlKFPorexX5+tD5wk=,mjqqT56ESPw3qFzOlJSbHZs87sU=
-39,-24,vUd10ubyUUJlKFPorexX5+tD5wk=,k1rZjzVzwMhNNsN4F714EG/RI3Q=
-38,-23,vUd10ubyUUJlKFPorexX5+tD5wk=,k1rZjzVzwMhNNsN4F714EG/RI3Q=
-40,-22,vUd10ubyUUJlKFPorexX5+tD5wk=,k1rZjzVzwMhNNsN4F714EG/RI3Q=
-38,-22,vUd10ubyUUJlKFPorexX5+tD5wk=,k1rZjzVzwMhNNsN4F714EG/RI3Q=
-39,-22,vUd10ubyUUJlKFPorexX5+tD5wk=,k1rZjzVzwMhNNsN4F714EG/RI3Q=
-41,-23,vUd10ubyUUJlKFPorexX5+tD5wk=,X22Y9PFrJCgH+s7tERUw+b4NwbI=
-41,-22,vUd10ubyUUJlKFPorexX5+tD5wk=,X22Y9PFrJCgH+s7tERUw+b4NwbI=
-39,-17,vUd10ubyUUJlKFPorexX5+tD5wk=,oetMtUJfO1rZNxO8AZbbGzXwUvU=
-40,-19,vUd10ubyUUJlKFPorexX5+tD5wk=,oetMtUJfO1rZNxO8AZbbGzXwUvU=
-38,-17,vUd10ubyUUJlKFPorexX5+tD5wk=,oetMtUJfO1rZNxO8AZbbGzXwUvU=
-41,-18,vUd10ubyUUJlKFPorexX5+tD5wk=,dJlOnQdiWEEMJra0327H/eT5GVo=
-41,-20,vUd10ubyUUJlKFPorexX5+tD5wk=,dJlOnQdiWEEMJra0327H/eT5GVo=
-39,-19,vUd10ubyUUJlKFPorexX5+tD5wk=,oetMtUJfO1rZNxO8AZbbGzXwUvU=
-41,-21,vUd10ubyUUJlKFPorexX5+tD5wk=,X22Y9PFrJCgH+s7tERUw+b4NwbI=
-41,-19,vUd10ubyUUJlKFPorexX5+tD5wk=,dJlOnQdiWEEMJra0327H/eT5GVo=
-38,-20,vUd10ubyUUJlKFPorexX5+tD5wk=,oetMtUJfO1rZNxO8AZbbGzXwUvU=
-39,-20,vUd10ubyUUJlKFPorexX5+tD5wk=,oetMtUJfO1rZNxO8AZbbGzXwUvU=
-40,-20,vUd10ubyUUJlKFPorexX5+tD5wk=,oetMtUJfO1rZNxO8AZbbGzXwUvU=
-38,-19,vUd10ubyUUJlKFPorexX5+tD5wk=,oetMtUJfO1rZNxO8AZbbGzXwUvU=
-40,-21,vUd10ubyUUJlKFPorexX5+tD5wk=,k1rZjzVzwMhNNsN4F714EG/RI3Q=
-38,-18,vUd10ubyUUJlKFPorexX5+tD5wk=,oetMtUJfO1rZNxO8AZbbGzXwUvU=
-40,-18,vUd10ubyUUJlKFPorexX5+tD5wk=,oetMtUJfO1rZNxO8AZbbGzXwUvU=
-39,-18,vUd10ubyUUJlKFPorexX5+tD5wk=,oetMtUJfO1rZNxO8AZbbGzXwUvU=
-38,-21,vUd10ubyUUJlKFPorexX5+tD5wk=,k1rZjzVzwMhNNsN4F714EG/RI3Q=
-39,-21,vUd10ubyUUJlKFPorexX5+tD5wk=,k1rZjzVzwMhNNsN4F714EG/RI3Q=
-33,-26,vUd10ubyUUJlKFPorexX5+tD5wk=,2rA2JFr5jTIYeYftLfoEhvQZ9rY=
-33,-27,vUd10ubyUUJlKFPorexX5+tD5wk=,2rA2JFr5jTIYeYftLfoEhvQZ9rY=
-46,-26,vUd10ubyUUJlKFPorexX5+tD5wk=,qqN+cAu+8t8LAF/MNEk7524XGso=
-45,-26,vUd10ubyUUJlKFPorexX5+tD5wk=,qqN+cAu+8t8LAF/MNEk7524XGso=
-47,-26,vUd10ubyUUJlKFPorexX5+tD5wk=,qqN+cAu+8t8LAF/MNEk7524XGso=
-44,-27,vUd10ubyUUJlKFPorexX5+tD5wk=,mjqqT56ESPw3qFzOlJSbHZs87sU=
-47,-27,vUd10ubyUUJlKFPorexX5+tD5wk=,qqN+cAu+8t8LAF/MNEk7524XGso=
-46,-27,vUd10ubyUUJlKFPorexX5+tD5wk=,qqN+cAu+8t8LAF/MNEk7524XGso=
-45,-27,vUd10ubyUUJlKFPorexX5+tD5wk=,qqN+cAu+8t8LAF/MNEk7524XGso=
-44,-21,vUd10ubyUUJlKFPorexX5+tD5wk=,X22Y9PFrJCgH+s7tERUw+b4NwbI=
-44,-26,vUd10ubyUUJlKFPorexX5+tD5wk=,mjqqT56ESPw3qFzOlJSbHZs87sU=
-44,-20,vUd10ubyUUJlKFPorexX5+tD5wk=,dJlOnQdiWEEMJra0327H/eT5GVo=
-44,-22,vUd10ubyUUJlKFPorexX5+tD5wk=,X22Y9PFrJCgH+s7tERUw+b4NwbI=
-45,-20,vUd10ubyUUJlKFPorexX5+tD5wk=,fy/6CJ3Q6J8aBTktFHHBkeWSIVM=
-46,-20,vUd10ubyUUJlKFPorexX5+tD5wk=,fy/6CJ3Q6J8aBTktFHHBkeWSIVM=
-47,-20,vUd10ubyUUJlKFPorexX5+tD5wk=,fy/6CJ3Q6J8aBTktFHHBkeWSIVM=
-44,-23,vUd10ubyUUJlKFPorexX5+tD5wk=,X22Y9PFrJCgH+s7tERUw+b4NwbI=
-44,-24,vUd10ubyUUJlKFPorexX5+tD5wk=,X22Y9PFrJCgH+s7tERUw+b4NwbI=
-47,-25,vUd10ubyUUJlKFPorexX5+tD5wk=,qqN+cAu+8t8LAF/MNEk7524XGso=
-46,-25,vUd10ubyUUJlKFPorexX5+tD5wk=,qqN+cAu+8t8LAF/MNEk7524XGso=
-45,-25,vUd10ubyUUJlKFPorexX5+tD5wk=,qqN+cAu+8t8LAF/MNEk7524XGso=
-43,-32,vUd10ubyUUJlKFPorexX5+tD5wk=,kn2TfEMfQJBp/O2ex33XCTjSjDg=
-44,-25,vUd10ubyUUJlKFPorexX5+tD5wk=,mjqqT56ESPw3qFzOlJSbHZs87sU=
-42,-32,vUd10ubyUUJlKFPorexX5+tD5wk=,kn2TfEMfQJBp/O2ex33XCTjSjDg=
-38,-32,vUd10ubyUUJlKFPorexX5+tD5wk=,ggXgLFSo9xFaX+Sdt/p5tiGU3/U=
-39,-32,vUd10ubyUUJlKFPorexX5+tD5wk=,ggXgLFSo9xFaX+Sdt/p5tiGU3/U=
-41,-32,vUd10ubyUUJlKFPorexX5+tD5wk=,kn2TfEMfQJBp/O2ex33XCTjSjDg=
-48,-26,vUd10ubyUUJlKFPorexX5+tD5wk=,qqN+cAu+8t8LAF/MNEk7524XGso=
-48,-27,vUd10ubyUUJlKFPorexX5+tD5wk=,qqN+cAu+8t8LAF/MNEk7524XGso=
-40,-32,vUd10ubyUUJlKFPorexX5+tD5wk=,ggXgLFSo9xFaX+Sdt/p5tiGU3/U=
-36,-31,vUd10ubyUUJlKFPorexX5+tD5wk=,MxG08+hT4RxM7LhHORyYjSX2eH8=
-35,-31,vUd10ubyUUJlKFPorexX5+tD5wk=,MxG08+hT4RxM7LhHORyYjSX2eH8=
-37,-31,vUd10ubyUUJlKFPorexX5+tD5wk=,ggXgLFSo9xFaX+Sdt/p5tiGU3/U=
-34,-32,vUd10ubyUUJlKFPorexX5+tD5wk=,MxG08+hT4RxM7LhHORyYjSX2eH8=
-37,-32,vUd10ubyUUJlKFPorexX5+tD5wk=,ggXgLFSo9xFaX+Sdt/p5tiGU3/U=
-34,-28,vUd10ubyUUJlKFPorexX5+tD5wk=,2rA2JFr5jTIYeYftLfoEhvQZ9rY=
-36,-29,vUd10ubyUUJlKFPorexX5+tD5wk=,MxG08+hT4RxM7LhHORyYjSX2eH8=
-35,-29,vUd10ubyUUJlKFPorexX5+tD5wk=,MxG08+hT4RxM7LhHORyYjSX2eH8=
-34,-31,vUd10ubyUUJlKFPorexX5+tD5wk=,MxG08+hT4RxM7LhHORyYjSX2eH8=
-37,-30,vUd10ubyUUJlKFPorexX5+tD5wk=,ggXgLFSo9xFaX+Sdt/p5tiGU3/U=
-34,-29,vUd10ubyUUJlKFPorexX5+tD5wk=,MxG08+hT4RxM7LhHORyYjSX2eH8=
-34,-30,vUd10ubyUUJlKFPorexX5+tD5wk=,MxG08+hT4RxM7LhHORyYjSX2eH8=
-36,-32,vUd10ubyUUJlKFPorexX5+tD5wk=,MxG08+hT4RxM7LhHORyYjSX2eH8=
-35,-28,vUd10ubyUUJlKFPorexX5+tD5wk=,2rA2JFr5jTIYeYftLfoEhvQZ9rY=
-35,-32,vUd10ubyUUJlKFPorexX5+tD5wk=,MxG08+hT4RxM7LhHORyYjSX2eH8=
-37,-29,vUd10ubyUUJlKFPorexX5+tD5wk=,ggXgLFSo9xFaX+Sdt/p5tiGU3/U=
-36,-30,vUd10ubyUUJlKFPorexX5+tD5wk=,MxG08+hT4RxM7LhHORyYjSX2eH8=
-35,-30,vUd10ubyUUJlKFPorexX5+tD5wk=,MxG08+hT4RxM7LhHORyYjSX2eH8=
-33,-28,vUd10ubyUUJlKFPorexX5+tD5wk=,2rA2JFr5jTIYeYftLfoEhvQZ9rY=
-33,-29,vUd10ubyUUJlKFPorexX5+tD5wk=,MxG08+hT4RxM7LhHORyYjSX2eH8=
-33,-31,vUd10ubyUUJlKFPorexX5+tD5wk=,MxG08+hT4RxM7LhHORyYjSX2eH8=
-37,-28,vUd10ubyUUJlKFPorexX5+tD5wk=,FzyCP+VAmZlmWrBpfJ+y0Gb3yno=
-36,-28,vUd10ubyUUJlKFPorexX5+tD5wk=,2rA2JFr5jTIYeYftLfoEhvQZ9rY=
-33,-30,vUd10ubyUUJlKFPorexX5+tD5wk=,MxG08+hT4RxM7LhHORyYjSX2eH8=
-48,-19,vUd10ubyUUJlKFPorexX5+tD5wk=,fy/6CJ3Q6J8aBTktFHHBkeWSIVM=
-48,-18,vUd10ubyUUJlKFPorexX5+tD5wk=,fy/6CJ3Q6J8aBTktFHHBkeWSIVM=
-47,-17,vUd10ubyUUJlKFPorexX5+tD5wk=,fy/6CJ3Q6J8aBTktFHHBkeWSIVM=
-46,-17,vUd10ubyUUJlKFPorexX5+tD5wk=,fy/6CJ3Q6J8aBTktFHHBkeWSIVM=
-34,-24,vUd10ubyUUJlKFPorexX5+tD5wk=,eZI/vz/rrH6094nDrguvB/6lC5Y=
-35,-22,vUd10ubyUUJlKFPorexX5+tD5wk=,eZI/vz/rrH6094nDrguvB/6lC5Y=
-34,-23,vUd10ubyUUJlKFPorexX5+tD5wk=,eZI/vz/rrH6094nDrguvB/6lC5Y=
-35,-25,vUd10ubyUUJlKFPorexX5+tD5wk=,2rA2JFr5jTIYeYftLfoEhvQZ9rY=
-37,-25,vUd10ubyUUJlKFPorexX5+tD5wk=,FzyCP+VAmZlmWrBpfJ+y0Gb3yno=
-44,-17,vUd10ubyUUJlKFPorexX5+tD5wk=,dJlOnQdiWEEMJra0327H/eT5GVo=
-34,-22,vUd10ubyUUJlKFPorexX5+tD5wk=,eZI/vz/rrH6094nDrguvB/6lC5Y=
-43,-17,vUd10ubyUUJlKFPorexX5+tD5wk=,dJlOnQdiWEEMJra0327H/eT5GVo=
-42,-17,vUd10ubyUUJlKFPorexX5+tD5wk=,dJlOnQdiWEEMJra0327H/eT5GVo=
-37,-23,vUd10ubyUUJlKFPorexX5+tD5wk=,k1rZjzVzwMhNNsN4F714EG/RI3Q=
-41,-17,vUd10ubyUUJlKFPorexX5+tD5wk=,dJlOnQdiWEEMJra0327H/eT5GVo=
-45,-17,vUd10ubyUUJlKFPorexX5+tD5wk=,fy/6CJ3Q6J8aBTktFHHBkeWSIVM=
-48,-25,vUd10ubyUUJlKFPorexX5+tD5wk=,qqN+cAu+8t8LAF/MNEk7524XGso=
-48,-20,vUd10ubyUUJlKFPorexX5+tD5wk=,fy/6CJ3Q6J8aBTktFHHBkeWSIVM=
-37,-24,vUd10ubyUUJlKFPorexX5+tD5wk=,k1rZjzVzwMhNNsN4F714EG/RI3Q=
-33,-32,vUd10ubyUUJlKFPorexX5+tD5wk=,MxG08+hT4RxM7LhHORyYjSX2eH8=
-40,-17,vUd10ubyUUJlKFPorexX5+tD5wk=,oetMtUJfO1rZNxO8AZbbGzXwUvU=
-33,-23,vUd10ubyUUJlKFPorexX5+tD5wk=,eZI/vz/rrH6094nDrguvB/6lC5Y=
-33,-24,vUd10ubyUUJlKFPorexX5+tD5wk=,eZI/vz/rrH6094nDrguvB/6lC5Y=
-48,-17,vUd10ubyUUJlKFPorexX5+tD5wk=,fy/6CJ3Q6J8aBTktFHHBkeWSIVM=
-36,-22,vUd10ubyUUJlKFPorexX5+tD5wk=,eZI/vz/rrH6094nDrguvB/6lC5Y=
-36,-23,vUd10ubyUUJlKFPorexX5+tD5wk=,eZI/vz/rrH6094nDrguvB/6lC5Y=
-33,-25,vUd10ubyUUJlKFPorexX5+tD5wk=,2rA2JFr5jTIYeYftLfoEhvQZ9rY=
-36,-25,vUd10ubyUUJlKFPorexX5+tD5wk=,2rA2JFr5jTIYeYftLfoEhvQZ9rY=
-35,-24,vUd10ubyUUJlKFPorexX5+tD5wk=,eZI/vz/rrH6094nDrguvB/6lC5Y=
-33,-22,vUd10ubyUUJlKFPorexX5+tD5wk=,eZI/vz/rrH6094nDrguvB/6lC5Y=
-37,-22,vUd10ubyUUJlKFPorexX5+tD5wk=,k1rZjzVzwMhNNsN4F714EG/RI3Q=
-34,-25,vUd10ubyUUJlKFPorexX5+tD5wk=,2rA2JFr5jTIYeYftLfoEhvQZ9rY=
-48,-31,vUd10ubyUUJlKFPorexX5+tD5wk=,uygmtJxE+O29/iXVh0NS6WUjEMY=
-45,-29,vUd10ubyUUJlKFPorexX5+tD5wk=,uygmtJxE+O29/iXVh0NS6WUjEMY=
-36,-24,vUd10ubyUUJlKFPorexX5+tD5wk=,eZI/vz/rrH6094nDrguvB/6lC5Y=
-44,-31,vUd10ubyUUJlKFPorexX5+tD5wk=,kn2TfEMfQJBp/O2ex33XCTjSjDg=
-45,-32,vUd10ubyUUJlKFPorexX5+tD5wk=,uygmtJxE+O29/iXVh0NS6WUjEMY=
-46,-28,vUd10ubyUUJlKFPorexX5+tD5wk=,qqN+cAu+8t8LAF/MNEk7524XGso=
-47,-28,vUd10ubyUUJlKFPorexX5+tD5wk=,qqN+cAu+8t8LAF/MNEk7524XGso=
-47,-31,vUd10ubyUUJlKFPorexX5+tD5wk=,uygmtJxE+O29/iXVh0NS6WUjEMY=
-45,-28,vUd10ubyUUJlKFPorexX5+tD5wk=,qqN+cAu+8t8LAF/MNEk7524XGso=
-46,-31,vUd10ubyUUJlKFPorexX5+tD5wk=,uygmtJxE+O29/iXVh0NS6WUjEMY=
-45,-30,vUd10ubyUUJlKFPorexX5+tD5wk=,uygmtJxE+O29/iXVh0NS6WUjEMY=
-46,-29,vUd10ubyUUJlKFPorexX5+tD5wk=,uygmtJxE+O29/iXVh0NS6WUjEMY=
-48,-28,vUd10ubyUUJlKFPorexX5+tD5wk=,qqN+cAu+8t8LAF/MNEk7524XGso=
-44,-28,vUd10ubyUUJlKFPorexX5+tD5wk=,mjqqT56ESPw3qFzOlJSbHZs87sU=
-44,-30,vUd10ubyUUJlKFPorexX5+tD5wk=,kn2TfEMfQJBp/O2ex33XCTjSjDg=
-44,-29,vUd10ubyUUJlKFPorexX5+tD5wk=,kn2TfEMfQJBp/O2ex33XCTjSjDg=
-45,-31,vUd10ubyUUJlKFPorexX5+tD5wk=,uygmtJxE+O29/iXVh0NS6WUjEMY=
-46,-30,vUd10ubyUUJlKFPorexX5+tD5wk=,uygmtJxE+O29/iXVh0NS6WUjEMY=
-47,-32,vUd10ubyUUJlKFPorexX5+tD5wk=,uygmtJxE+O29/iXVh0NS6WUjEMY=
-46,-32,vUd10ubyUUJlKFPorexX5+tD5wk=,uygmtJxE+O29/iXVh0NS6WUjEMY=
-44,-32,vUd10ubyUUJlKFPorexX5+tD5wk=,kn2TfEMfQJBp/O2ex33XCTjSjDg=
-48,-30,vUd10ubyUUJlKFPorexX5+tD5wk=,uygmtJxE+O29/iXVh0NS6WUjEMY=
-47,-30,vUd10ubyUUJlKFPorexX5+tD5wk=,uygmtJxE+O29/iXVh0NS6WUjEMY=
-48,-32,vUd10ubyUUJlKFPorexX5+tD5wk=,uygmtJxE+O29/iXVh0NS6WUjEMY=
-48,-29,vUd10ubyUUJlKFPorexX5+tD5wk=,uygmtJxE+O29/iXVh0NS6WUjEMY=
-47,-29,vUd10ubyUUJlKFPorexX5+tD5wk=,uygmtJxE+O29/iXVh0NS6WUjEMY=
-35,-23,vUd10ubyUUJlKFPorexX5+tD5wk=,eZI/vz/rrH6094nDrguvB/6lC5Y=
-37,-20,vUd10ubyUUJlKFPorexX5+tD5wk=,oetMtUJfO1rZNxO8AZbbGzXwUvU=
-34,-17,vUd10ubyUUJlKFPorexX5+tD5wk=,5wnG8LgcRiYlDW/Bbaym9n9J+00=
-34,-21,vUd10ubyUUJlKFPorexX5+tD5wk=,eZI/vz/rrH6094nDrguvB/6lC5Y=
-36,-17,vUd10ubyUUJlKFPorexX5+tD5wk=,5wnG8LgcRiYlDW/Bbaym9n9J+00=
-33,-17,vUd10ubyUUJlKFPorexX5+tD5wk=,5wnG8LgcRiYlDW/Bbaym9n9J+00=
-37,-17,vUd10ubyUUJlKFPorexX5+tD5wk=,oetMtUJfO1rZNxO8AZbbGzXwUvU=
-35,-21,vUd10ubyUUJlKFPorexX5+tD5wk=,eZI/vz/rrH6094nDrguvB/6lC5Y=
-37,-18,vUd10ubyUUJlKFPorexX5+tD5wk=,oetMtUJfO1rZNxO8AZbbGzXwUvU=
-33,-20,vUd10ubyUUJlKFPorexX5+tD5wk=,5wnG8LgcRiYlDW/Bbaym9n9J+00=
-37,-21,vUd10ubyUUJlKFPorexX5+tD5wk=,k1rZjzVzwMhNNsN4F714EG/RI3Q=
-36,-18,vUd10ubyUUJlKFPorexX5+tD5wk=,5wnG8LgcRiYlDW/Bbaym9n9J+00=
-36,-21,vUd10ubyUUJlKFPorexX5+tD5wk=,eZI/vz/rrH6094nDrguvB/6lC5Y=
-35,-20,vUd10ubyUUJlKFPorexX5+tD5wk=,5wnG8LgcRiYlDW/Bbaym9n9J+00=
-35,-17,vUd10ubyUUJlKFPorexX5+tD5wk=,5wnG8LgcRiYlDW/Bbaym9n9J+00=
-37,-19,vUd10ubyUUJlKFPorexX5+tD5wk=,oetMtUJfO1rZNxO8AZbbGzXwUvU=
-34,-18,vUd10ubyUUJlKFPorexX5+tD5wk=,5wnG8LgcRiYlDW/Bbaym9n9J+00=
-36,-20,vUd10ubyUUJlKFPorexX5+tD5wk=,5wnG8LgcRiYlDW/Bbaym9n9J+00=
-33,-19,vUd10ubyUUJlKFPorexX5+tD5wk=,5wnG8LgcRiYlDW/Bbaym9n9J+00=
-35,-19,vUd10ubyUUJlKFPorexX5+tD5wk=,5wnG8LgcRiYlDW/Bbaym9n9J+00=
-34,-19,vUd10ubyUUJlKFPorexX5+tD5wk=,5wnG8LgcRiYlDW/Bbaym9n9J+00=
-33,-18,vUd10ubyUUJlKFPorexX5+tD5wk=,5wnG8LgcRiYlDW/Bbaym9n9J+00=
-36,-19,vUd10ubyUUJlKFPorexX5+tD5wk=,5wnG8LgcRiYlDW/Bbaym9n9J+00=
-35,-18,vUd10ubyUUJlKFPorexX5+tD5wk=,5wnG8LgcRiYlDW/Bbaym9n9J+00=
-33,-21,vUd10ubyUUJlKFPorexX5+tD5wk=,eZI/vz/rrH6094nDrguvB/6lC5Y=
-34,-20,vUd10ubyUUJlKFPorexX5+tD5wk=,5wnG8LgcRiYlDW/Bbaym9n9J+00=
-50,-32,xOszggi8SOCYytd4WVrvSALqHzY=,7Y79/oftoxU+PsqN05F6cVmEzwI=
-49,-31,xOszggi8SOCYytd4WVrvSALqHzY=,7Y79/oftoxU+PsqN05F6cVmEzwI=
-51,-32,xOszggi8SOCYytd4WVrvSALqHzY=,7Y79/oftoxU+PsqN05F6cVmEzwI=
-50,-31,xOszggi8SOCYytd4WVrvSALqHzY=,7Y79/oftoxU+PsqN05F6cVmEzwI=
-50,-29,xOszggi8SOCYytd4WVrvSALqHzY=,7Y79/oftoxU+PsqN05F6cVmEzwI=
-51,-29,xOszggi8SOCYytd4WVrvSALqHzY=,7Y79/oftoxU+PsqN05F6cVmEzwI=
-49,-30,xOszggi8SOCYytd4WVrvSALqHzY=,7Y79/oftoxU+PsqN05F6cVmEzwI=
-52,-29,xOszggi8SOCYytd4WVrvSALqHzY=,7Y79/oftoxU+PsqN05F6cVmEzwI=
-50,-30,xOszggi8SOCYytd4WVrvSALqHzY=,7Y79/oftoxU+PsqN05F6cVmEzwI=
-51,-31,xOszggi8SOCYytd4WVrvSALqHzY=,7Y79/oftoxU+PsqN05F6cVmEzwI=
-51,-30,xOszggi8SOCYytd4WVrvSALqHzY=,7Y79/oftoxU+PsqN05F6cVmEzwI=
-49,-32,xOszggi8SOCYytd4WVrvSALqHzY=,7Y79/oftoxU+PsqN05F6cVmEzwI=
-52,-31,xOszggi8SOCYytd4WVrvSALqHzY=,7Y79/oftoxU+PsqN05F6cVmEzwI=
-49,-29,xOszggi8SOCYytd4WVrvSALqHzY=,7Y79/oftoxU+PsqN05F6cVmEzwI=
-52,-32,xOszggi8SOCYytd4WVrvSALqHzY=,7Y79/oftoxU+PsqN05F6cVmEzwI=
-50,-20,xOszggi8SOCYytd4WVrvSALqHzY=,LXOYov7KfGFLXuaAHKizccNougU=
-52,-30,xOszggi8SOCYytd4WVrvSALqHzY=,7Y79/oftoxU+PsqN05F6cVmEzwI=
-52,-18,xOszggi8SOCYytd4WVrvSALqHzY=,LXOYov7KfGFLXuaAHKizccNougU=
-50,-19,xOszggi8SOCYytd4WVrvSALqHzY=,LXOYov7KfGFLXuaAHKizccNougU=
-51,-18,xOszggi8SOCYytd4WVrvSALqHzY=,LXOYov7KfGFLXuaAHKizccNougU=
-51,-19,xOszggi8SOCYytd4WVrvSALqHzY=,LXOYov7KfGFLXuaAHKizccNougU=
-49,-19,xOszggi8SOCYytd4WVrvSALqHzY=,LXOYov7KfGFLXuaAHKizccNougU=
-50,-17,xOszggi8SOCYytd4WVrvSALqHzY=,LXOYov7KfGFLXuaAHKizccNougU=
-51,-17,xOszggi8SOCYytd4WVrvSALqHzY=,LXOYov7KfGFLXuaAHKizccNougU=
-49,-17,xOszggi8SOCYytd4WVrvSALqHzY=,LXOYov7KfGFLXuaAHKizccNougU=
-49,-20,xOszggi8SOCYytd4WVrvSALqHzY=,LXOYov7KfGFLXuaAHKizccNougU=
-50,-18,xOszggi8SOCYytd4WVrvSALqHzY=,LXOYov7KfGFLXuaAHKizccNougU=
-52,-19,xOszggi8SOCYytd4WVrvSALqHzY=,LXOYov7KfGFLXuaAHKizccNougU=
-52,-20,xOszggi8SOCYytd4WVrvSALqHzY=,LXOYov7KfGFLXuaAHKizccNougU=
-49,-18,xOszggi8SOCYytd4WVrvSALqHzY=,LXOYov7KfGFLXuaAHKizccNougU=
-51,-20,xOszggi8SOCYytd4WVrvSALqHzY=,LXOYov7KfGFLXuaAHKizccNougU=
-52,-17,xOszggi8SOCYytd4WVrvSALqHzY=,LXOYov7KfGFLXuaAHKizccNougU=
-63,-11,AIzz25GQyZkvgvJVbVMVH2wK16w=,2p1Vm6ahp1dp3ZffNyr+sKuF+K0=
-60,-11,AIzz25GQyZkvgvJVbVMVH2wK16w=,MQT5acmvpdXso6P8xVrQ1H8QCss=
-59,-11,AIzz25GQyZkvgvJVbVMVH2wK16w=,MQT5acmvpdXso6P8xVrQ1H8QCss=
-58,-11,AIzz25GQyZkvgvJVbVMVH2wK16w=,MQT5acmvpdXso6P8xVrQ1H8QCss=
-60,-10,7em6a3WxguLzfFVYF5rR9g2Yxpc=,MQT5acmvpdXso6P8xVrQ1H8QCss=
-59,-10,7em6a3WxguLzfFVYF5rR9g2Yxpc=,MQT5acmvpdXso6P8xVrQ1H8QCss=
-61,-11,7eC6yznFpnvxiKxJh1/w5dKosrU=,2p1Vm6ahp1dp3ZffNyr+sKuF+K0=
-61,-10,7eC6yznFpnvxiKxJh1/w5dKosrU=,2p1Vm6ahp1dp3ZffNyr+sKuF+K0=
-58,-10,7eC6yznFpnvxiKxJh1/w5dKosrU=,MQT5acmvpdXso6P8xVrQ1H8QCss=
-62,-10,7eC6yznFpnvxiKxJh1/w5dKosrU=,2p1Vm6ahp1dp3ZffNyr+sKuF+K0=
-63,-10,7eC6yznFpnvxiKxJh1/w5dKosrU=,2p1Vm6ahp1dp3ZffNyr+sKuF+K0=
-62,-11,7eC6yznFpnvxiKxJh1/w5dKosrU=,2p1Vm6ahp1dp3ZffNyr+sKuF+K0=
-63,-9,7eC6yznFpnvxiKxJh1/w5dKosrU=,2p1Vm6ahp1dp3ZffNyr+sKuF+K0=
-62,-9,7eC6yznFpnvxiKxJh1/w5dKosrU=,2p1Vm6ahp1dp3ZffNyr+sKuF+K0=
-63,-8,7eC6yznFpnvxiKxJh1/w5dKosrU=,05t/CqUP+cErjYuYa2QZzAKVzxg=
-62,-8,7eC6yznFpnvxiKxJh1/w5dKosrU=,05t/CqUP+cErjYuYa2QZzAKVzxg=
-63,-7,7eC6yznFpnvxiKxJh1/w5dKosrU=,05t/CqUP+cErjYuYa2QZzAKVzxg=
-62,-7,7eC6yznFpnvxiKxJh1/w5dKosrU=,05t/CqUP+cErjYuYa2QZzAKVzxg=
-63,-6,7eC6yznFpnvxiKxJh1/w5dKosrU=,05t/CqUP+cErjYuYa2QZzAKVzxg=
-62,-6,7eC6yznFpnvxiKxJh1/w5dKosrU=,05t/CqUP+cErjYuYa2QZzAKVzxg=
-63,-15,7eC6yznFpnvxiKxJh1/w5dKosrU=,JtWlZuK6IgU44drCwUGOu4ZovLE=
-62,-15,7eC6yznFpnvxiKxJh1/w5dKosrU=,JtWlZuK6IgU44drCwUGOu4ZovLE=
-63,-14,7eC6yznFpnvxiKxJh1/w5dKosrU=,JtWlZuK6IgU44drCwUGOu4ZovLE=
-62,-14,7eC6yznFpnvxiKxJh1/w5dKosrU=,JtWlZuK6IgU44drCwUGOu4ZovLE=
-63,-13,7eC6yznFpnvxiKxJh1/w5dKosrU=,JtWlZuK6IgU44drCwUGOu4ZovLE=
-62,-13,7eC6yznFpnvxiKxJh1/w5dKosrU=,JtWlZuK6IgU44drCwUGOu4ZovLE=
-63,-12,7eC6yznFpnvxiKxJh1/w5dKosrU=,2p1Vm6ahp1dp3ZffNyr+sKuF+K0=
-62,-12,7eC6yznFpnvxiKxJh1/w5dKosrU=,2p1Vm6ahp1dp3ZffNyr+sKuF+K0=
-60,-13,7eC6yznFpnvxiKxJh1/w5dKosrU=,3atClgmWWhmflq0iufDgJkXvyo8=
-59,-13,7eC6yznFpnvxiKxJh1/w5dKosrU=,3atClgmWWhmflq0iufDgJkXvyo8=
-58,-13,7eC6yznFpnvxiKxJh1/w5dKosrU=,3atClgmWWhmflq0iufDgJkXvyo8=
-61,-15,7eC6yznFpnvxiKxJh1/w5dKosrU=,JtWlZuK6IgU44drCwUGOu4ZovLE=
-60,-12,7eC6yznFpnvxiKxJh1/w5dKosrU=,MQT5acmvpdXso6P8xVrQ1H8QCss=
-61,-14,7eC6yznFpnvxiKxJh1/w5dKosrU=,JtWlZuK6IgU44drCwUGOu4ZovLE=
-59,-12,7eC6yznFpnvxiKxJh1/w5dKosrU=,MQT5acmvpdXso6P8xVrQ1H8QCss=
-60,-15,7eC6yznFpnvxiKxJh1/w5dKosrU=,3atClgmWWhmflq0iufDgJkXvyo8=
-58,-12,7eC6yznFpnvxiKxJh1/w5dKosrU=,MQT5acmvpdXso6P8xVrQ1H8QCss=
-59,-15,7eC6yznFpnvxiKxJh1/w5dKosrU=,3atClgmWWhmflq0iufDgJkXvyo8=
-58,-15,7eC6yznFpnvxiKxJh1/w5dKosrU=,3atClgmWWhmflq0iufDgJkXvyo8=
-61,-12,7eC6yznFpnvxiKxJh1/w5dKosrU=,2p1Vm6ahp1dp3ZffNyr+sKuF+K0=
-61,-13,7eC6yznFpnvxiKxJh1/w5dKosrU=,JtWlZuK6IgU44drCwUGOu4ZovLE=
-58,-14,7eC6yznFpnvxiKxJh1/w5dKosrU=,3atClgmWWhmflq0iufDgJkXvyo8=
-60,-14,7eC6yznFpnvxiKxJh1/w5dKosrU=,3atClgmWWhmflq0iufDgJkXvyo8=
-57,-11,7eC6yznFpnvxiKxJh1/w5dKosrU=,MQT5acmvpdXso6P8xVrQ1H8QCss=
-57,-10,7eC6yznFpnvxiKxJh1/w5dKosrU=,MQT5acmvpdXso6P8xVrQ1H8QCss=
-59,-14,7eC6yznFpnvxiKxJh1/w5dKosrU=,3atClgmWWhmflq0iufDgJkXvyo8=
-51,-11,7eC6yznFpnvxiKxJh1/w5dKosrU=,46T1+N2c9+Rggctf5UNj+6tRW74=
-50,-11,7eC6yznFpnvxiKxJh1/w5dKosrU=,46T1+N2c9+Rggctf5UNj+6tRW74=
-52,-10,7eC6yznFpnvxiKxJh1/w5dKosrU=,46T1+N2c9+Rggctf5UNj+6tRW74=
-51,-10,7eC6yznFpnvxiKxJh1/w5dKosrU=,46T1+N2c9+Rggctf5UNj+6tRW74=
-50,-10,7eC6yznFpnvxiKxJh1/w5dKosrU=,46T1+N2c9+Rggctf5UNj+6tRW74=
-52,-11,7eC6yznFpnvxiKxJh1/w5dKosrU=,46T1+N2c9+Rggctf5UNj+6tRW74=
-55,-7,7eC6yznFpnvxiKxJh1/w5dKosrU=,WbN3Gjyc35dP2tiAic0CezLukEQ=
-54,-7,7eC6yznFpnvxiKxJh1/w5dKosrU=,WbN3Gjyc35dP2tiAic0CezLukEQ=
-55,-8,7eC6yznFpnvxiKxJh1/w5dKosrU=,WbN3Gjyc35dP2tiAic0CezLukEQ=
-54,-8,7eC6yznFpnvxiKxJh1/w5dKosrU=,WbN3Gjyc35dP2tiAic0CezLukEQ=
-55,-6,7eC6yznFpnvxiKxJh1/w5dKosrU=,WbN3Gjyc35dP2tiAic0CezLukEQ=
-54,-6,7eC6yznFpnvxiKxJh1/w5dKosrU=,WbN3Gjyc35dP2tiAic0CezLukEQ=
-51,-13,7eC6yznFpnvxiKxJh1/w5dKosrU=,My6/WxQf74TWuR3SnIewZjHlvIw=
-50,-12,7eC6yznFpnvxiKxJh1/w5dKosrU=,46T1+N2c9+Rggctf5UNj+6tRW74=
-51,-12,7eC6yznFpnvxiKxJh1/w5dKosrU=,46T1+N2c9+Rggctf5UNj+6tRW74=
-50,-15,7eC6yznFpnvxiKxJh1/w5dKosrU=,My6/WxQf74TWuR3SnIewZjHlvIw=
-50,-13,7eC6yznFpnvxiKxJh1/w5dKosrU=,My6/WxQf74TWuR3SnIewZjHlvIw=
-55,-5,7eC6yznFpnvxiKxJh1/w5dKosrU=,WbN3Gjyc35dP2tiAic0CezLukEQ=
-54,-5,7eC6yznFpnvxiKxJh1/w5dKosrU=,WbN3Gjyc35dP2tiAic0CezLukEQ=
-51,-14,7eC6yznFpnvxiKxJh1/w5dKosrU=,My6/WxQf74TWuR3SnIewZjHlvIw=
-51,-15,7eC6yznFpnvxiKxJh1/w5dKosrU=,My6/WxQf74TWuR3SnIewZjHlvIw=
-51,-16,7eC6yznFpnvxiKxJh1/w5dKosrU=,My6/WxQf74TWuR3SnIewZjHlvIw=
-59,-16,7eC6yznFpnvxiKxJh1/w5dKosrU=,3atClgmWWhmflq0iufDgJkXvyo8=
-58,-16,7eC6yznFpnvxiKxJh1/w5dKosrU=,3atClgmWWhmflq0iufDgJkXvyo8=
-50,-14,7eC6yznFpnvxiKxJh1/w5dKosrU=,My6/WxQf74TWuR3SnIewZjHlvIw=
-50,-16,7eC6yznFpnvxiKxJh1/w5dKosrU=,My6/WxQf74TWuR3SnIewZjHlvIw=
-49,-11,7eC6yznFpnvxiKxJh1/w5dKosrU=,46T1+N2c9+Rggctf5UNj+6tRW74=
-49,-10,7eC6yznFpnvxiKxJh1/w5dKosrU=,46T1+N2c9+Rggctf5UNj+6tRW74=
-49,-15,7eC6yznFpnvxiKxJh1/w5dKosrU=,My6/WxQf74TWuR3SnIewZjHlvIw=
-49,-13,7eC6yznFpnvxiKxJh1/w5dKosrU=,My6/WxQf74TWuR3SnIewZjHlvIw=
-49,-12,7eC6yznFpnvxiKxJh1/w5dKosrU=,46T1+N2c9+Rggctf5UNj+6tRW74=
-49,-14,7eC6yznFpnvxiKxJh1/w5dKosrU=,My6/WxQf74TWuR3SnIewZjHlvIw=
-61,-9,7eC6yznFpnvxiKxJh1/w5dKosrU=,2p1Vm6ahp1dp3ZffNyr+sKuF+K0=
-56,-7,7eC6yznFpnvxiKxJh1/w5dKosrU=,WbN3Gjyc35dP2tiAic0CezLukEQ=
-60,-9,7eC6yznFpnvxiKxJh1/w5dKosrU=,MQT5acmvpdXso6P8xVrQ1H8QCss=
-59,-9,7eC6yznFpnvxiKxJh1/w5dKosrU=,MQT5acmvpdXso6P8xVrQ1H8QCss=
-58,-9,7eC6yznFpnvxiKxJh1/w5dKosrU=,MQT5acmvpdXso6P8xVrQ1H8QCss=
-57,-9,7eC6yznFpnvxiKxJh1/w5dKosrU=,MQT5acmvpdXso6P8xVrQ1H8QCss=
-56,-8,7eC6yznFpnvxiKxJh1/w5dKosrU=,WbN3Gjyc35dP2tiAic0CezLukEQ=
-61,-8,7eC6yznFpnvxiKxJh1/w5dKosrU=,05t/CqUP+cErjYuYa2QZzAKVzxg=
-56,-6,7eC6yznFpnvxiKxJh1/w5dKosrU=,WbN3Gjyc35dP2tiAic0CezLukEQ=
-61,-7,7eC6yznFpnvxiKxJh1/w5dKosrU=,05t/CqUP+cErjYuYa2QZzAKVzxg=
-61,-6,7eC6yznFpnvxiKxJh1/w5dKosrU=,05t/CqUP+cErjYuYa2QZzAKVzxg=
-56,-5,7eC6yznFpnvxiKxJh1/w5dKosrU=,WbN3Gjyc35dP2tiAic0CezLukEQ=
-52,-15,7eC6yznFpnvxiKxJh1/w5dKosrU=,My6/WxQf74TWuR3SnIewZjHlvIw=
-49,-16,7eC6yznFpnvxiKxJh1/w5dKosrU=,My6/WxQf74TWuR3SnIewZjHlvIw=
-60,-16,7eC6yznFpnvxiKxJh1/w5dKosrU=,3atClgmWWhmflq0iufDgJkXvyo8=
-63,-16,7eC6yznFpnvxiKxJh1/w5dKosrU=,JtWlZuK6IgU44drCwUGOu4ZovLE=
-62,-16,7eC6yznFpnvxiKxJh1/w5dKosrU=,JtWlZuK6IgU44drCwUGOu4ZovLE=
-61,-16,7eC6yznFpnvxiKxJh1/w5dKosrU=,JtWlZuK6IgU44drCwUGOu4ZovLE=
-64,-7,7eC6yznFpnvxiKxJh1/w5dKosrU=,05t/CqUP+cErjYuYa2QZzAKVzxg=
-64,-6,7eC6yznFpnvxiKxJh1/w5dKosrU=,05t/CqUP+cErjYuYa2QZzAKVzxg=
-64,-9,7eC6yznFpnvxiKxJh1/w5dKosrU=,2p1Vm6ahp1dp3ZffNyr+sKuF+K0=
-64,-11,7eC6yznFpnvxiKxJh1/w5dKosrU=,2p1Vm6ahp1dp3ZffNyr+sKuF+K0=
-64,-8,7eC6yznFpnvxiKxJh1/w5dKosrU=,05t/CqUP+cErjYuYa2QZzAKVzxg=
-64,-10,7eC6yznFpnvxiKxJh1/w5dKosrU=,2p1Vm6ahp1dp3ZffNyr+sKuF+K0=
-64,-15,7eC6yznFpnvxiKxJh1/w5dKosrU=,JtWlZuK6IgU44drCwUGOu4ZovLE=
-64,-14,7eC6yznFpnvxiKxJh1/w5dKosrU=,JtWlZuK6IgU44drCwUGOu4ZovLE=
-64,-13,7eC6yznFpnvxiKxJh1/w5dKosrU=,JtWlZuK6IgU44drCwUGOu4ZovLE=
-64,-12,7eC6yznFpnvxiKxJh1/w5dKosrU=,2p1Vm6ahp1dp3ZffNyr+sKuF+K0=
-64,-16,7eC6yznFpnvxiKxJh1/w5dKosrU=,JtWlZuK6IgU44drCwUGOu4ZovLE=
-63,-5,7eC6yznFpnvxiKxJh1/w5dKosrU=,05t/CqUP+cErjYuYa2QZzAKVzxg=
-62,-5,7eC6yznFpnvxiKxJh1/w5dKosrU=,05t/CqUP+cErjYuYa2QZzAKVzxg=
-61,-5,7eC6yznFpnvxiKxJh1/w5dKosrU=,05t/CqUP+cErjYuYa2QZzAKVzxg=
-52,-13,7eC6yznFpnvxiKxJh1/w5dKosrU=,My6/WxQf74TWuR3SnIewZjHlvIw=
-64,-5,7eC6yznFpnvxiKxJh1/w5dKosrU=,05t/CqUP+cErjYuYa2QZzAKVzxg=
-56,-13,7eC6yznFpnvxiKxJh1/w5dKosrU=,g+IQyu6cxgJcJ5cCW7PBiXNEtyk=
-57,-12,7eC6yznFpnvxiKxJh1/w5dKosrU=,MQT5acmvpdXso6P8xVrQ1H8QCss=
-55,-13,7eC6yznFpnvxiKxJh1/w5dKosrU=,g+IQyu6cxgJcJ5cCW7PBiXNEtyk=
-56,-15,7eC6yznFpnvxiKxJh1/w5dKosrU=,g+IQyu6cxgJcJ5cCW7PBiXNEtyk=
-54,-13,7eC6yznFpnvxiKxJh1/w5dKosrU=,g+IQyu6cxgJcJ5cCW7PBiXNEtyk=
-55,-15,7eC6yznFpnvxiKxJh1/w5dKosrU=,g+IQyu6cxgJcJ5cCW7PBiXNEtyk=
-52,-16,7eC6yznFpnvxiKxJh1/w5dKosrU=,My6/WxQf74TWuR3SnIewZjHlvIw=
-53,-14,7eC6yznFpnvxiKxJh1/w5dKosrU=,g+IQyu6cxgJcJ5cCW7PBiXNEtyk=
-57,-14,7eC6yznFpnvxiKxJh1/w5dKosrU=,3atClgmWWhmflq0iufDgJkXvyo8=
-54,-15,7eC6yznFpnvxiKxJh1/w5dKosrU=,g+IQyu6cxgJcJ5cCW7PBiXNEtyk=
-53,-13,7eC6yznFpnvxiKxJh1/w5dKosrU=,g+IQyu6cxgJcJ5cCW7PBiXNEtyk=
-53,-15,7eC6yznFpnvxiKxJh1/w5dKosrU=,g+IQyu6cxgJcJ5cCW7PBiXNEtyk=
-56,-16,7eC6yznFpnvxiKxJh1/w5dKosrU=,g+IQyu6cxgJcJ5cCW7PBiXNEtyk=
-53,-16,7eC6yznFpnvxiKxJh1/w5dKosrU=,g+IQyu6cxgJcJ5cCW7PBiXNEtyk=
-54,-16,7eC6yznFpnvxiKxJh1/w5dKosrU=,g+IQyu6cxgJcJ5cCW7PBiXNEtyk=
-57,-15,7eC6yznFpnvxiKxJh1/w5dKosrU=,3atClgmWWhmflq0iufDgJkXvyo8=
-57,-16,7eC6yznFpnvxiKxJh1/w5dKosrU=,3atClgmWWhmflq0iufDgJkXvyo8=
-56,-14,7eC6yznFpnvxiKxJh1/w5dKosrU=,g+IQyu6cxgJcJ5cCW7PBiXNEtyk=
-57,-13,7eC6yznFpnvxiKxJh1/w5dKosrU=,3atClgmWWhmflq0iufDgJkXvyo8=
-55,-16,7eC6yznFpnvxiKxJh1/w5dKosrU=,g+IQyu6cxgJcJ5cCW7PBiXNEtyk=
-52,-12,7eC6yznFpnvxiKxJh1/w5dKosrU=,46T1+N2c9+Rggctf5UNj+6tRW74=
-54,-14,7eC6yznFpnvxiKxJh1/w5dKosrU=,g+IQyu6cxgJcJ5cCW7PBiXNEtyk=
-52,-14,7eC6yznFpnvxiKxJh1/w5dKosrU=,My6/WxQf74TWuR3SnIewZjHlvIw=
-55,-14,7eC6yznFpnvxiKxJh1/w5dKosrU=,g+IQyu6cxgJcJ5cCW7PBiXNEtyk=
-49,-6,7eC6yznFpnvxiKxJh1/w5dKosrU=,gzRkAD+2j1BVTKnG8CSNy8sFcM4=
-53,-8,7eC6yznFpnvxiKxJh1/w5dKosrU=,WbN3Gjyc35dP2tiAic0CezLukEQ=
-49,-5,7eC6yznFpnvxiKxJh1/w5dKosrU=,gzRkAD+2j1BVTKnG8CSNy8sFcM4=
-51,-6,7eC6yznFpnvxiKxJh1/w5dKosrU=,gzRkAD+2j1BVTKnG8CSNy8sFcM4=
-53,-6,7eC6yznFpnvxiKxJh1/w5dKosrU=,WbN3Gjyc35dP2tiAic0CezLukEQ=
-50,-3,7eC6yznFpnvxiKxJh1/w5dKosrU=,wp+Vzb2W2SoLe9Q5sqXrfgJ1a2E=
-52,-2,7eC6yznFpnvxiKxJh1/w5dKosrU=,wp+Vzb2W2SoLe9Q5sqXrfgJ1a2E=
-52,-1,7eC6yznFpnvxiKxJh1/w5dKosrU=,wp+Vzb2W2SoLe9Q5sqXrfgJ1a2E=
-52,-3,7eC6yznFpnvxiKxJh1/w5dKosrU=,wp+Vzb2W2SoLe9Q5sqXrfgJ1a2E=
-51,-1,7eC6yznFpnvxiKxJh1/w5dKosrU=,wp+Vzb2W2SoLe9Q5sqXrfgJ1a2E=
-52,-6,7eC6yznFpnvxiKxJh1/w5dKosrU=,gzRkAD+2j1BVTKnG8CSNy8sFcM4=
-53,-7,7eC6yznFpnvxiKxJh1/w5dKosrU=,WbN3Gjyc35dP2tiAic0CezLukEQ=
-49,-1,7eC6yznFpnvxiKxJh1/w5dKosrU=,wp+Vzb2W2SoLe9Q5sqXrfgJ1a2E=
-49,-2,7eC6yznFpnvxiKxJh1/w5dKosrU=,wp+Vzb2W2SoLe9Q5sqXrfgJ1a2E=
-49,-7,7eC6yznFpnvxiKxJh1/w5dKosrU=,gzRkAD+2j1BVTKnG8CSNy8sFcM4=
-53,-5,7eC6yznFpnvxiKxJh1/w5dKosrU=,WbN3Gjyc35dP2tiAic0CezLukEQ=
-49,-4,7eC6yznFpnvxiKxJh1/w5dKosrU=,wp+Vzb2W2SoLe9Q5sqXrfgJ1a2E=
-50,-5,7eC6yznFpnvxiKxJh1/w5dKosrU=,gzRkAD+2j1BVTKnG8CSNy8sFcM4=
-49,-3,7eC6yznFpnvxiKxJh1/w5dKosrU=,wp+Vzb2W2SoLe9Q5sqXrfgJ1a2E=
-50,-7,7eC6yznFpnvxiKxJh1/w5dKosrU=,gzRkAD+2j1BVTKnG8CSNy8sFcM4=
-51,-2,7eC6yznFpnvxiKxJh1/w5dKosrU=,wp+Vzb2W2SoLe9Q5sqXrfgJ1a2E=
-49,-8,7eC6yznFpnvxiKxJh1/w5dKosrU=,gzRkAD+2j1BVTKnG8CSNy8sFcM4=
-49,-9,7eC6yznFpnvxiKxJh1/w5dKosrU=,46T1+N2c9+Rggctf5UNj+6tRW74=
-50,-2,7eC6yznFpnvxiKxJh1/w5dKosrU=,wp+Vzb2W2SoLe9Q5sqXrfgJ1a2E=
-51,-5,7eC6yznFpnvxiKxJh1/w5dKosrU=,gzRkAD+2j1BVTKnG8CSNy8sFcM4=
-52,-7,7eC6yznFpnvxiKxJh1/w5dKosrU=,gzRkAD+2j1BVTKnG8CSNy8sFcM4=
-50,-6,7eC6yznFpnvxiKxJh1/w5dKosrU=,gzRkAD+2j1BVTKnG8CSNy8sFcM4=
-50,-9,7eC6yznFpnvxiKxJh1/w5dKosrU=,46T1+N2c9+Rggctf5UNj+6tRW74=
-50,-4,7eC6yznFpnvxiKxJh1/w5dKosrU=,wp+Vzb2W2SoLe9Q5sqXrfgJ1a2E=
-52,-9,7eC6yznFpnvxiKxJh1/w5dKosrU=,46T1+N2c9+Rggctf5UNj+6tRW74=
-51,-7,7eC6yznFpnvxiKxJh1/w5dKosrU=,gzRkAD+2j1BVTKnG8CSNy8sFcM4=
-52,-4,7eC6yznFpnvxiKxJh1/w5dKosrU=,wp+Vzb2W2SoLe9Q5sqXrfgJ1a2E=
-52,-8,7eC6yznFpnvxiKxJh1/w5dKosrU=,gzRkAD+2j1BVTKnG8CSNy8sFcM4=
-52,-5,7eC6yznFpnvxiKxJh1/w5dKosrU=,gzRkAD+2j1BVTKnG8CSNy8sFcM4=
-50,-8,7eC6yznFpnvxiKxJh1/w5dKosrU=,gzRkAD+2j1BVTKnG8CSNy8sFcM4=
-51,-9,7eC6yznFpnvxiKxJh1/w5dKosrU=,46T1+N2c9+Rggctf5UNj+6tRW74=
-50,-1,7eC6yznFpnvxiKxJh1/w5dKosrU=,wp+Vzb2W2SoLe9Q5sqXrfgJ1a2E=
-51,-4,7eC6yznFpnvxiKxJh1/w5dKosrU=,wp+Vzb2W2SoLe9Q5sqXrfgJ1a2E=
-51,-3,7eC6yznFpnvxiKxJh1/w5dKosrU=,wp+Vzb2W2SoLe9Q5sqXrfgJ1a2E=
-51,-8,7eC6yznFpnvxiKxJh1/w5dKosrU=,gzRkAD+2j1BVTKnG8CSNy8sFcM4=
