-27,5,xL6nVswoZN849lTFPm40E3+rmWw=,F2G+8r5UTWjKAJQkExV126m5J0k=
-26,4,xL6nVswoZN849lTFPm40E3+rmWw=,F2G+8r5UTWjKAJQkExV126m5J0k=
-30,2,xL6nVswoZN849lTFPm40E3+rmWw=,F2G+8r5UTWjKAJQkExV126m5J0k=
-28,5,xL6nVswoZN849lTFPm40E3+rmWw=,F2G+8r5UTWjKAJQkExV126m5J0k=
-29,5,5/vh4oileyZILS2fGBE3rXn5/Iw=,F2G+8r5UTWjKAJQkExV126m5J0k=
-27,4,d5VHXaU35Sg43XGzgitWOkP+g/A=,F2G+8r5UTWjKAJQkExV126m5J0k=
-30,5,d5VHXaU35Sg43XGzgitWOkP+g/A=,F2G+8r5UTWjKAJQkExV126m5J0k=
-26,6,+2jzyY8O4eb2x5osXBzuHUtmScc=,F2G+8r5UTWjKAJQkExV126m5J0k=
-28,4,+2jzyY8O4eb2x5osXBzuHUtmScc=,F2G+8r5UTWjKAJQkExV126m5J0k=
-31,5,+2jzyY8O4eb2x5osXBzuHUtmScc=,F2G+8r5UTWjKAJQkExV126m5J0k=
-31,2,cKyIjAO1g+AAWE8KExoV/+l2X98=,F2G+8r5UTWjKAJQkExV126m5J0k=
-31,1,cKyIjAO1g+AAWE8KExoV/+l2X98=,F2G+8r5UTWjKAJQkExV126m5J0k=
-28,1,cKyIjAO1g+AAWE8KExoV/+l2X98=,F2G+8r5UTWjKAJQkExV126m5J0k=
-26,1,cKyIjAO1g+AAWE8KExoV/+l2X98=,F2G+8r5UTWjKAJQkExV126m5J0k=
-27,6,cKyIjAO1g+AAWE8KExoV/+l2X98=,F2G+8r5UTWjKAJQkExV126m5J0k=
-29,4,cKyIjAO1g+AAWE8KExoV/+l2X98=,F2G+8r5UTWjKAJQkExV126m5J0k=
-28,6,cKyIjAO1g+AAWE8KExoV/+l2X98=,F2G+8r5UTWjKAJQkExV126m5J0k=
-27,1,cKyIjAO1g+AAWE8KExoV/+l2X98=,F2G+8r5UTWjKAJQkExV126m5J0k=
-26,3,cKyIjAO1g+AAWE8KExoV/+l2X98=,F2G+8r5UTWjKAJQkExV126m5J0k=
-30,1,cKyIjAO1g+AAWE8KExoV/+l2X98=,F2G+8r5UTWjKAJQkExV126m5J0k=
-28,3,cKyIjAO1g+AAWE8KExoV/+l2X98=,F2G+8r5UTWjKAJQkExV126m5J0k=
-29,3,cKyIjAO1g+AAWE8KExoV/+l2X98=,F2G+8r5UTWjKAJQkExV126m5J0k=
-30,3,cKyIjAO1g+AAWE8KExoV/+l2X98=,F2G+8r5UTWjKAJQkExV126m5J0k=
-27,3,cKyIjAO1g+AAWE8KExoV/+l2X98=,F2G+8r5UTWjKAJQkExV126m5J0k=
-30,4,cKyIjAO1g+AAWE8KExoV/+l2X98=,F2G+8r5UTWjKAJQkExV126m5J0k=
-29,6,cKyIjAO1g+AAWE8KExoV/+l2X98=,F2G+8r5UTWjKAJQkExV126m5J0k=
-31,3,cKyIjAO1g+AAWE8KExoV/+l2X98=,F2G+8r5UTWjKAJQkExV126m5J0k=
-29,1,cKyIjAO1g+AAWE8KExoV/+l2X98=,F2G+8r5UTWjKAJQkExV126m5J0k=
-27,2,cKyIjAO1g+AAWE8KExoV/+l2X98=,F2G+8r5UTWjKAJQkExV126m5J0k=
-31,4,cKyIjAO1g+AAWE8KExoV/+l2X98=,F2G+8r5UTWjKAJQkExV126m5J0k=
-26,2,cKyIjAO1g+AAWE8KExoV/+l2X98=,F2G+8r5UTWjKAJQkExV126m5J0k=
-31,6,cKyIjAO1g+AAWE8KExoV/+l2X98=,F2G+8r5UTWjKAJQkExV126m5J0k=
-28,2,cKyIjAO1g+AAWE8KExoV/+l2X98=,F2G+8r5UTWjKAJQkExV126m5J0k=
-30,6,cKyIjAO1g+AAWE8KExoV/+l2X98=,F2G+8r5UTWjKAJQkExV126m5J0k=
-29,2,cKyIjAO1g+AAWE8KExoV/+l2X98=,F2G+8r5UTWjKAJQkExV126m5J0k=
-26,5,cKyIjAO1g+AAWE8KExoV/+l2X98=,F2G+8r5UTWjKAJQkExV126m5J0k=
-28,7,cKyIjAO1g+AAWE8KExoV/+l2X98=,F2G+8r5UTWjKAJQkExV126m5J0k=
-27,7,cKyIjAO1g+AAWE8KExoV/+l2X98=,F2G+8r5UTWjKAJQkExV126m5J0k=
-30,13,cKyIjAO1g+AAWE8KExoV/+l2X98=,Gtq3vz+YvbsBBJubs1mJzDZ3Q7M=
-31,13,cKyIjAO1g+AAWE8KExoV/+l2X98=,Gtq3vz+YvbsBBJubs1mJzDZ3Q7M=
-29,7,cKyIjAO1g+AAWE8KExoV/+l2X98=,F2G+8r5UTWjKAJQkExV126m5J0k=
-29,13,cKyIjAO1g+AAWE8KExoV/+l2X98=,Gtq3vz+YvbsBBJubs1mJzDZ3Q7M=
-26,7,cKyIjAO1g+AAWE8KExoV/+l2X98=,F2G+8r5UTWjKAJQkExV126m5J0k=
-30,7,cKyIjAO1g+AAWE8KExoV/+l2X98=,F2G+8r5UTWjKAJQkExV126m5J0k=
-32,13,cKyIjAO1g+AAWE8KExoV/+l2X98=,Gtq3vz+YvbsBBJubs1mJzDZ3Q7M=
-31,7,cKyIjAO1g+AAWE8KExoV/+l2X98=,F2G+8r5UTWjKAJQkExV126m5J0k=
-28,13,cKyIjAO1g+AAWE8KExoV/+l2X98=,Gtq3vz+YvbsBBJubs1mJzDZ3Q7M=
-26,12,cKyIjAO1g+AAWE8KExoV/+l2X98=,Gtq3vz+YvbsBBJubs1mJzDZ3Q7M=
-27,13,cKyIjAO1g+AAWE8KExoV/+l2X98=,Gtq3vz+YvbsBBJubs1mJzDZ3Q7M=
-27,12,cKyIjAO1g+AAWE8KExoV/+l2X98=,Gtq3vz+YvbsBBJubs1mJzDZ3Q7M=
-26,13,cKyIjAO1g+AAWE8KExoV/+l2X98=,Gtq3vz+YvbsBBJubs1mJzDZ3Q7M=
-32,14,cKyIjAO1g+AAWE8KExoV/+l2X98=,Gtq3vz+YvbsBBJubs1mJzDZ3Q7M=
-28,12,cKyIjAO1g+AAWE8KExoV/+l2X98=,Gtq3vz+YvbsBBJubs1mJzDZ3Q7M=
-30,12,cKyIjAO1g+AAWE8KExoV/+l2X98=,Gtq3vz+YvbsBBJubs1mJzDZ3Q7M=
-31,14,cKyIjAO1g+AAWE8KExoV/+l2X98=,Gtq3vz+YvbsBBJubs1mJzDZ3Q7M=
-29,12,cKyIjAO1g+AAWE8KExoV/+l2X98=,Gtq3vz+YvbsBBJubs1mJzDZ3Q7M=
-30,14,cKyIjAO1g+AAWE8KExoV/+l2X98=,Gtq3vz+YvbsBBJubs1mJzDZ3Q7M=
-31,12,cKyIjAO1g+AAWE8KExoV/+l2X98=,Gtq3vz+YvbsBBJubs1mJzDZ3Q7M=
-31,8,cKyIjAO1g+AAWE8KExoV/+l2X98=,Gtq3vz+YvbsBBJubs1mJzDZ3Q7M=
-32,12,cKyIjAO1g+AAWE8KExoV/+l2X98=,Gtq3vz+YvbsBBJubs1mJzDZ3Q7M=
-30,8,cKyIjAO1g+AAWE8KExoV/+l2X98=,Gtq3vz+YvbsBBJubs1mJzDZ3Q7M=
-29,8,cKyIjAO1g+AAWE8KExoV/+l2X98=,Gtq3vz+YvbsBBJubs1mJzDZ3Q7M=
-27,11,cKyIjAO1g+AAWE8KExoV/+l2X98=,Gtq3vz+YvbsBBJubs1mJzDZ3Q7M=
-28,8,cKyIjAO1g+AAWE8KExoV/+l2X98=,Gtq3vz+YvbsBBJubs1mJzDZ3Q7M=
-26,11,cKyIjAO1g+AAWE8KExoV/+l2X98=,Gtq3vz+YvbsBBJubs1mJzDZ3Q7M=
-27,8,cKyIjAO1g+AAWE8KExoV/+l2X98=,Gtq3vz+YvbsBBJubs1mJzDZ3Q7M=
-28,11,cKyIjAO1g+AAWE8KExoV/+l2X98=,Gtq3vz+YvbsBBJubs1mJzDZ3Q7M=
-26,8,cKyIjAO1g+AAWE8KExoV/+l2X98=,Gtq3vz+YvbsBBJubs1mJzDZ3Q7M=
-32,9,cKyIjAO1g+AAWE8KExoV/+l2X98=,Gtq3vz+YvbsBBJubs1mJzDZ3Q7M=
-31,9,cKyIjAO1g+AAWE8KExoV/+l2X98=,Gtq3vz+YvbsBBJubs1mJzDZ3Q7M=
-29,11,cKyIjAO1g+AAWE8KExoV/+l2X98=,Gtq3vz+YvbsBBJubs1mJzDZ3Q7M=
-29,14,cKyIjAO1g+AAWE8KExoV/+l2X98=,Gtq3vz+YvbsBBJubs1mJzDZ3Q7M=
-30,11,cKyIjAO1g+AAWE8KExoV/+l2X98=,Gtq3vz+YvbsBBJubs1mJzDZ3Q7M=
-28,14,cKyIjAO1g+AAWE8KExoV/+l2X98=,Gtq3vz+YvbsBBJubs1mJzDZ3Q7M=
-31,11,cKyIjAO1g+AAWE8KExoV/+l2X98=,Gtq3vz+YvbsBBJubs1mJzDZ3Q7M=
-32,11,cKyIjAO1g+AAWE8KExoV/+l2X98=,Gtq3vz+YvbsBBJubs1mJzDZ3Q7M=
-30,9,cKyIjAO1g+AAWE8KExoV/+l2X98=,Gtq3vz+YvbsBBJubs1mJzDZ3Q7M=
-26,10,cKyIjAO1g+AAWE8KExoV/+l2X98=,Gtq3vz+YvbsBBJubs1mJzDZ3Q7M=
-27,10,cKyIjAO1g+AAWE8KExoV/+l2X98=,Gtq3vz+YvbsBBJubs1mJzDZ3Q7M=
-29,9,cKyIjAO1g+AAWE8KExoV/+l2X98=,Gtq3vz+YvbsBBJubs1mJzDZ3Q7M=
-29,10,cKyIjAO1g+AAWE8KExoV/+l2X98=,Gtq3vz+YvbsBBJubs1mJzDZ3Q7M=
-30,10,cKyIjAO1g+AAWE8KExoV/+l2X98=,Gtq3vz+YvbsBBJubs1mJzDZ3Q7M=
-31,10,cKyIjAO1g+AAWE8KExoV/+l2X98=,Gtq3vz+YvbsBBJubs1mJzDZ3Q7M=
-26,14,cKyIjAO1g+AAWE8KExoV/+l2X98=,Gtq3vz+YvbsBBJubs1mJzDZ3Q7M=
-32,10,cKyIjAO1g+AAWE8KExoV/+l2X98=,Gtq3vz+YvbsBBJubs1mJzDZ3Q7M=
-27,14,cKyIjAO1g+AAWE8KExoV/+l2X98=,Gtq3vz+YvbsBBJubs1mJzDZ3Q7M=
-26,9,cKyIjAO1g+AAWE8KExoV/+l2X98=,Gtq3vz+YvbsBBJubs1mJzDZ3Q7M=
-27,9,cKyIjAO1g+AAWE8KExoV/+l2X98=,Gtq3vz+YvbsBBJubs1mJzDZ3Q7M=
-28,9,cKyIjAO1g+AAWE8KExoV/+l2X98=,Gtq3vz+YvbsBBJubs1mJzDZ3Q7M=
-28,10,cKyIjAO1g+AAWE8KExoV/+l2X98=,Gtq3vz+YvbsBBJubs1mJzDZ3Q7M=
-31,15,cKyIjAO1g+AAWE8KExoV/+l2X98=,Gtq3vz+YvbsBBJubs1mJzDZ3Q7M=
-30,15,cKyIjAO1g+AAWE8KExoV/+l2X98=,Gtq3vz+YvbsBBJubs1mJzDZ3Q7M=
-29,15,cKyIjAO1g+AAWE8KExoV/+l2X98=,Gtq3vz+YvbsBBJubs1mJzDZ3Q7M=
-28,15,cKyIjAO1g+AAWE8KExoV/+l2X98=,Gtq3vz+YvbsBBJubs1mJzDZ3Q7M=
-27,15,cKyIjAO1g+AAWE8KExoV/+l2X98=,Gtq3vz+YvbsBBJubs1mJzDZ3Q7M=
-26,15,cKyIjAO1g+AAWE8KExoV/+l2X98=,Gtq3vz+YvbsBBJubs1mJzDZ3Q7M=
-27,0,cKyIjAO1g+AAWE8KExoV/+l2X98=,F2G+8r5UTWjKAJQkExV126m5J0k=
-28,0,cKyIjAO1g+AAWE8KExoV/+l2X98=,F2G+8r5UTWjKAJQkExV126m5J0k=
-31,0,cKyIjAO1g+AAWE8KExoV/+l2X98=,F2G+8r5UTWjKAJQkExV126m5J0k=
-26,0,cKyIjAO1g+AAWE8KExoV/+l2X98=,F2G+8r5UTWjKAJQkExV126m5J0k=
-29,0,cKyIjAO1g+AAWE8KExoV/+l2X98=,F2G+8r5UTWjKAJQkExV126m5J0k=
-30,0,cKyIjAO1g+AAWE8KExoV/+l2X98=,F2G+8r5UTWjKAJQkExV126m5J0k=
-32,6,cKyIjAO1g+AAWE8KExoV/+l2X98=,F2G+8r5UTWjKAJQkExV126m5J0k=
-32,0,cKyIjAO1g+AAWE8KExoV/+l2X98=,F2G+8r5UTWjKAJQkExV126m5J0k=
-32,2,cKyIjAO1g+AAWE8KExoV/+l2X98=,F2G+8r5UTWjKAJQkExV126m5J0k=
-32,1,cKyIjAO1g+AAWE8KExoV/+l2X98=,F2G+8r5UTWjKAJQkExV126m5J0k=
-32,7,cKyIjAO1g+AAWE8KExoV/+l2X98=,F2G+8r5UTWjKAJQkExV126m5J0k=
-32,8,cKyIjAO1g+AAWE8KExoV/+l2X98=,Gtq3vz+YvbsBBJubs1mJzDZ3Q7M=
-32,3,cKyIjAO1g+AAWE8KExoV/+l2X98=,F2G+8r5UTWjKAJQkExV126m5J0k=
-32,5,cKyIjAO1g+AAWE8KExoV/+l2X98=,F2G+8r5UTWjKAJQkExV126m5J0k=
-32,4,cKyIjAO1g+AAWE8KExoV/+l2X98=,F2G+8r5UTWjKAJQkExV126m5J0k=
-32,15,cKyIjAO1g+AAWE8KExoV/+l2X98=,Gtq3vz+YvbsBBJubs1mJzDZ3Q7M=
-20,11,cKyIjAO1g+AAWE8KExoV/+l2X98=,KX9FDZsmnyI6xdDCJ0bLZyBlFvE=
-19,11,cKyIjAO1g+AAWE8KExoV/+l2X98=,KX9FDZsmnyI6xdDCJ0bLZyBlFvE=
-18,11,cKyIjAO1g+AAWE8KExoV/+l2X98=,KX9FDZsmnyI6xdDCJ0bLZyBlFvE=
-17,11,cKyIjAO1g+AAWE8KExoV/+l2X98=,KX9FDZsmnyI6xdDCJ0bLZyBlFvE=
-17,15,cKyIjAO1g+AAWE8KExoV/+l2X98=,KX9FDZsmnyI6xdDCJ0bLZyBlFvE=
-24,12,cKyIjAO1g+AAWE8KExoV/+l2X98=,KX9FDZsmnyI6xdDCJ0bLZyBlFvE=
-18,15,cKyIjAO1g+AAWE8KExoV/+l2X98=,KX9FDZsmnyI6xdDCJ0bLZyBlFvE=
-23,12,cKyIjAO1g+AAWE8KExoV/+l2X98=,KX9FDZsmnyI6xdDCJ0bLZyBlFvE=
-21,11,cKyIjAO1g+AAWE8KExoV/+l2X98=,KX9FDZsmnyI6xdDCJ0bLZyBlFvE=
-22,12,cKyIjAO1g+AAWE8KExoV/+l2X98=,KX9FDZsmnyI6xdDCJ0bLZyBlFvE=
-25,13,cKyIjAO1g+AAWE8KExoV/+l2X98=,Gtq3vz+YvbsBBJubs1mJzDZ3Q7M=
-21,12,cKyIjAO1g+AAWE8KExoV/+l2X98=,KX9FDZsmnyI6xdDCJ0bLZyBlFvE=
-20,12,cKyIjAO1g+AAWE8KExoV/+l2X98=,KX9FDZsmnyI6xdDCJ0bLZyBlFvE=
-19,12,cKyIjAO1g+AAWE8KExoV/+l2X98=,KX9FDZsmnyI6xdDCJ0bLZyBlFvE=
-19,15,cKyIjAO1g+AAWE8KExoV/+l2X98=,KX9FDZsmnyI6xdDCJ0bLZyBlFvE=
-22,11,cKyIjAO1g+AAWE8KExoV/+l2X98=,KX9FDZsmnyI6xdDCJ0bLZyBlFvE=
-18,12,cKyIjAO1g+AAWE8KExoV/+l2X98=,KX9FDZsmnyI6xdDCJ0bLZyBlFvE=
-20,15,cKyIjAO1g+AAWE8KExoV/+l2X98=,KX9FDZsmnyI6xdDCJ0bLZyBlFvE=
-21,15,cKyIjAO1g+AAWE8KExoV/+l2X98=,KX9FDZsmnyI6xdDCJ0bLZyBlFvE=
-25,9,cKyIjAO1g+AAWE8KExoV/+l2X98=,Gtq3vz+YvbsBBJubs1mJzDZ3Q7M=
-24,11,cKyIjAO1g+AAWE8KExoV/+l2X98=,KX9FDZsmnyI6xdDCJ0bLZyBlFvE=
-17,10,cKyIjAO1g+AAWE8KExoV/+l2X98=,KX9FDZsmnyI6xdDCJ0bLZyBlFvE=
-23,11,cKyIjAO1g+AAWE8KExoV/+l2X98=,KX9FDZsmnyI6xdDCJ0bLZyBlFvE=
-17,12,cKyIjAO1g+AAWE8KExoV/+l2X98=,KX9FDZsmnyI6xdDCJ0bLZyBlFvE=
-24,13,cKyIjAO1g+AAWE8KExoV/+l2X98=,KX9FDZsmnyI6xdDCJ0bLZyBlFvE=
-25,12,cKyIjAO1g+AAWE8KExoV/+l2X98=,Gtq3vz+YvbsBBJubs1mJzDZ3Q7M=
-23,13,cKyIjAO1g+AAWE8KExoV/+l2X98=,KX9FDZsmnyI6xdDCJ0bLZyBlFvE=
-18,10,cKyIjAO1g+AAWE8KExoV/+l2X98=,KX9FDZsmnyI6xdDCJ0bLZyBlFvE=
-19,10,cKyIjAO1g+AAWE8KExoV/+l2X98=,KX9FDZsmnyI6xdDCJ0bLZyBlFvE=
-22,15,cKyIjAO1g+AAWE8KExoV/+l2X98=,KX9FDZsmnyI6xdDCJ0bLZyBlFvE=
-22,13,cKyIjAO1g+AAWE8KExoV/+l2X98=,KX9FDZsmnyI6xdDCJ0bLZyBlFvE=
-21,13,cKyIjAO1g+AAWE8KExoV/+l2X98=,KX9FDZsmnyI6xdDCJ0bLZyBlFvE=
-21,10,cKyIjAO1g+AAWE8KExoV/+l2X98=,KX9FDZsmnyI6xdDCJ0bLZyBlFvE=
-20,13,cKyIjAO1g+AAWE8KExoV/+l2X98=,KX9FDZsmnyI6xdDCJ0bLZyBlFvE=
-19,13,cKyIjAO1g+AAWE8KExoV/+l2X98=,KX9FDZsmnyI6xdDCJ0bLZyBlFvE=
-22,10,cKyIjAO1g+AAWE8KExoV/+l2X98=,KX9FDZsmnyI6xdDCJ0bLZyBlFvE=
-18,13,cKyIjAO1g+AAWE8KExoV/+l2X98=,KX9FDZsmnyI6xdDCJ0bLZyBlFvE=
-23,10,cKyIjAO1g+AAWE8KExoV/+l2X98=,KX9FDZsmnyI6xdDCJ0bLZyBlFvE=
-24,10,cKyIjAO1g+AAWE8KExoV/+l2X98=,KX9FDZsmnyI6xdDCJ0bLZyBlFvE=
-17,13,cKyIjAO1g+AAWE8KExoV/+l2X98=,KX9FDZsmnyI6xdDCJ0bLZyBlFvE=
-25,11,cKyIjAO1g+AAWE8KExoV/+l2X98=,Gtq3vz+YvbsBBJubs1mJzDZ3Q7M=
-23,15,cKyIjAO1g+AAWE8KExoV/+l2X98=,KX9FDZsmnyI6xdDCJ0bLZyBlFvE=
-24,14,cKyIjAO1g+AAWE8KExoV/+l2X98=,KX9FDZsmnyI6xdDCJ0bLZyBlFvE=
-23,14,cKyIjAO1g+AAWE8KExoV/+l2X98=,KX9FDZsmnyI6xdDCJ0bLZyBlFvE=
-17,9,cKyIjAO1g+AAWE8KExoV/+l2X98=,KX9FDZsmnyI6xdDCJ0bLZyBlFvE=
-18,9,cKyIjAO1g+AAWE8KExoV/+l2X98=,KX9FDZsmnyI6xdDCJ0bLZyBlFvE=
-25,10,cKyIjAO1g+AAWE8KExoV/+l2X98=,Gtq3vz+YvbsBBJubs1mJzDZ3Q7M=
-19,9,cKyIjAO1g+AAWE8KExoV/+l2X98=,KX9FDZsmnyI6xdDCJ0bLZyBlFvE=
-25,14,cKyIjAO1g+AAWE8KExoV/+l2X98=,Gtq3vz+YvbsBBJubs1mJzDZ3Q7M=
-20,9,cKyIjAO1g+AAWE8KExoV/+l2X98=,KX9FDZsmnyI6xdDCJ0bLZyBlFvE=
-25,15,cKyIjAO1g+AAWE8KExoV/+l2X98=,Gtq3vz+YvbsBBJubs1mJzDZ3Q7M=
-21,9,cKyIjAO1g+AAWE8KExoV/+l2X98=,KX9FDZsmnyI6xdDCJ0bLZyBlFvE=
-22,14,cKyIjAO1g+AAWE8KExoV/+l2X98=,KX9FDZsmnyI6xdDCJ0bLZyBlFvE=
-22,9,cKyIjAO1g+AAWE8KExoV/+l2X98=,KX9FDZsmnyI6xdDCJ0bLZyBlFvE=
-23,9,cKyIjAO1g+AAWE8KExoV/+l2X98=,KX9FDZsmnyI6xdDCJ0bLZyBlFvE=
-24,15,cKyIjAO1g+AAWE8KExoV/+l2X98=,KX9FDZsmnyI6xdDCJ0bLZyBlFvE=
-21,14,cKyIjAO1g+AAWE8KExoV/+l2X98=,KX9FDZsmnyI6xdDCJ0bLZyBlFvE=
-20,14,cKyIjAO1g+AAWE8KExoV/+l2X98=,KX9FDZsmnyI6xdDCJ0bLZyBlFvE=
-24,9,cKyIjAO1g+AAWE8KExoV/+l2X98=,KX9FDZsmnyI6xdDCJ0bLZyBlFvE=
-19,14,cKyIjAO1g+AAWE8KExoV/+l2X98=,KX9FDZsmnyI6xdDCJ0bLZyBlFvE=
-17,14,cKyIjAO1g+AAWE8KExoV/+l2X98=,KX9FDZsmnyI6xdDCJ0bLZyBlFvE=
-18,14,cKyIjAO1g+AAWE8KExoV/+l2X98=,KX9FDZsmnyI6xdDCJ0bLZyBlFvE=
-20,10,cKyIjAO1g+AAWE8KExoV/+l2X98=,KX9FDZsmnyI6xdDCJ0bLZyBlFvE=
-17,7,cKyIjAO1g+AAWE8KExoV/+l2X98=,MBK155svRWQulVQGPpStOBTfYe8=
-20,3,cKyIjAO1g+AAWE8KExoV/+l2X98=,MBK155svRWQulVQGPpStOBTfYe8=
-22,3,cKyIjAO1g+AAWE8KExoV/+l2X98=,MBK155svRWQulVQGPpStOBTfYe8=
-21,3,cKyIjAO1g+AAWE8KExoV/+l2X98=,MBK155svRWQulVQGPpStOBTfYe8=
-23,3,cKyIjAO1g+AAWE8KExoV/+l2X98=,MBK155svRWQulVQGPpStOBTfYe8=
-24,3,cKyIjAO1g+AAWE8KExoV/+l2X98=,MBK155svRWQulVQGPpStOBTfYe8=
-25,3,cKyIjAO1g+AAWE8KExoV/+l2X98=,F2G+8r5UTWjKAJQkExV126m5J0k=
-17,2,cKyIjAO1g+AAWE8KExoV/+l2X98=,MBK155svRWQulVQGPpStOBTfYe8=
-19,2,cKyIjAO1g+AAWE8KExoV/+l2X98=,MBK155svRWQulVQGPpStOBTfYe8=
-25,5,cKyIjAO1g+AAWE8KExoV/+l2X98=,F2G+8r5UTWjKAJQkExV126m5J0k=
-20,2,cKyIjAO1g+AAWE8KExoV/+l2X98=,MBK155svRWQulVQGPpStOBTfYe8=
-22,2,cKyIjAO1g+AAWE8KExoV/+l2X98=,MBK155svRWQulVQGPpStOBTfYe8=
-18,2,cKyIjAO1g+AAWE8KExoV/+l2X98=,MBK155svRWQulVQGPpStOBTfYe8=
-23,2,cKyIjAO1g+AAWE8KExoV/+l2X98=,MBK155svRWQulVQGPpStOBTfYe8=
-25,7,cKyIjAO1g+AAWE8KExoV/+l2X98=,F2G+8r5UTWjKAJQkExV126m5J0k=
-24,2,cKyIjAO1g+AAWE8KExoV/+l2X98=,MBK155svRWQulVQGPpStOBTfYe8=
-18,7,cKyIjAO1g+AAWE8KExoV/+l2X98=,MBK155svRWQulVQGPpStOBTfYe8=
-17,1,cKyIjAO1g+AAWE8KExoV/+l2X98=,MBK155svRWQulVQGPpStOBTfYe8=
-19,3,cKyIjAO1g+AAWE8KExoV/+l2X98=,MBK155svRWQulVQGPpStOBTfYe8=
-19,7,cKyIjAO1g+AAWE8KExoV/+l2X98=,MBK155svRWQulVQGPpStOBTfYe8=
-18,1,cKyIjAO1g+AAWE8KExoV/+l2X98=,MBK155svRWQulVQGPpStOBTfYe8=
-20,7,cKyIjAO1g+AAWE8KExoV/+l2X98=,MBK155svRWQulVQGPpStOBTfYe8=
-18,3,cKyIjAO1g+AAWE8KExoV/+l2X98=,MBK155svRWQulVQGPpStOBTfYe8=
-21,7,cKyIjAO1g+AAWE8KExoV/+l2X98=,MBK155svRWQulVQGPpStOBTfYe8=
-19,1,cKyIjAO1g+AAWE8KExoV/+l2X98=,MBK155svRWQulVQGPpStOBTfYe8=
-20,1,cKyIjAO1g+AAWE8KExoV/+l2X98=,MBK155svRWQulVQGPpStOBTfYe8=
-22,7,cKyIjAO1g+AAWE8KExoV/+l2X98=,MBK155svRWQulVQGPpStOBTfYe8=
-21,2,cKyIjAO1g+AAWE8KExoV/+l2X98=,MBK155svRWQulVQGPpStOBTfYe8=
-21,1,cKyIjAO1g+AAWE8KExoV/+l2X98=,MBK155svRWQulVQGPpStOBTfYe8=
-17,3,cKyIjAO1g+AAWE8KExoV/+l2X98=,MBK155svRWQulVQGPpStOBTfYe8=
-22,1,cKyIjAO1g+AAWE8KExoV/+l2X98=,MBK155svRWQulVQGPpStOBTfYe8=
-23,1,cKyIjAO1g+AAWE8KExoV/+l2X98=,MBK155svRWQulVQGPpStOBTfYe8=
-25,4,cKyIjAO1g+AAWE8KExoV/+l2X98=,F2G+8r5UTWjKAJQkExV126m5J0k=
-23,7,cKyIjAO1g+AAWE8KExoV/+l2X98=,MBK155svRWQulVQGPpStOBTfYe8=
-24,4,cKyIjAO1g+AAWE8KExoV/+l2X98=,MBK155svRWQulVQGPpStOBTfYe8=
-25,6,cKyIjAO1g+AAWE8KExoV/+l2X98=,F2G+8r5UTWjKAJQkExV126m5J0k=
-24,7,cKyIjAO1g+AAWE8KExoV/+l2X98=,MBK155svRWQulVQGPpStOBTfYe8=
-17,6,cKyIjAO1g+AAWE8KExoV/+l2X98=,MBK155svRWQulVQGPpStOBTfYe8=
-24,1,cKyIjAO1g+AAWE8KExoV/+l2X98=,MBK155svRWQulVQGPpStOBTfYe8=
-17,8,cKyIjAO1g+AAWE8KExoV/+l2X98=,KX9FDZsmnyI6xdDCJ0bLZyBlFvE=
-18,8,cKyIjAO1g+AAWE8KExoV/+l2X98=,KX9FDZsmnyI6xdDCJ0bLZyBlFvE=
-17,0,cKyIjAO1g+AAWE8KExoV/+l2X98=,MBK155svRWQulVQGPpStOBTfYe8=
-23,4,cKyIjAO1g+AAWE8KExoV/+l2X98=,MBK155svRWQulVQGPpStOBTfYe8=
-19,0,cKyIjAO1g+AAWE8KExoV/+l2X98=,MBK155svRWQulVQGPpStOBTfYe8=
-18,0,cKyIjAO1g+AAWE8KExoV/+l2X98=,MBK155svRWQulVQGPpStOBTfYe8=
-20,0,cKyIjAO1g+AAWE8KExoV/+l2X98=,MBK155svRWQulVQGPpStOBTfYe8=
-21,0,cKyIjAO1g+AAWE8KExoV/+l2X98=,MBK155svRWQulVQGPpStOBTfYe8=
-25,8,cKyIjAO1g+AAWE8KExoV/+l2X98=,Gtq3vz+YvbsBBJubs1mJzDZ3Q7M=
-19,8,cKyIjAO1g+AAWE8KExoV/+l2X98=,KX9FDZsmnyI6xdDCJ0bLZyBlFvE=
-20,8,cKyIjAO1g+AAWE8KExoV/+l2X98=,KX9FDZsmnyI6xdDCJ0bLZyBlFvE=
-22,0,cKyIjAO1g+AAWE8KExoV/+l2X98=,MBK155svRWQulVQGPpStOBTfYe8=
-23,0,cKyIjAO1g+AAWE8KExoV/+l2X98=,MBK155svRWQulVQGPpStOBTfYe8=
-21,8,cKyIjAO1g+AAWE8KExoV/+l2X98=,KX9FDZsmnyI6xdDCJ0bLZyBlFvE=
-22,4,cKyIjAO1g+AAWE8KExoV/+l2X98=,MBK155svRWQulVQGPpStOBTfYe8=
-22,8,cKyIjAO1g+AAWE8KExoV/+l2X98=,KX9FDZsmnyI6xdDCJ0bLZyBlFvE=
-18,6,cKyIjAO1g+AAWE8KExoV/+l2X98=,MBK155svRWQulVQGPpStOBTfYe8=
-19,6,cKyIjAO1g+AAWE8KExoV/+l2X98=,MBK155svRWQulVQGPpStOBTfYe8=
-23,8,cKyIjAO1g+AAWE8KExoV/+l2X98=,KX9FDZsmnyI6xdDCJ0bLZyBlFvE=
-24,8,cKyIjAO1g+AAWE8KExoV/+l2X98=,KX9FDZsmnyI6xdDCJ0bLZyBlFvE=
-21,4,cKyIjAO1g+AAWE8KExoV/+l2X98=,MBK155svRWQulVQGPpStOBTfYe8=
-24,0,cKyIjAO1g+AAWE8KExoV/+l2X98=,MBK155svRWQulVQGPpStOBTfYe8=
-20,6,cKyIjAO1g+AAWE8KExoV/+l2X98=,MBK155svRWQulVQGPpStOBTfYe8=
-25,1,cKyIjAO1g+AAWE8KExoV/+l2X98=,F2G+8r5UTWjKAJQkExV126m5J0k=
-20,4,cKyIjAO1g+AAWE8KExoV/+l2X98=,MBK155svRWQulVQGPpStOBTfYe8=
-21,6,cKyIjAO1g+AAWE8KExoV/+l2X98=,MBK155svRWQulVQGPpStOBTfYe8=
-22,6,cKyIjAO1g+AAWE8KExoV/+l2X98=,MBK155svRWQulVQGPpStOBTfYe8=
-23,6,cKyIjAO1g+AAWE8KExoV/+l2X98=,MBK155svRWQulVQGPpStOBTfYe8=
-19,4,cKyIjAO1g+AAWE8KExoV/+l2X98=,MBK155svRWQulVQGPpStOBTfYe8=
-17,5,cKyIjAO1g+AAWE8KExoV/+l2X98=,MBK155svRWQulVQGPpStOBTfYe8=
-18,5,cKyIjAO1g+AAWE8KExoV/+l2X98=,MBK155svRWQulVQGPpStOBTfYe8=
-18,4,cKyIjAO1g+AAWE8KExoV/+l2X98=,MBK155svRWQulVQGPpStOBTfYe8=
-24,6,cKyIjAO1g+AAWE8KExoV/+l2X98=,MBK155svRWQulVQGPpStOBTfYe8=
-19,5,cKyIjAO1g+AAWE8KExoV/+l2X98=,MBK155svRWQulVQGPpStOBTfYe8=
-25,0,cKyIjAO1g+AAWE8KExoV/+l2X98=,F2G+8r5UTWjKAJQkExV126m5J0k=
-20,5,cKyIjAO1g+AAWE8KExoV/+l2X98=,MBK155svRWQulVQGPpStOBTfYe8=
-17,4,cKyIjAO1g+AAWE8KExoV/+l2X98=,MBK155svRWQulVQGPpStOBTfYe8=
-21,5,cKyIjAO1g+AAWE8KExoV/+l2X98=,MBK155svRWQulVQGPpStOBTfYe8=
-25,2,cKyIjAO1g+AAWE8KExoV/+l2X98=,F2G+8r5UTWjKAJQkExV126m5J0k=
-22,5,cKyIjAO1g+AAWE8KExoV/+l2X98=,MBK155svRWQulVQGPpStOBTfYe8=
-23,5,cKyIjAO1g+AAWE8KExoV/+l2X98=,MBK155svRWQulVQGPpStOBTfYe8=
-24,5,cKyIjAO1g+AAWE8KExoV/+l2X98=,MBK155svRWQulVQGPpStOBTfYe8=
-22,29,cKyIjAO1g+AAWE8KExoV/+l2X98=,9d2gxapFwKoPKjJPEoCyMCOmJjs=
-20,29,cKyIjAO1g+AAWE8KExoV/+l2X98=,9d2gxapFwKoPKjJPEoCyMCOmJjs=
-21,29,m83wG05yX5qqR+Jd66PADwsAB9s=,9d2gxapFwKoPKjJPEoCyMCOmJjs=
-18,28,m83wG05yX5qqR+Jd66PADwsAB9s=,9d2gxapFwKoPKjJPEoCyMCOmJjs=
-19,28,uR/1jfTpdEPLYWf6oL2ZcGW4rPw=,9d2gxapFwKoPKjJPEoCyMCOmJjs=
-23,29,uR/1jfTpdEPLYWf6oL2ZcGW4rPw=,9d2gxapFwKoPKjJPEoCyMCOmJjs=
-20,28,ReS5aVDZapt8j/8ZZxm5UK/jUmQ=,9d2gxapFwKoPKjJPEoCyMCOmJjs=
-21,28,ReS5aVDZapt8j/8ZZxm5UK/jUmQ=,9d2gxapFwKoPKjJPEoCyMCOmJjs=
-22,28,ReS5aVDZapt8j/8ZZxm5UK/jUmQ=,9d2gxapFwKoPKjJPEoCyMCOmJjs=
-23,28,ReS5aVDZapt8j/8ZZxm5UK/jUmQ=,9d2gxapFwKoPKjJPEoCyMCOmJjs=
-18,27,ReS5aVDZapt8j/8ZZxm5UK/jUmQ=,9d2gxapFwKoPKjJPEoCyMCOmJjs=
-19,27,ReS5aVDZapt8j/8ZZxm5UK/jUmQ=,9d2gxapFwKoPKjJPEoCyMCOmJjs=
-20,27,ReS5aVDZapt8j/8ZZxm5UK/jUmQ=,9d2gxapFwKoPKjJPEoCyMCOmJjs=
-22,27,ReS5aVDZapt8j/8ZZxm5UK/jUmQ=,9d2gxapFwKoPKjJPEoCyMCOmJjs=
-21,27,ReS5aVDZapt8j/8ZZxm5UK/jUmQ=,9d2gxapFwKoPKjJPEoCyMCOmJjs=
-23,27,ReS5aVDZapt8j/8ZZxm5UK/jUmQ=,9d2gxapFwKoPKjJPEoCyMCOmJjs=
-18,26,ReS5aVDZapt8j/8ZZxm5UK/jUmQ=,9d2gxapFwKoPKjJPEoCyMCOmJjs=
-19,26,ReS5aVDZapt8j/8ZZxm5UK/jUmQ=,9d2gxapFwKoPKjJPEoCyMCOmJjs=
-20,26,ReS5aVDZapt8j/8ZZxm5UK/jUmQ=,9d2gxapFwKoPKjJPEoCyMCOmJjs=
-21,26,ReS5aVDZapt8j/8ZZxm5UK/jUmQ=,9d2gxapFwKoPKjJPEoCyMCOmJjs=
-18,30,ReS5aVDZapt8j/8ZZxm5UK/jUmQ=,9d2gxapFwKoPKjJPEoCyMCOmJjs=
-22,26,ReS5aVDZapt8j/8ZZxm5UK/jUmQ=,9d2gxapFwKoPKjJPEoCyMCOmJjs=
-19,30,ReS5aVDZapt8j/8ZZxm5UK/jUmQ=,9d2gxapFwKoPKjJPEoCyMCOmJjs=
-18,25,ReS5aVDZapt8j/8ZZxm5UK/jUmQ=,9d2gxapFwKoPKjJPEoCyMCOmJjs=
-23,26,ReS5aVDZapt8j/8ZZxm5UK/jUmQ=,9d2gxapFwKoPKjJPEoCyMCOmJjs=
-22,25,ReS5aVDZapt8j/8ZZxm5UK/jUmQ=,9d2gxapFwKoPKjJPEoCyMCOmJjs=
-23,25,ReS5aVDZapt8j/8ZZxm5UK/jUmQ=,9d2gxapFwKoPKjJPEoCyMCOmJjs=
-19,25,ReS5aVDZapt8j/8ZZxm5UK/jUmQ=,9d2gxapFwKoPKjJPEoCyMCOmJjs=
-20,30,ReS5aVDZapt8j/8ZZxm5UK/jUmQ=,9d2gxapFwKoPKjJPEoCyMCOmJjs=
-20,25,ReS5aVDZapt8j/8ZZxm5UK/jUmQ=,9d2gxapFwKoPKjJPEoCyMCOmJjs=
-21,25,ReS5aVDZapt8j/8ZZxm5UK/jUmQ=,9d2gxapFwKoPKjJPEoCyMCOmJjs=
-21,30,ReS5aVDZapt8j/8ZZxm5UK/jUmQ=,9d2gxapFwKoPKjJPEoCyMCOmJjs=
-22,30,ReS5aVDZapt8j/8ZZxm5UK/jUmQ=,9d2gxapFwKoPKjJPEoCyMCOmJjs=
-23,30,ReS5aVDZapt8j/8ZZxm5UK/jUmQ=,9d2gxapFwKoPKjJPEoCyMCOmJjs=
-18,29,ReS5aVDZapt8j/8ZZxm5UK/jUmQ=,9d2gxapFwKoPKjJPEoCyMCOmJjs=
-19,29,ReS5aVDZapt8j/8ZZxm5UK/jUmQ=,9d2gxapFwKoPKjJPEoCyMCOmJjs=
-28,31,ReS5aVDZapt8j/8ZZxm5UK/jUmQ=,EN9gIl11IFOpWkc0hIG97K1ITxA=
-27,31,ReS5aVDZapt8j/8ZZxm5UK/jUmQ=,EN9gIl11IFOpWkc0hIG97K1ITxA=
-24,30,ReS5aVDZapt8j/8ZZxm5UK/jUmQ=,9d2gxapFwKoPKjJPEoCyMCOmJjs=
-26,31,ReS5aVDZapt8j/8ZZxm5UK/jUmQ=,EN9gIl11IFOpWkc0hIG97K1ITxA=
-31,25,ReS5aVDZapt8j/8ZZxm5UK/jUmQ=,EN9gIl11IFOpWkc0hIG97K1ITxA=
-30,25,ReS5aVDZapt8j/8ZZxm5UK/jUmQ=,EN9gIl11IFOpWkc0hIG97K1ITxA=
-32,25,ReS5aVDZapt8j/8ZZxm5UK/jUmQ=,EN9gIl11IFOpWkc0hIG97K1ITxA=
-29,25,ReS5aVDZapt8j/8ZZxm5UK/jUmQ=,EN9gIl11IFOpWkc0hIG97K1ITxA=
-32,26,ReS5aVDZapt8j/8ZZxm5UK/jUmQ=,EN9gIl11IFOpWkc0hIG97K1ITxA=
-28,25,ReS5aVDZapt8j/8ZZxm5UK/jUmQ=,EN9gIl11IFOpWkc0hIG97K1ITxA=
-27,25,ReS5aVDZapt8j/8ZZxm5UK/jUmQ=,EN9gIl11IFOpWkc0hIG97K1ITxA=
-32,27,ReS5aVDZapt8j/8ZZxm5UK/jUmQ=,EN9gIl11IFOpWkc0hIG97K1ITxA=
-26,25,ReS5aVDZapt8j/8ZZxm5UK/jUmQ=,EN9gIl11IFOpWkc0hIG97K1ITxA=
-32,28,ReS5aVDZapt8j/8ZZxm5UK/jUmQ=,EN9gIl11IFOpWkc0hIG97K1ITxA=
-25,25,ReS5aVDZapt8j/8ZZxm5UK/jUmQ=,EN9gIl11IFOpWkc0hIG97K1ITxA=
-31,26,ReS5aVDZapt8j/8ZZxm5UK/jUmQ=,EN9gIl11IFOpWkc0hIG97K1ITxA=
-32,29,ReS5aVDZapt8j/8ZZxm5UK/jUmQ=,EN9gIl11IFOpWkc0hIG97K1ITxA=
-30,26,ReS5aVDZapt8j/8ZZxm5UK/jUmQ=,EN9gIl11IFOpWkc0hIG97K1ITxA=
-24,25,ReS5aVDZapt8j/8ZZxm5UK/jUmQ=,9d2gxapFwKoPKjJPEoCyMCOmJjs=
-29,26,ReS5aVDZapt8j/8ZZxm5UK/jUmQ=,EN9gIl11IFOpWkc0hIG97K1ITxA=
-28,26,ReS5aVDZapt8j/8ZZxm5UK/jUmQ=,EN9gIl11IFOpWkc0hIG97K1ITxA=
-27,26,ReS5aVDZapt8j/8ZZxm5UK/jUmQ=,EN9gIl11IFOpWkc0hIG97K1ITxA=
-26,26,ReS5aVDZapt8j/8ZZxm5UK/jUmQ=,EN9gIl11IFOpWkc0hIG97K1ITxA=
-25,26,ReS5aVDZapt8j/8ZZxm5UK/jUmQ=,EN9gIl11IFOpWkc0hIG97K1ITxA=
-32,30,ReS5aVDZapt8j/8ZZxm5UK/jUmQ=,EN9gIl11IFOpWkc0hIG97K1ITxA=
-31,27,ReS5aVDZapt8j/8ZZxm5UK/jUmQ=,EN9gIl11IFOpWkc0hIG97K1ITxA=
-24,26,ReS5aVDZapt8j/8ZZxm5UK/jUmQ=,9d2gxapFwKoPKjJPEoCyMCOmJjs=
-30,27,ReS5aVDZapt8j/8ZZxm5UK/jUmQ=,EN9gIl11IFOpWkc0hIG97K1ITxA=
-29,27,ReS5aVDZapt8j/8ZZxm5UK/jUmQ=,EN9gIl11IFOpWkc0hIG97K1ITxA=
-28,27,ReS5aVDZapt8j/8ZZxm5UK/jUmQ=,EN9gIl11IFOpWkc0hIG97K1ITxA=
-27,27,ReS5aVDZapt8j/8ZZxm5UK/jUmQ=,EN9gIl11IFOpWkc0hIG97K1ITxA=
-26,27,ReS5aVDZapt8j/8ZZxm5UK/jUmQ=,EN9gIl11IFOpWkc0hIG97K1ITxA=
-25,27,ReS5aVDZapt8j/8ZZxm5UK/jUmQ=,EN9gIl11IFOpWkc0hIG97K1ITxA=
-31,28,ReS5aVDZapt8j/8ZZxm5UK/jUmQ=,EN9gIl11IFOpWkc0hIG97K1ITxA=
-30,28,ReS5aVDZapt8j/8ZZxm5UK/jUmQ=,EN9gIl11IFOpWkc0hIG97K1ITxA=
-24,27,ReS5aVDZapt8j/8ZZxm5UK/jUmQ=,9d2gxapFwKoPKjJPEoCyMCOmJjs=
-29,28,ReS5aVDZapt8j/8ZZxm5UK/jUmQ=,EN9gIl11IFOpWkc0hIG97K1ITxA=
-28,28,ReS5aVDZapt8j/8ZZxm5UK/jUmQ=,EN9gIl11IFOpWkc0hIG97K1ITxA=
-27,28,ReS5aVDZapt8j/8ZZxm5UK/jUmQ=,EN9gIl11IFOpWkc0hIG97K1ITxA=
-26,28,ReS5aVDZapt8j/8ZZxm5UK/jUmQ=,EN9gIl11IFOpWkc0hIG97K1ITxA=
-25,28,ReS5aVDZapt8j/8ZZxm5UK/jUmQ=,EN9gIl11IFOpWkc0hIG97K1ITxA=
-24,28,ReS5aVDZapt8j/8ZZxm5UK/jUmQ=,9d2gxapFwKoPKjJPEoCyMCOmJjs=
-31,29,ReS5aVDZapt8j/8ZZxm5UK/jUmQ=,EN9gIl11IFOpWkc0hIG97K1ITxA=
-30,29,ReS5aVDZapt8j/8ZZxm5UK/jUmQ=,EN9gIl11IFOpWkc0hIG97K1ITxA=
-29,29,ReS5aVDZapt8j/8ZZxm5UK/jUmQ=,EN9gIl11IFOpWkc0hIG97K1ITxA=
-28,29,ReS5aVDZapt8j/8ZZxm5UK/jUmQ=,EN9gIl11IFOpWkc0hIG97K1ITxA=
-27,29,ReS5aVDZapt8j/8ZZxm5UK/jUmQ=,EN9gIl11IFOpWkc0hIG97K1ITxA=
-26,29,ReS5aVDZapt8j/8ZZxm5UK/jUmQ=,EN9gIl11IFOpWkc0hIG97K1ITxA=
-25,29,ReS5aVDZapt8j/8ZZxm5UK/jUmQ=,EN9gIl11IFOpWkc0hIG97K1ITxA=
-31,30,ReS5aVDZapt8j/8ZZxm5UK/jUmQ=,EN9gIl11IFOpWkc0hIG97K1ITxA=
-30,30,ReS5aVDZapt8j/8ZZxm5UK/jUmQ=,EN9gIl11IFOpWkc0hIG97K1ITxA=
-29,30,ReS5aVDZapt8j/8ZZxm5UK/jUmQ=,EN9gIl11IFOpWkc0hIG97K1ITxA=
-28,30,ReS5aVDZapt8j/8ZZxm5UK/jUmQ=,EN9gIl11IFOpWkc0hIG97K1ITxA=
-27,30,ReS5aVDZapt8j/8ZZxm5UK/jUmQ=,EN9gIl11IFOpWkc0hIG97K1ITxA=
-26,30,ReS5aVDZapt8j/8ZZxm5UK/jUmQ=,EN9gIl11IFOpWkc0hIG97K1ITxA=
-25,30,ReS5aVDZapt8j/8ZZxm5UK/jUmQ=,EN9gIl11IFOpWkc0hIG97K1ITxA=
-24,29,ReS5aVDZapt8j/8ZZxm5UK/jUmQ=,9d2gxapFwKoPKjJPEoCyMCOmJjs=
-31,31,ReS5aVDZapt8j/8ZZxm5UK/jUmQ=,EN9gIl11IFOpWkc0hIG97K1ITxA=
-30,31,ReS5aVDZapt8j/8ZZxm5UK/jUmQ=,EN9gIl11IFOpWkc0hIG97K1ITxA=
-29,31,ReS5aVDZapt8j/8ZZxm5UK/jUmQ=,EN9gIl11IFOpWkc0hIG97K1ITxA=
-25,31,ReS5aVDZapt8j/8ZZxm5UK/jUmQ=,EN9gIl11IFOpWkc0hIG97K1ITxA=
-24,31,ReS5aVDZapt8j/8ZZxm5UK/jUmQ=,9d2gxapFwKoPKjJPEoCyMCOmJjs=
-23,31,ReS5aVDZapt8j/8ZZxm5UK/jUmQ=,9d2gxapFwKoPKjJPEoCyMCOmJjs=
-22,31,ReS5aVDZapt8j/8ZZxm5UK/jUmQ=,9d2gxapFwKoPKjJPEoCyMCOmJjs=
-18,31,ReS5aVDZapt8j/8ZZxm5UK/jUmQ=,9d2gxapFwKoPKjJPEoCyMCOmJjs=
-21,31,ReS5aVDZapt8j/8ZZxm5UK/jUmQ=,9d2gxapFwKoPKjJPEoCyMCOmJjs=
-19,31,ReS5aVDZapt8j/8ZZxm5UK/jUmQ=,9d2gxapFwKoPKjJPEoCyMCOmJjs=
-20,19,ReS5aVDZapt8j/8ZZxm5UK/jUmQ=,AuTJyPQwfPoi2XWwiNcP8pXlHcY=
-19,19,ReS5aVDZapt8j/8ZZxm5UK/jUmQ=,AuTJyPQwfPoi2XWwiNcP8pXlHcY=
-18,19,ReS5aVDZapt8j/8ZZxm5UK/jUmQ=,AuTJyPQwfPoi2XWwiNcP8pXlHcY=
-23,24,ReS5aVDZapt8j/8ZZxm5UK/jUmQ=,9d2gxapFwKoPKjJPEoCyMCOmJjs=
-32,31,ReS5aVDZapt8j/8ZZxm5UK/jUmQ=,EN9gIl11IFOpWkc0hIG97K1ITxA=
-20,31,ReS5aVDZapt8j/8ZZxm5UK/jUmQ=,9d2gxapFwKoPKjJPEoCyMCOmJjs=
-17,29,ReS5aVDZapt8j/8ZZxm5UK/jUmQ=,9d2gxapFwKoPKjJPEoCyMCOmJjs=
-17,24,ReS5aVDZapt8j/8ZZxm5UK/jUmQ=,9d2gxapFwKoPKjJPEoCyMCOmJjs=
-22,24,ReS5aVDZapt8j/8ZZxm5UK/jUmQ=,9d2gxapFwKoPKjJPEoCyMCOmJjs=
-17,25,ReS5aVDZapt8j/8ZZxm5UK/jUmQ=,9d2gxapFwKoPKjJPEoCyMCOmJjs=
-21,24,ReS5aVDZapt8j/8ZZxm5UK/jUmQ=,9d2gxapFwKoPKjJPEoCyMCOmJjs=
-17,30,ReS5aVDZapt8j/8ZZxm5UK/jUmQ=,9d2gxapFwKoPKjJPEoCyMCOmJjs=
-17,19,ReS5aVDZapt8j/8ZZxm5UK/jUmQ=,AuTJyPQwfPoi2XWwiNcP8pXlHcY=
-23,20,ReS5aVDZapt8j/8ZZxm5UK/jUmQ=,AuTJyPQwfPoi2XWwiNcP8pXlHcY=
-22,20,ReS5aVDZapt8j/8ZZxm5UK/jUmQ=,AuTJyPQwfPoi2XWwiNcP8pXlHcY=
-21,20,ReS5aVDZapt8j/8ZZxm5UK/jUmQ=,AuTJyPQwfPoi2XWwiNcP8pXlHcY=
-20,24,ReS5aVDZapt8j/8ZZxm5UK/jUmQ=,9d2gxapFwKoPKjJPEoCyMCOmJjs=
-19,24,ReS5aVDZapt8j/8ZZxm5UK/jUmQ=,9d2gxapFwKoPKjJPEoCyMCOmJjs=
-20,20,ReS5aVDZapt8j/8ZZxm5UK/jUmQ=,AuTJyPQwfPoi2XWwiNcP8pXlHcY=
-18,24,ReS5aVDZapt8j/8ZZxm5UK/jUmQ=,9d2gxapFwKoPKjJPEoCyMCOmJjs=
-19,20,ReS5aVDZapt8j/8ZZxm5UK/jUmQ=,AuTJyPQwfPoi2XWwiNcP8pXlHcY=
-18,20,ReS5aVDZapt8j/8ZZxm5UK/jUmQ=,AuTJyPQwfPoi2XWwiNcP8pXlHcY=
-17,20,ReS5aVDZapt8j/8ZZxm5UK/jUmQ=,AuTJyPQwfPoi2XWwiNcP8pXlHcY=
-17,26,ReS5aVDZapt8j/8ZZxm5UK/jUmQ=,9d2gxapFwKoPKjJPEoCyMCOmJjs=
-17,31,ReS5aVDZapt8j/8ZZxm5UK/jUmQ=,9d2gxapFwKoPKjJPEoCyMCOmJjs=
-17,27,ReS5aVDZapt8j/8ZZxm5UK/jUmQ=,9d2gxapFwKoPKjJPEoCyMCOmJjs=
-17,28,ReS5aVDZapt8j/8ZZxm5UK/jUmQ=,9d2gxapFwKoPKjJPEoCyMCOmJjs=
-23,21,ReS5aVDZapt8j/8ZZxm5UK/jUmQ=,AuTJyPQwfPoi2XWwiNcP8pXlHcY=
-22,21,ReS5aVDZapt8j/8ZZxm5UK/jUmQ=,AuTJyPQwfPoi2XWwiNcP8pXlHcY=
-21,21,ReS5aVDZapt8j/8ZZxm5UK/jUmQ=,AuTJyPQwfPoi2XWwiNcP8pXlHcY=
-20,21,ReS5aVDZapt8j/8ZZxm5UK/jUmQ=,AuTJyPQwfPoi2XWwiNcP8pXlHcY=
-19,21,ReS5aVDZapt8j/8ZZxm5UK/jUmQ=,AuTJyPQwfPoi2XWwiNcP8pXlHcY=
-18,21,ReS5aVDZapt8j/8ZZxm5UK/jUmQ=,AuTJyPQwfPoi2XWwiNcP8pXlHcY=
-17,23,ReS5aVDZapt8j/8ZZxm5UK/jUmQ=,AuTJyPQwfPoi2XWwiNcP8pXlHcY=
-17,21,ReS5aVDZapt8j/8ZZxm5UK/jUmQ=,AuTJyPQwfPoi2XWwiNcP8pXlHcY=
-23,16,ReS5aVDZapt8j/8ZZxm5UK/jUmQ=,AuTJyPQwfPoi2XWwiNcP8pXlHcY=
-22,16,ReS5aVDZapt8j/8ZZxm5UK/jUmQ=,AuTJyPQwfPoi2XWwiNcP8pXlHcY=
-21,16,ReS5aVDZapt8j/8ZZxm5UK/jUmQ=,AuTJyPQwfPoi2XWwiNcP8pXlHcY=
-21,19,ReS5aVDZapt8j/8ZZxm5UK/jUmQ=,AuTJyPQwfPoi2XWwiNcP8pXlHcY=
-20,16,ReS5aVDZapt8j/8ZZxm5UK/jUmQ=,AuTJyPQwfPoi2XWwiNcP8pXlHcY=
-19,16,ReS5aVDZapt8j/8ZZxm5UK/jUmQ=,AuTJyPQwfPoi2XWwiNcP8pXlHcY=
-22,19,ReS5aVDZapt8j/8ZZxm5UK/jUmQ=,AuTJyPQwfPoi2XWwiNcP8pXlHcY=
-18,16,ReS5aVDZapt8j/8ZZxm5UK/jUmQ=,AuTJyPQwfPoi2XWwiNcP8pXlHcY=
-17,16,ReS5aVDZapt8j/8ZZxm5UK/jUmQ=,AuTJyPQwfPoi2XWwiNcP8pXlHcY=
-23,17,ReS5aVDZapt8j/8ZZxm5UK/jUmQ=,AuTJyPQwfPoi2XWwiNcP8pXlHcY=
-22,17,ReS5aVDZapt8j/8ZZxm5UK/jUmQ=,AuTJyPQwfPoi2XWwiNcP8pXlHcY=
-18,23,ReS5aVDZapt8j/8ZZxm5UK/jUmQ=,AuTJyPQwfPoi2XWwiNcP8pXlHcY=
-21,17,ReS5aVDZapt8j/8ZZxm5UK/jUmQ=,AuTJyPQwfPoi2XWwiNcP8pXlHcY=
-19,23,ReS5aVDZapt8j/8ZZxm5UK/jUmQ=,AuTJyPQwfPoi2XWwiNcP8pXlHcY=
-20,17,ReS5aVDZapt8j/8ZZxm5UK/jUmQ=,AuTJyPQwfPoi2XWwiNcP8pXlHcY=
-19,17,ReS5aVDZapt8j/8ZZxm5UK/jUmQ=,AuTJyPQwfPoi2XWwiNcP8pXlHcY=
-23,22,ReS5aVDZapt8j/8ZZxm5UK/jUmQ=,AuTJyPQwfPoi2XWwiNcP8pXlHcY=
-22,22,ReS5aVDZapt8j/8ZZxm5UK/jUmQ=,AuTJyPQwfPoi2XWwiNcP8pXlHcY=
-20,23,ReS5aVDZapt8j/8ZZxm5UK/jUmQ=,AuTJyPQwfPoi2XWwiNcP8pXlHcY=
-21,22,ReS5aVDZapt8j/8ZZxm5UK/jUmQ=,AuTJyPQwfPoi2XWwiNcP8pXlHcY=
-18,17,ReS5aVDZapt8j/8ZZxm5UK/jUmQ=,AuTJyPQwfPoi2XWwiNcP8pXlHcY=
-21,23,ReS5aVDZapt8j/8ZZxm5UK/jUmQ=,AuTJyPQwfPoi2XWwiNcP8pXlHcY=
-23,19,ReS5aVDZapt8j/8ZZxm5UK/jUmQ=,AuTJyPQwfPoi2XWwiNcP8pXlHcY=
-20,22,ReS5aVDZapt8j/8ZZxm5UK/jUmQ=,AuTJyPQwfPoi2XWwiNcP8pXlHcY=
-19,22,ReS5aVDZapt8j/8ZZxm5UK/jUmQ=,AuTJyPQwfPoi2XWwiNcP8pXlHcY=
-22,23,ReS5aVDZapt8j/8ZZxm5UK/jUmQ=,AuTJyPQwfPoi2XWwiNcP8pXlHcY=
-23,23,ReS5aVDZapt8j/8ZZxm5UK/jUmQ=,AuTJyPQwfPoi2XWwiNcP8pXlHcY=
-17,22,ReS5aVDZapt8j/8ZZxm5UK/jUmQ=,AuTJyPQwfPoi2XWwiNcP8pXlHcY=
-18,18,ReS5aVDZapt8j/8ZZxm5UK/jUmQ=,AuTJyPQwfPoi2XWwiNcP8pXlHcY=
-18,22,ReS5aVDZapt8j/8ZZxm5UK/jUmQ=,AuTJyPQwfPoi2XWwiNcP8pXlHcY=
-17,18,ReS5aVDZapt8j/8ZZxm5UK/jUmQ=,AuTJyPQwfPoi2XWwiNcP8pXlHcY=
-20,18,ReS5aVDZapt8j/8ZZxm5UK/jUmQ=,AuTJyPQwfPoi2XWwiNcP8pXlHcY=
-17,17,ReS5aVDZapt8j/8ZZxm5UK/jUmQ=,AuTJyPQwfPoi2XWwiNcP8pXlHcY=
-19,18,ReS5aVDZapt8j/8ZZxm5UK/jUmQ=,AuTJyPQwfPoi2XWwiNcP8pXlHcY=
-21,18,ReS5aVDZapt8j/8ZZxm5UK/jUmQ=,AuTJyPQwfPoi2XWwiNcP8pXlHcY=
-22,18,ReS5aVDZapt8j/8ZZxm5UK/jUmQ=,AuTJyPQwfPoi2XWwiNcP8pXlHcY=
-23,18,ReS5aVDZapt8j/8ZZxm5UK/jUmQ=,AuTJyPQwfPoi2XWwiNcP8pXlHcY=
-28,23,ReS5aVDZapt8j/8ZZxm5UK/jUmQ=,lvA+kLzzs8Xj5uHmlW9JnvBGt0c=
-27,23,ReS5aVDZapt8j/8ZZxm5UK/jUmQ=,lvA+kLzzs8Xj5uHmlW9JnvBGt0c=
-25,23,ReS5aVDZapt8j/8ZZxm5UK/jUmQ=,lvA+kLzzs8Xj5uHmlW9JnvBGt0c=
-27,22,ReS5aVDZapt8j/8ZZxm5UK/jUmQ=,lvA+kLzzs8Xj5uHmlW9JnvBGt0c=
-32,24,ReS5aVDZapt8j/8ZZxm5UK/jUmQ=,EN9gIl11IFOpWkc0hIG97K1ITxA=
-27,21,ReS5aVDZapt8j/8ZZxm5UK/jUmQ=,lvA+kLzzs8Xj5uHmlW9JnvBGt0c=
-26,23,ReS5aVDZapt8j/8ZZxm5UK/jUmQ=,lvA+kLzzs8Xj5uHmlW9JnvBGt0c=
-29,17,ReS5aVDZapt8j/8ZZxm5UK/jUmQ=,lvA+kLzzs8Xj5uHmlW9JnvBGt0c=
-29,23,ReS5aVDZapt8j/8ZZxm5UK/jUmQ=,lvA+kLzzs8Xj5uHmlW9JnvBGt0c=
-29,21,ReS5aVDZapt8j/8ZZxm5UK/jUmQ=,lvA+kLzzs8Xj5uHmlW9JnvBGt0c=
-28,21,ReS5aVDZapt8j/8ZZxm5UK/jUmQ=,lvA+kLzzs8Xj5uHmlW9JnvBGt0c=
-24,23,ReS5aVDZapt8j/8ZZxm5UK/jUmQ=,AuTJyPQwfPoi2XWwiNcP8pXlHcY=
-31,24,ReS5aVDZapt8j/8ZZxm5UK/jUmQ=,EN9gIl11IFOpWkc0hIG97K1ITxA=
-30,21,ReS5aVDZapt8j/8ZZxm5UK/jUmQ=,lvA+kLzzs8Xj5uHmlW9JnvBGt0c=
-25,20,ReS5aVDZapt8j/8ZZxm5UK/jUmQ=,lvA+kLzzs8Xj5uHmlW9JnvBGt0c=
-26,21,ReS5aVDZapt8j/8ZZxm5UK/jUmQ=,lvA+kLzzs8Xj5uHmlW9JnvBGt0c=
-24,19,ReS5aVDZapt8j/8ZZxm5UK/jUmQ=,AuTJyPQwfPoi2XWwiNcP8pXlHcY=
-30,23,ReS5aVDZapt8j/8ZZxm5UK/jUmQ=,lvA+kLzzs8Xj5uHmlW9JnvBGt0c=
-28,22,ReS5aVDZapt8j/8ZZxm5UK/jUmQ=,lvA+kLzzs8Xj5uHmlW9JnvBGt0c=
-31,21,ReS5aVDZapt8j/8ZZxm5UK/jUmQ=,lvA+kLzzs8Xj5uHmlW9JnvBGt0c=
-30,24,ReS5aVDZapt8j/8ZZxm5UK/jUmQ=,EN9gIl11IFOpWkc0hIG97K1ITxA=
-24,18,ReS5aVDZapt8j/8ZZxm5UK/jUmQ=,AuTJyPQwfPoi2XWwiNcP8pXlHcY=
-29,24,ReS5aVDZapt8j/8ZZxm5UK/jUmQ=,EN9gIl11IFOpWkc0hIG97K1ITxA=
-26,20,ReS5aVDZapt8j/8ZZxm5UK/jUmQ=,lvA+kLzzs8Xj5uHmlW9JnvBGt0c=
-30,17,ReS5aVDZapt8j/8ZZxm5UK/jUmQ=,lvA+kLzzs8Xj5uHmlW9JnvBGt0c=
-29,18,ReS5aVDZapt8j/8ZZxm5UK/jUmQ=,lvA+kLzzs8Xj5uHmlW9JnvBGt0c=
-32,21,ReS5aVDZapt8j/8ZZxm5UK/jUmQ=,lvA+kLzzs8Xj5uHmlW9JnvBGt0c=
-29,22,ReS5aVDZapt8j/8ZZxm5UK/jUmQ=,lvA+kLzzs8Xj5uHmlW9JnvBGt0c=
-30,20,ReS5aVDZapt8j/8ZZxm5UK/jUmQ=,lvA+kLzzs8Xj5uHmlW9JnvBGt0c=
-24,17,ReS5aVDZapt8j/8ZZxm5UK/jUmQ=,AuTJyPQwfPoi2XWwiNcP8pXlHcY=
-30,16,ReS5aVDZapt8j/8ZZxm5UK/jUmQ=,lvA+kLzzs8Xj5uHmlW9JnvBGt0c=
-28,17,ReS5aVDZapt8j/8ZZxm5UK/jUmQ=,lvA+kLzzs8Xj5uHmlW9JnvBGt0c=
-29,19,ReS5aVDZapt8j/8ZZxm5UK/jUmQ=,lvA+kLzzs8Xj5uHmlW9JnvBGt0c=
-30,22,ReS5aVDZapt8j/8ZZxm5UK/jUmQ=,lvA+kLzzs8Xj5uHmlW9JnvBGt0c=
-31,20,ReS5aVDZapt8j/8ZZxm5UK/jUmQ=,lvA+kLzzs8Xj5uHmlW9JnvBGt0c=
-29,16,ReS5aVDZapt8j/8ZZxm5UK/jUmQ=,lvA+kLzzs8Xj5uHmlW9JnvBGt0c=
-31,22,ReS5aVDZapt8j/8ZZxm5UK/jUmQ=,lvA+kLzzs8Xj5uHmlW9JnvBGt0c=
-31,23,ReS5aVDZapt8j/8ZZxm5UK/jUmQ=,lvA+kLzzs8Xj5uHmlW9JnvBGt0c=
-24,24,ReS5aVDZapt8j/8ZZxm5UK/jUmQ=,9d2gxapFwKoPKjJPEoCyMCOmJjs=
-32,20,ReS5aVDZapt8j/8ZZxm5UK/jUmQ=,lvA+kLzzs8Xj5uHmlW9JnvBGt0c=
-26,19,ReS5aVDZapt8j/8ZZxm5UK/jUmQ=,lvA+kLzzs8Xj5uHmlW9JnvBGt0c=
-25,19,ReS5aVDZapt8j/8ZZxm5UK/jUmQ=,lvA+kLzzs8Xj5uHmlW9JnvBGt0c=
-27,19,ReS5aVDZapt8j/8ZZxm5UK/jUmQ=,lvA+kLzzs8Xj5uHmlW9JnvBGt0c=
-24,22,ReS5aVDZapt8j/8ZZxm5UK/jUmQ=,AuTJyPQwfPoi2XWwiNcP8pXlHcY=
-28,19,ReS5aVDZapt8j/8ZZxm5UK/jUmQ=,lvA+kLzzs8Xj5uHmlW9JnvBGt0c=
-24,16,ReS5aVDZapt8j/8ZZxm5UK/jUmQ=,AuTJyPQwfPoi2XWwiNcP8pXlHcY=
-28,24,ReS5aVDZapt8j/8ZZxm5UK/jUmQ=,EN9gIl11IFOpWkc0hIG97K1ITxA=
-31,16,ReS5aVDZapt8j/8ZZxm5UK/jUmQ=,lvA+kLzzs8Xj5uHmlW9JnvBGt0c=
-30,18,ReS5aVDZapt8j/8ZZxm5UK/jUmQ=,lvA+kLzzs8Xj5uHmlW9JnvBGt0c=
-30,19,ReS5aVDZapt8j/8ZZxm5UK/jUmQ=,lvA+kLzzs8Xj5uHmlW9JnvBGt0c=
-28,16,ReS5aVDZapt8j/8ZZxm5UK/jUmQ=,lvA+kLzzs8Xj5uHmlW9JnvBGt0c=
-31,19,ReS5aVDZapt8j/8ZZxm5UK/jUmQ=,lvA+kLzzs8Xj5uHmlW9JnvBGt0c=
-26,18,ReS5aVDZapt8j/8ZZxm5UK/jUmQ=,lvA+kLzzs8Xj5uHmlW9JnvBGt0c=
-27,18,ReS5aVDZapt8j/8ZZxm5UK/jUmQ=,lvA+kLzzs8Xj5uHmlW9JnvBGt0c=
-31,17,ReS5aVDZapt8j/8ZZxm5UK/jUmQ=,lvA+kLzzs8Xj5uHmlW9JnvBGt0c=
-25,18,ReS5aVDZapt8j/8ZZxm5UK/jUmQ=,lvA+kLzzs8Xj5uHmlW9JnvBGt0c=
-32,19,ReS5aVDZapt8j/8ZZxm5UK/jUmQ=,lvA+kLzzs8Xj5uHmlW9JnvBGt0c=
-25,16,ReS5aVDZapt8j/8ZZxm5UK/jUmQ=,lvA+kLzzs8Xj5uHmlW9JnvBGt0c=
-27,24,ReS5aVDZapt8j/8ZZxm5UK/jUmQ=,EN9gIl11IFOpWkc0hIG97K1ITxA=
-32,16,ReS5aVDZapt8j/8ZZxm5UK/jUmQ=,lvA+kLzzs8Xj5uHmlW9JnvBGt0c=
-32,17,ReS5aVDZapt8j/8ZZxm5UK/jUmQ=,lvA+kLzzs8Xj5uHmlW9JnvBGt0c=
-28,18,ReS5aVDZapt8j/8ZZxm5UK/jUmQ=,lvA+kLzzs8Xj5uHmlW9JnvBGt0c=
-26,22,ReS5aVDZapt8j/8ZZxm5UK/jUmQ=,lvA+kLzzs8Xj5uHmlW9JnvBGt0c=
-26,24,ReS5aVDZapt8j/8ZZxm5UK/jUmQ=,EN9gIl11IFOpWkc0hIG97K1ITxA=
-32,22,ReS5aVDZapt8j/8ZZxm5UK/jUmQ=,lvA+kLzzs8Xj5uHmlW9JnvBGt0c=
-27,20,ReS5aVDZapt8j/8ZZxm5UK/jUmQ=,lvA+kLzzs8Xj5uHmlW9JnvBGt0c=
-31,18,ReS5aVDZapt8j/8ZZxm5UK/jUmQ=,lvA+kLzzs8Xj5uHmlW9JnvBGt0c=
-25,24,ReS5aVDZapt8j/8ZZxm5UK/jUmQ=,EN9gIl11IFOpWkc0hIG97K1ITxA=
-32,23,ReS5aVDZapt8j/8ZZxm5UK/jUmQ=,lvA+kLzzs8Xj5uHmlW9JnvBGt0c=
-27,16,ReS5aVDZapt8j/8ZZxm5UK/jUmQ=,lvA+kLzzs8Xj5uHmlW9JnvBGt0c=
-24,21,ReS5aVDZapt8j/8ZZxm5UK/jUmQ=,AuTJyPQwfPoi2XWwiNcP8pXlHcY=
-25,21,ReS5aVDZapt8j/8ZZxm5UK/jUmQ=,lvA+kLzzs8Xj5uHmlW9JnvBGt0c=
-28,20,ReS5aVDZapt8j/8ZZxm5UK/jUmQ=,lvA+kLzzs8Xj5uHmlW9JnvBGt0c=
-24,20,ReS5aVDZapt8j/8ZZxm5UK/jUmQ=,AuTJyPQwfPoi2XWwiNcP8pXlHcY=
-25,17,ReS5aVDZapt8j/8ZZxm5UK/jUmQ=,lvA+kLzzs8Xj5uHmlW9JnvBGt0c=
-32,18,ReS5aVDZapt8j/8ZZxm5UK/jUmQ=,lvA+kLzzs8Xj5uHmlW9JnvBGt0c=
-26,16,ReS5aVDZapt8j/8ZZxm5UK/jUmQ=,lvA+kLzzs8Xj5uHmlW9JnvBGt0c=
-25,22,ReS5aVDZapt8j/8ZZxm5UK/jUmQ=,lvA+kLzzs8Xj5uHmlW9JnvBGt0c=
-29,20,ReS5aVDZapt8j/8ZZxm5UK/jUmQ=,lvA+kLzzs8Xj5uHmlW9JnvBGt0c=
-26,17,ReS5aVDZapt8j/8ZZxm5UK/jUmQ=,lvA+kLzzs8Xj5uHmlW9JnvBGt0c=
-27,17,ReS5aVDZapt8j/8ZZxm5UK/jUmQ=,lvA+kLzzs8Xj5uHmlW9JnvBGt0c=
-4,29,Gx2uUSjYXs2y0aMNdVulcePVAAY=,yT5nmECqupngcIMflh0cisb5rGQ=
-5,29,Gx2uUSjYXs2y0aMNdVulcePVAAY=,yT5nmECqupngcIMflh0cisb5rGQ=
-6,29,Gx2uUSjYXs2y0aMNdVulcePVAAY=,yT5nmECqupngcIMflh0cisb5rGQ=
-4,28,Gx2uUSjYXs2y0aMNdVulcePVAAY=,yT5nmECqupngcIMflh0cisb5rGQ=
-7,29,Gx2uUSjYXs2y0aMNdVulcePVAAY=,yT5nmECqupngcIMflh0cisb5rGQ=
-6,28,Gx2uUSjYXs2y0aMNdVulcePVAAY=,yT5nmECqupngcIMflh0cisb5rGQ=
-7,28,Gx2uUSjYXs2y0aMNdVulcePVAAY=,yT5nmECqupngcIMflh0cisb5rGQ=
-5,28,Gx2uUSjYXs2y0aMNdVulcePVAAY=,yT5nmECqupngcIMflh0cisb5rGQ=
-3,27,Gx2uUSjYXs2y0aMNdVulcePVAAY=,yT5nmECqupngcIMflh0cisb5rGQ=
-4,27,Gx2uUSjYXs2y0aMNdVulcePVAAY=,yT5nmECqupngcIMflh0cisb5rGQ=
-5,27,EkN31I896o06g+zvHZSn8YFOguQ=,yT5nmECqupngcIMflh0cisb5rGQ=
-2,27,EkN31I896o06g+zvHZSn8YFOguQ=,yT5nmECqupngcIMflh0cisb5rGQ=
-3,28,jy/h0keBCICn8Qw+vR6rUzFh4WI=,yT5nmECqupngcIMflh0cisb5rGQ=
-6,27,jy/h0keBCICn8Qw+vR6rUzFh4WI=,yT5nmECqupngcIMflh0cisb5rGQ=
-2,28,jy/h0keBCICn8Qw+vR6rUzFh4WI=,yT5nmECqupngcIMflh0cisb5rGQ=
-2,26,jy/h0keBCICn8Qw+vR6rUzFh4WI=,yT5nmECqupngcIMflh0cisb5rGQ=
-7,27,jy/h0keBCICn8Qw+vR6rUzFh4WI=,yT5nmECqupngcIMflh0cisb5rGQ=
-4,26,jy/h0keBCICn8Qw+vR6rUzFh4WI=,yT5nmECqupngcIMflh0cisb5rGQ=
-3,26,jy/h0keBCICn8Qw+vR6rUzFh4WI=,yT5nmECqupngcIMflh0cisb5rGQ=
-5,26,jy/h0keBCICn8Qw+vR6rUzFh4WI=,yT5nmECqupngcIMflh0cisb5rGQ=
-6,26,jy/h0keBCICn8Qw+vR6rUzFh4WI=,yT5nmECqupngcIMflh0cisb5rGQ=
-2,25,jy/h0keBCICn8Qw+vR6rUzFh4WI=,yT5nmECqupngcIMflh0cisb5rGQ=
-3,25,jy/h0keBCICn8Qw+vR6rUzFh4WI=,yT5nmECqupngcIMflh0cisb5rGQ=
-2,30,jy/h0keBCICn8Qw+vR6rUzFh4WI=,yT5nmECqupngcIMflh0cisb5rGQ=
-7,26,jy/h0keBCICn8Qw+vR6rUzFh4WI=,yT5nmECqupngcIMflh0cisb5rGQ=
-3,30,jy/h0keBCICn8Qw+vR6rUzFh4WI=,yT5nmECqupngcIMflh0cisb5rGQ=
-5,30,jy/h0keBCICn8Qw+vR6rUzFh4WI=,yT5nmECqupngcIMflh0cisb5rGQ=
-4,30,jy/h0keBCICn8Qw+vR6rUzFh4WI=,yT5nmECqupngcIMflh0cisb5rGQ=
-6,30,jy/h0keBCICn8Qw+vR6rUzFh4WI=,yT5nmECqupngcIMflh0cisb5rGQ=
-5,25,jy/h0keBCICn8Qw+vR6rUzFh4WI=,yT5nmECqupngcIMflh0cisb5rGQ=
-6,25,jy/h0keBCICn8Qw+vR6rUzFh4WI=,yT5nmECqupngcIMflh0cisb5rGQ=
-7,30,jy/h0keBCICn8Qw+vR6rUzFh4WI=,yT5nmECqupngcIMflh0cisb5rGQ=
-2,29,jy/h0keBCICn8Qw+vR6rUzFh4WI=,yT5nmECqupngcIMflh0cisb5rGQ=
-3,29,jy/h0keBCICn8Qw+vR6rUzFh4WI=,yT5nmECqupngcIMflh0cisb5rGQ=
-7,25,jy/h0keBCICn8Qw+vR6rUzFh4WI=,yT5nmECqupngcIMflh0cisb5rGQ=
-4,25,jy/h0keBCICn8Qw+vR6rUzFh4WI=,yT5nmECqupngcIMflh0cisb5rGQ=
-15,25,jy/h0keBCICn8Qw+vR6rUzFh4WI=,NR7ThZj3HR7s2+TI1mA1AEPv+vI=
-8,29,jy/h0keBCICn8Qw+vR6rUzFh4WI=,yT5nmECqupngcIMflh0cisb5rGQ=
-9,30,jy/h0keBCICn8Qw+vR6rUzFh4WI=,NR7ThZj3HR7s2+TI1mA1AEPv+vI=
-10,30,jy/h0keBCICn8Qw+vR6rUzFh4WI=,NR7ThZj3HR7s2+TI1mA1AEPv+vI=
-11,30,jy/h0keBCICn8Qw+vR6rUzFh4WI=,NR7ThZj3HR7s2+TI1mA1AEPv+vI=
-12,30,jy/h0keBCICn8Qw+vR6rUzFh4WI=,NR7ThZj3HR7s2+TI1mA1AEPv+vI=
-13,30,jy/h0keBCICn8Qw+vR6rUzFh4WI=,NR7ThZj3HR7s2+TI1mA1AEPv+vI=
-8,28,jy/h0keBCICn8Qw+vR6rUzFh4WI=,yT5nmECqupngcIMflh0cisb5rGQ=
-14,30,jy/h0keBCICn8Qw+vR6rUzFh4WI=,NR7ThZj3HR7s2+TI1mA1AEPv+vI=
-14,25,jy/h0keBCICn8Qw+vR6rUzFh4WI=,NR7ThZj3HR7s2+TI1mA1AEPv+vI=
-13,25,jy/h0keBCICn8Qw+vR6rUzFh4WI=,NR7ThZj3HR7s2+TI1mA1AEPv+vI=
-12,25,jy/h0keBCICn8Qw+vR6rUzFh4WI=,NR7ThZj3HR7s2+TI1mA1AEPv+vI=
-8,30,jy/h0keBCICn8Qw+vR6rUzFh4WI=,yT5nmECqupngcIMflh0cisb5rGQ=
-15,30,jy/h0keBCICn8Qw+vR6rUzFh4WI=,NR7ThZj3HR7s2+TI1mA1AEPv+vI=
-9,29,jy/h0keBCICn8Qw+vR6rUzFh4WI=,NR7ThZj3HR7s2+TI1mA1AEPv+vI=
-8,27,jy/h0keBCICn8Qw+vR6rUzFh4WI=,yT5nmECqupngcIMflh0cisb5rGQ=
-8,25,jy/h0keBCICn8Qw+vR6rUzFh4WI=,yT5nmECqupngcIMflh0cisb5rGQ=
-11,25,jy/h0keBCICn8Qw+vR6rUzFh4WI=,NR7ThZj3HR7s2+TI1mA1AEPv+vI=
-10,25,jy/h0keBCICn8Qw+vR6rUzFh4WI=,NR7ThZj3HR7s2+TI1mA1AEPv+vI=
-9,25,jy/h0keBCICn8Qw+vR6rUzFh4WI=,NR7ThZj3HR7s2+TI1mA1AEPv+vI=
-10,29,jy/h0keBCICn8Qw+vR6rUzFh4WI=,NR7ThZj3HR7s2+TI1mA1AEPv+vI=
-11,29,jy/h0keBCICn8Qw+vR6rUzFh4WI=,NR7ThZj3HR7s2+TI1mA1AEPv+vI=
-15,26,jy/h0keBCICn8Qw+vR6rUzFh4WI=,NR7ThZj3HR7s2+TI1mA1AEPv+vI=
-14,26,jy/h0keBCICn8Qw+vR6rUzFh4WI=,NR7ThZj3HR7s2+TI1mA1AEPv+vI=
-13,26,jy/h0keBCICn8Qw+vR6rUzFh4WI=,NR7ThZj3HR7s2+TI1mA1AEPv+vI=
-8,26,jy/h0keBCICn8Qw+vR6rUzFh4WI=,yT5nmECqupngcIMflh0cisb5rGQ=
-12,26,jy/h0keBCICn8Qw+vR6rUzFh4WI=,NR7ThZj3HR7s2+TI1mA1AEPv+vI=
-11,26,jy/h0keBCICn8Qw+vR6rUzFh4WI=,NR7ThZj3HR7s2+TI1mA1AEPv+vI=
-10,26,jy/h0keBCICn8Qw+vR6rUzFh4WI=,NR7ThZj3HR7s2+TI1mA1AEPv+vI=
-9,26,jy/h0keBCICn8Qw+vR6rUzFh4WI=,NR7ThZj3HR7s2+TI1mA1AEPv+vI=
-15,27,jy/h0keBCICn8Qw+vR6rUzFh4WI=,NR7ThZj3HR7s2+TI1mA1AEPv+vI=
-14,27,jy/h0keBCICn8Qw+vR6rUzFh4WI=,NR7ThZj3HR7s2+TI1mA1AEPv+vI=
-13,27,jy/h0keBCICn8Qw+vR6rUzFh4WI=,NR7ThZj3HR7s2+TI1mA1AEPv+vI=
-12,27,jy/h0keBCICn8Qw+vR6rUzFh4WI=,NR7ThZj3HR7s2+TI1mA1AEPv+vI=
-11,27,jy/h0keBCICn8Qw+vR6rUzFh4WI=,NR7ThZj3HR7s2+TI1mA1AEPv+vI=
-10,27,jy/h0keBCICn8Qw+vR6rUzFh4WI=,NR7ThZj3HR7s2+TI1mA1AEPv+vI=
-9,27,jy/h0keBCICn8Qw+vR6rUzFh4WI=,NR7ThZj3HR7s2+TI1mA1AEPv+vI=
-15,28,jy/h0keBCICn8Qw+vR6rUzFh4WI=,NR7ThZj3HR7s2+TI1mA1AEPv+vI=
-14,28,jy/h0keBCICn8Qw+vR6rUzFh4WI=,NR7ThZj3HR7s2+TI1mA1AEPv+vI=
-13,28,jy/h0keBCICn8Qw+vR6rUzFh4WI=,NR7ThZj3HR7s2+TI1mA1AEPv+vI=
-12,28,jy/h0keBCICn8Qw+vR6rUzFh4WI=,NR7ThZj3HR7s2+TI1mA1AEPv+vI=
-11,28,jy/h0keBCICn8Qw+vR6rUzFh4WI=,NR7ThZj3HR7s2+TI1mA1AEPv+vI=
-10,28,jy/h0keBCICn8Qw+vR6rUzFh4WI=,NR7ThZj3HR7s2+TI1mA1AEPv+vI=
-9,28,jy/h0keBCICn8Qw+vR6rUzFh4WI=,NR7ThZj3HR7s2+TI1mA1AEPv+vI=
-15,29,jy/h0keBCICn8Qw+vR6rUzFh4WI=,NR7ThZj3HR7s2+TI1mA1AEPv+vI=
-14,29,jy/h0keBCICn8Qw+vR6rUzFh4WI=,NR7ThZj3HR7s2+TI1mA1AEPv+vI=
-13,29,jy/h0keBCICn8Qw+vR6rUzFh4WI=,NR7ThZj3HR7s2+TI1mA1AEPv+vI=
-12,29,jy/h0keBCICn8Qw+vR6rUzFh4WI=,NR7ThZj3HR7s2+TI1mA1AEPv+vI=
-12,31,jy/h0keBCICn8Qw+vR6rUzFh4WI=,NR7ThZj3HR7s2+TI1mA1AEPv+vI=
-11,31,jy/h0keBCICn8Qw+vR6rUzFh4WI=,NR7ThZj3HR7s2+TI1mA1AEPv+vI=
-10,31,jy/h0keBCICn8Qw+vR6rUzFh4WI=,NR7ThZj3HR7s2+TI1mA1AEPv+vI=
-15,31,jy/h0keBCICn8Qw+vR6rUzFh4WI=,NR7ThZj3HR7s2+TI1mA1AEPv+vI=
-14,31,jy/h0keBCICn8Qw+vR6rUzFh4WI=,NR7ThZj3HR7s2+TI1mA1AEPv+vI=
-13,31,jy/h0keBCICn8Qw+vR6rUzFh4WI=,NR7ThZj3HR7s2+TI1mA1AEPv+vI=
-1,29,jy/h0keBCICn8Qw+vR6rUzFh4WI=,yT5nmECqupngcIMflh0cisb5rGQ=
-1,30,jy/h0keBCICn8Qw+vR6rUzFh4WI=,yT5nmECqupngcIMflh0cisb5rGQ=
-1,25,jy/h0keBCICn8Qw+vR6rUzFh4WI=,yT5nmECqupngcIMflh0cisb5rGQ=
-1,26,jy/h0keBCICn8Qw+vR6rUzFh4WI=,yT5nmECqupngcIMflh0cisb5rGQ=
-1,28,jy/h0keBCICn8Qw+vR6rUzFh4WI=,yT5nmECqupngcIMflh0cisb5rGQ=
-1,27,jy/h0keBCICn8Qw+vR6rUzFh4WI=,yT5nmECqupngcIMflh0cisb5rGQ=
-16,25,jy/h0keBCICn8Qw+vR6rUzFh4WI=,NR7ThZj3HR7s2+TI1mA1AEPv+vI=
-16,31,jy/h0keBCICn8Qw+vR6rUzFh4WI=,NR7ThZj3HR7s2+TI1mA1AEPv+vI=
-16,26,jy/h0keBCICn8Qw+vR6rUzFh4WI=,NR7ThZj3HR7s2+TI1mA1AEPv+vI=
-16,27,jy/h0keBCICn8Qw+vR6rUzFh4WI=,NR7ThZj3HR7s2+TI1mA1AEPv+vI=
-16,28,jy/h0keBCICn8Qw+vR6rUzFh4WI=,NR7ThZj3HR7s2+TI1mA1AEPv+vI=
-16,29,jy/h0keBCICn8Qw+vR6rUzFh4WI=,NR7ThZj3HR7s2+TI1mA1AEPv+vI=
-16,30,jy/h0keBCICn8Qw+vR6rUzFh4WI=,NR7ThZj3HR7s2+TI1mA1AEPv+vI=
-9,31,jy/h0keBCICn8Qw+vR6rUzFh4WI=,NR7ThZj3HR7s2+TI1mA1AEPv+vI=
-8,31,jy/h0keBCICn8Qw+vR6rUzFh4WI=,yT5nmECqupngcIMflh0cisb5rGQ=
-7,31,jy/h0keBCICn8Qw+vR6rUzFh4WI=,yT5nmECqupngcIMflh0cisb5rGQ=
-6,31,jy/h0keBCICn8Qw+vR6rUzFh4WI=,yT5nmECqupngcIMflh0cisb5rGQ=
-5,31,jy/h0keBCICn8Qw+vR6rUzFh4WI=,yT5nmECqupngcIMflh0cisb5rGQ=
-4,31,jy/h0keBCICn8Qw+vR6rUzFh4WI=,yT5nmECqupngcIMflh0cisb5rGQ=
-3,31,jy/h0keBCICn8Qw+vR6rUzFh4WI=,yT5nmECqupngcIMflh0cisb5rGQ=
-2,31,jy/h0keBCICn8Qw+vR6rUzFh4WI=,yT5nmECqupngcIMflh0cisb5rGQ=
-1,31,jy/h0keBCICn8Qw+vR6rUzFh4WI=,yT5nmECqupngcIMflh0cisb5rGQ=
-10,22,jy/h0keBCICn8Qw+vR6rUzFh4WI=,zBMUKpw0g7j/SgQPz+4XCZCSuGE=
-16,23,jy/h0keBCICn8Qw+vR6rUzFh4WI=,zBMUKpw0g7j/SgQPz+4XCZCSuGE=
-14,20,jy/h0keBCICn8Qw+vR6rUzFh4WI=,zBMUKpw0g7j/SgQPz+4XCZCSuGE=
-15,18,jy/h0keBCICn8Qw+vR6rUzFh4WI=,zBMUKpw0g7j/SgQPz+4XCZCSuGE=
-13,20,jy/h0keBCICn8Qw+vR6rUzFh4WI=,zBMUKpw0g7j/SgQPz+4XCZCSuGE=
-14,23,jy/h0keBCICn8Qw+vR6rUzFh4WI=,zBMUKpw0g7j/SgQPz+4XCZCSuGE=
-13,23,jy/h0keBCICn8Qw+vR6rUzFh4WI=,zBMUKpw0g7j/SgQPz+4XCZCSuGE=
-12,23,jy/h0keBCICn8Qw+vR6rUzFh4WI=,zBMUKpw0g7j/SgQPz+4XCZCSuGE=
-12,20,jy/h0keBCICn8Qw+vR6rUzFh4WI=,zBMUKpw0g7j/SgQPz+4XCZCSuGE=
-15,23,jy/h0keBCICn8Qw+vR6rUzFh4WI=,zBMUKpw0g7j/SgQPz+4XCZCSuGE=
-16,22,jy/h0keBCICn8Qw+vR6rUzFh4WI=,zBMUKpw0g7j/SgQPz+4XCZCSuGE=
-11,23,jy/h0keBCICn8Qw+vR6rUzFh4WI=,zBMUKpw0g7j/SgQPz+4XCZCSuGE=
-10,23,jy/h0keBCICn8Qw+vR6rUzFh4WI=,zBMUKpw0g7j/SgQPz+4XCZCSuGE=
-13,17,jy/h0keBCICn8Qw+vR6rUzFh4WI=,zBMUKpw0g7j/SgQPz+4XCZCSuGE=
-15,22,jy/h0keBCICn8Qw+vR6rUzFh4WI=,zBMUKpw0g7j/SgQPz+4XCZCSuGE=
-13,16,jy/h0keBCICn8Qw+vR6rUzFh4WI=,zBMUKpw0g7j/SgQPz+4XCZCSuGE=
-16,21,jy/h0keBCICn8Qw+vR6rUzFh4WI=,zBMUKpw0g7j/SgQPz+4XCZCSuGE=
-14,17,jy/h0keBCICn8Qw+vR6rUzFh4WI=,zBMUKpw0g7j/SgQPz+4XCZCSuGE=
-15,17,jy/h0keBCICn8Qw+vR6rUzFh4WI=,zBMUKpw0g7j/SgQPz+4XCZCSuGE=
-12,17,jy/h0keBCICn8Qw+vR6rUzFh4WI=,zBMUKpw0g7j/SgQPz+4XCZCSuGE=
-16,24,jy/h0keBCICn8Qw+vR6rUzFh4WI=,NR7ThZj3HR7s2+TI1mA1AEPv+vI=
-16,18,jy/h0keBCICn8Qw+vR6rUzFh4WI=,zBMUKpw0g7j/SgQPz+4XCZCSuGE=
-16,17,jy/h0keBCICn8Qw+vR6rUzFh4WI=,zBMUKpw0g7j/SgQPz+4XCZCSuGE=
-11,20,jy/h0keBCICn8Qw+vR6rUzFh4WI=,zBMUKpw0g7j/SgQPz+4XCZCSuGE=
-11,22,jy/h0keBCICn8Qw+vR6rUzFh4WI=,zBMUKpw0g7j/SgQPz+4XCZCSuGE=
-15,24,jy/h0keBCICn8Qw+vR6rUzFh4WI=,NR7ThZj3HR7s2+TI1mA1AEPv+vI=
-10,21,jy/h0keBCICn8Qw+vR6rUzFh4WI=,zBMUKpw0g7j/SgQPz+4XCZCSuGE=
-10,20,jy/h0keBCICn8Qw+vR6rUzFh4WI=,zBMUKpw0g7j/SgQPz+4XCZCSuGE=
-14,24,jy/h0keBCICn8Qw+vR6rUzFh4WI=,NR7ThZj3HR7s2+TI1mA1AEPv+vI=
-13,24,jy/h0keBCICn8Qw+vR6rUzFh4WI=,NR7ThZj3HR7s2+TI1mA1AEPv+vI=
-11,21,jy/h0keBCICn8Qw+vR6rUzFh4WI=,zBMUKpw0g7j/SgQPz+4XCZCSuGE=
-14,18,jy/h0keBCICn8Qw+vR6rUzFh4WI=,zBMUKpw0g7j/SgQPz+4XCZCSuGE=
-12,22,jy/h0keBCICn8Qw+vR6rUzFh4WI=,zBMUKpw0g7j/SgQPz+4XCZCSuGE=
-12,24,jy/h0keBCICn8Qw+vR6rUzFh4WI=,NR7ThZj3HR7s2+TI1mA1AEPv+vI=
-11,24,jy/h0keBCICn8Qw+vR6rUzFh4WI=,NR7ThZj3HR7s2+TI1mA1AEPv+vI=
-10,24,jy/h0keBCICn8Qw+vR6rUzFh4WI=,NR7ThZj3HR7s2+TI1mA1AEPv+vI=
-14,16,jy/h0keBCICn8Qw+vR6rUzFh4WI=,zBMUKpw0g7j/SgQPz+4XCZCSuGE=
-15,20,jy/h0keBCICn8Qw+vR6rUzFh4WI=,zBMUKpw0g7j/SgQPz+4XCZCSuGE=
-13,22,jy/h0keBCICn8Qw+vR6rUzFh4WI=,zBMUKpw0g7j/SgQPz+4XCZCSuGE=
-15,21,jy/h0keBCICn8Qw+vR6rUzFh4WI=,zBMUKpw0g7j/SgQPz+4XCZCSuGE=
-10,19,jy/h0keBCICn8Qw+vR6rUzFh4WI=,zBMUKpw0g7j/SgQPz+4XCZCSuGE=
-12,21,jy/h0keBCICn8Qw+vR6rUzFh4WI=,zBMUKpw0g7j/SgQPz+4XCZCSuGE=
-16,20,jy/h0keBCICn8Qw+vR6rUzFh4WI=,zBMUKpw0g7j/SgQPz+4XCZCSuGE=
-16,16,jy/h0keBCICn8Qw+vR6rUzFh4WI=,zBMUKpw0g7j/SgQPz+4XCZCSuGE=
-11,19,jy/h0keBCICn8Qw+vR6rUzFh4WI=,zBMUKpw0g7j/SgQPz+4XCZCSuGE=
-12,16,jy/h0keBCICn8Qw+vR6rUzFh4WI=,zBMUKpw0g7j/SgQPz+4XCZCSuGE=
-13,19,jy/h0keBCICn8Qw+vR6rUzFh4WI=,zBMUKpw0g7j/SgQPz+4XCZCSuGE=
-12,19,jy/h0keBCICn8Qw+vR6rUzFh4WI=,zBMUKpw0g7j/SgQPz+4XCZCSuGE=
-15,19,jy/h0keBCICn8Qw+vR6rUzFh4WI=,zBMUKpw0g7j/SgQPz+4XCZCSuGE=
-13,21,jy/h0keBCICn8Qw+vR6rUzFh4WI=,zBMUKpw0g7j/SgQPz+4XCZCSuGE=
-14,22,jy/h0keBCICn8Qw+vR6rUzFh4WI=,zBMUKpw0g7j/SgQPz+4XCZCSuGE=
-10,18,jy/h0keBCICn8Qw+vR6rUzFh4WI=,zBMUKpw0g7j/SgQPz+4XCZCSuGE=
-15,16,jy/h0keBCICn8Qw+vR6rUzFh4WI=,zBMUKpw0g7j/SgQPz+4XCZCSuGE=
-11,16,jy/h0keBCICn8Qw+vR6rUzFh4WI=,zBMUKpw0g7j/SgQPz+4XCZCSuGE=
-11,18,jy/h0keBCICn8Qw+vR6rUzFh4WI=,zBMUKpw0g7j/SgQPz+4XCZCSuGE=
-16,19,jy/h0keBCICn8Qw+vR6rUzFh4WI=,zBMUKpw0g7j/SgQPz+4XCZCSuGE=
-14,19,jy/h0keBCICn8Qw+vR6rUzFh4WI=,zBMUKpw0g7j/SgQPz+4XCZCSuGE=
-10,17,jy/h0keBCICn8Qw+vR6rUzFh4WI=,zBMUKpw0g7j/SgQPz+4XCZCSuGE=
-12,18,jy/h0keBCICn8Qw+vR6rUzFh4WI=,zBMUKpw0g7j/SgQPz+4XCZCSuGE=
-13,18,jy/h0keBCICn8Qw+vR6rUzFh4WI=,zBMUKpw0g7j/SgQPz+4XCZCSuGE=
-14,21,jy/h0keBCICn8Qw+vR6rUzFh4WI=,zBMUKpw0g7j/SgQPz+4XCZCSuGE=
-11,17,jy/h0keBCICn8Qw+vR6rUzFh4WI=,zBMUKpw0g7j/SgQPz+4XCZCSuGE=
-10,16,jy/h0keBCICn8Qw+vR6rUzFh4WI=,zBMUKpw0g7j/SgQPz+4XCZCSuGE=
-9,22,jy/h0keBCICn8Qw+vR6rUzFh4WI=,zBMUKpw0g7j/SgQPz+4XCZCSuGE=
-1,23,jy/h0keBCICn8Qw+vR6rUzFh4WI=,3TXiqr0XcQzM4M9ZCPC/9B2UnPI=
-5,19,jy/h0keBCICn8Qw+vR6rUzFh4WI=,3TXiqr0XcQzM4M9ZCPC/9B2UnPI=
-6,19,jy/h0keBCICn8Qw+vR6rUzFh4WI=,3TXiqr0XcQzM4M9ZCPC/9B2UnPI=
-4,19,jy/h0keBCICn8Qw+vR6rUzFh4WI=,3TXiqr0XcQzM4M9ZCPC/9B2UnPI=
-7,19,jy/h0keBCICn8Qw+vR6rUzFh4WI=,3TXiqr0XcQzM4M9ZCPC/9B2UnPI=
-8,19,jy/h0keBCICn8Qw+vR6rUzFh4WI=,3TXiqr0XcQzM4M9ZCPC/9B2UnPI=
-2,23,jy/h0keBCICn8Qw+vR6rUzFh4WI=,3TXiqr0XcQzM4M9ZCPC/9B2UnPI=
-3,19,jy/h0keBCICn8Qw+vR6rUzFh4WI=,3TXiqr0XcQzM4M9ZCPC/9B2UnPI=
-9,21,jy/h0keBCICn8Qw+vR6rUzFh4WI=,zBMUKpw0g7j/SgQPz+4XCZCSuGE=
-3,23,jy/h0keBCICn8Qw+vR6rUzFh4WI=,3TXiqr0XcQzM4M9ZCPC/9B2UnPI=
-9,23,jy/h0keBCICn8Qw+vR6rUzFh4WI=,zBMUKpw0g7j/SgQPz+4XCZCSuGE=
-4,23,jy/h0keBCICn8Qw+vR6rUzFh4WI=,3TXiqr0XcQzM4M9ZCPC/9B2UnPI=
-9,24,jy/h0keBCICn8Qw+vR6rUzFh4WI=,NR7ThZj3HR7s2+TI1mA1AEPv+vI=
-1,18,jy/h0keBCICn8Qw+vR6rUzFh4WI=,3TXiqr0XcQzM4M9ZCPC/9B2UnPI=
-5,23,jy/h0keBCICn8Qw+vR6rUzFh4WI=,3TXiqr0XcQzM4M9ZCPC/9B2UnPI=
-2,18,jy/h0keBCICn8Qw+vR6rUzFh4WI=,3TXiqr0XcQzM4M9ZCPC/9B2UnPI=
-8,24,jy/h0keBCICn8Qw+vR6rUzFh4WI=,yT5nmECqupngcIMflh0cisb5rGQ=
-6,23,jy/h0keBCICn8Qw+vR6rUzFh4WI=,3TXiqr0XcQzM4M9ZCPC/9B2UnPI=
-7,23,jy/h0keBCICn8Qw+vR6rUzFh4WI=,3TXiqr0XcQzM4M9ZCPC/9B2UnPI=
-9,20,jy/h0keBCICn8Qw+vR6rUzFh4WI=,zBMUKpw0g7j/SgQPz+4XCZCSuGE=
-8,23,jy/h0keBCICn8Qw+vR6rUzFh4WI=,3TXiqr0XcQzM4M9ZCPC/9B2UnPI=
-7,24,jy/h0keBCICn8Qw+vR6rUzFh4WI=,yT5nmECqupngcIMflh0cisb5rGQ=
-3,18,jy/h0keBCICn8Qw+vR6rUzFh4WI=,3TXiqr0XcQzM4M9ZCPC/9B2UnPI=
-4,18,jy/h0keBCICn8Qw+vR6rUzFh4WI=,3TXiqr0XcQzM4M9ZCPC/9B2UnPI=
-6,24,jy/h0keBCICn8Qw+vR6rUzFh4WI=,yT5nmECqupngcIMflh0cisb5rGQ=
-5,18,jy/h0keBCICn8Qw+vR6rUzFh4WI=,3TXiqr0XcQzM4M9ZCPC/9B2UnPI=
-2,22,jy/h0keBCICn8Qw+vR6rUzFh4WI=,3TXiqr0XcQzM4M9ZCPC/9B2UnPI=
-5,24,jy/h0keBCICn8Qw+vR6rUzFh4WI=,yT5nmECqupngcIMflh0cisb5rGQ=
-6,18,jy/h0keBCICn8Qw+vR6rUzFh4WI=,3TXiqr0XcQzM4M9ZCPC/9B2UnPI=
-7,18,jy/h0keBCICn8Qw+vR6rUzFh4WI=,3TXiqr0XcQzM4M9ZCPC/9B2UnPI=
-8,18,jy/h0keBCICn8Qw+vR6rUzFh4WI=,3TXiqr0XcQzM4M9ZCPC/9B2UnPI=
-2,19,jy/h0keBCICn8Qw+vR6rUzFh4WI=,3TXiqr0XcQzM4M9ZCPC/9B2UnPI=
-1,17,jy/h0keBCICn8Qw+vR6rUzFh4WI=,3TXiqr0XcQzM4M9ZCPC/9B2UnPI=
-4,24,jy/h0keBCICn8Qw+vR6rUzFh4WI=,yT5nmECqupngcIMflh0cisb5rGQ=
-2,17,jy/h0keBCICn8Qw+vR6rUzFh4WI=,3TXiqr0XcQzM4M9ZCPC/9B2UnPI=
-3,22,jy/h0keBCICn8Qw+vR6rUzFh4WI=,3TXiqr0XcQzM4M9ZCPC/9B2UnPI=
-3,17,jy/h0keBCICn8Qw+vR6rUzFh4WI=,3TXiqr0XcQzM4M9ZCPC/9B2UnPI=
-3,24,jy/h0keBCICn8Qw+vR6rUzFh4WI=,yT5nmECqupngcIMflh0cisb5rGQ=
-6,17,jy/h0keBCICn8Qw+vR6rUzFh4WI=,3TXiqr0XcQzM4M9ZCPC/9B2UnPI=
-4,17,jy/h0keBCICn8Qw+vR6rUzFh4WI=,3TXiqr0XcQzM4M9ZCPC/9B2UnPI=
-5,17,jy/h0keBCICn8Qw+vR6rUzFh4WI=,3TXiqr0XcQzM4M9ZCPC/9B2UnPI=
-2,24,jy/h0keBCICn8Qw+vR6rUzFh4WI=,yT5nmECqupngcIMflh0cisb5rGQ=
-1,22,jy/h0keBCICn8Qw+vR6rUzFh4WI=,3TXiqr0XcQzM4M9ZCPC/9B2UnPI=
-8,17,jy/h0keBCICn8Qw+vR6rUzFh4WI=,3TXiqr0XcQzM4M9ZCPC/9B2UnPI=
-7,17,jy/h0keBCICn8Qw+vR6rUzFh4WI=,3TXiqr0XcQzM4M9ZCPC/9B2UnPI=
-9,16,jy/h0keBCICn8Qw+vR6rUzFh4WI=,zBMUKpw0g7j/SgQPz+4XCZCSuGE=
-1,16,jy/h0keBCICn8Qw+vR6rUzFh4WI=,3TXiqr0XcQzM4M9ZCPC/9B2UnPI=
-1,19,jy/h0keBCICn8Qw+vR6rUzFh4WI=,3TXiqr0XcQzM4M9ZCPC/9B2UnPI=
-1,24,jy/h0keBCICn8Qw+vR6rUzFh4WI=,yT5nmECqupngcIMflh0cisb5rGQ=
-9,17,jy/h0keBCICn8Qw+vR6rUzFh4WI=,zBMUKpw0g7j/SgQPz+4XCZCSuGE=
-2,16,jy/h0keBCICn8Qw+vR6rUzFh4WI=,3TXiqr0XcQzM4M9ZCPC/9B2UnPI=
-5,22,jy/h0keBCICn8Qw+vR6rUzFh4WI=,3TXiqr0XcQzM4M9ZCPC/9B2UnPI=
-6,22,jy/h0keBCICn8Qw+vR6rUzFh4WI=,3TXiqr0XcQzM4M9ZCPC/9B2UnPI=
-8,20,jy/h0keBCICn8Qw+vR6rUzFh4WI=,3TXiqr0XcQzM4M9ZCPC/9B2UnPI=
-4,22,jy/h0keBCICn8Qw+vR6rUzFh4WI=,3TXiqr0XcQzM4M9ZCPC/9B2UnPI=
-3,16,jy/h0keBCICn8Qw+vR6rUzFh4WI=,3TXiqr0XcQzM4M9ZCPC/9B2UnPI=
-1,21,jy/h0keBCICn8Qw+vR6rUzFh4WI=,3TXiqr0XcQzM4M9ZCPC/9B2UnPI=
-8,22,jy/h0keBCICn8Qw+vR6rUzFh4WI=,3TXiqr0XcQzM4M9ZCPC/9B2UnPI=
-7,22,jy/h0keBCICn8Qw+vR6rUzFh4WI=,3TXiqr0XcQzM4M9ZCPC/9B2UnPI=
-7,20,jy/h0keBCICn8Qw+vR6rUzFh4WI=,3TXiqr0XcQzM4M9ZCPC/9B2UnPI=
-2,21,jy/h0keBCICn8Qw+vR6rUzFh4WI=,3TXiqr0XcQzM4M9ZCPC/9B2UnPI=
-3,21,jy/h0keBCICn8Qw+vR6rUzFh4WI=,3TXiqr0XcQzM4M9ZCPC/9B2UnPI=
-4,16,jy/h0keBCICn8Qw+vR6rUzFh4WI=,3TXiqr0XcQzM4M9ZCPC/9B2UnPI=
-6,16,jy/h0keBCICn8Qw+vR6rUzFh4WI=,3TXiqr0XcQzM4M9ZCPC/9B2UnPI=
-5,16,jy/h0keBCICn8Qw+vR6rUzFh4WI=,3TXiqr0XcQzM4M9ZCPC/9B2UnPI=
-6,20,jy/h0keBCICn8Qw+vR6rUzFh4WI=,3TXiqr0XcQzM4M9ZCPC/9B2UnPI=
-9,18,jy/h0keBCICn8Qw+vR6rUzFh4WI=,zBMUKpw0g7j/SgQPz+4XCZCSuGE=
-5,21,jy/h0keBCICn8Qw+vR6rUzFh4WI=,3TXiqr0XcQzM4M9ZCPC/9B2UnPI=
-8,16,jy/h0keBCICn8Qw+vR6rUzFh4WI=,3TXiqr0XcQzM4M9ZCPC/9B2UnPI=
-7,16,jy/h0keBCICn8Qw+vR6rUzFh4WI=,3TXiqr0XcQzM4M9ZCPC/9B2UnPI=
-6,21,jy/h0keBCICn8Qw+vR6rUzFh4WI=,3TXiqr0XcQzM4M9ZCPC/9B2UnPI=
-5,20,jy/h0keBCICn8Qw+vR6rUzFh4WI=,3TXiqr0XcQzM4M9ZCPC/9B2UnPI=
-8,21,jy/h0keBCICn8Qw+vR6rUzFh4WI=,3TXiqr0XcQzM4M9ZCPC/9B2UnPI=
-9,19,jy/h0keBCICn8Qw+vR6rUzFh4WI=,zBMUKpw0g7j/SgQPz+4XCZCSuGE=
-7,21,jy/h0keBCICn8Qw+vR6rUzFh4WI=,3TXiqr0XcQzM4M9ZCPC/9B2UnPI=
-4,20,jy/h0keBCICn8Qw+vR6rUzFh4WI=,3TXiqr0XcQzM4M9ZCPC/9B2UnPI=
-1,20,jy/h0keBCICn8Qw+vR6rUzFh4WI=,3TXiqr0XcQzM4M9ZCPC/9B2UnPI=
-2,20,jy/h0keBCICn8Qw+vR6rUzFh4WI=,3TXiqr0XcQzM4M9ZCPC/9B2UnPI=
-3,20,jy/h0keBCICn8Qw+vR6rUzFh4WI=,3TXiqr0XcQzM4M9ZCPC/9B2UnPI=
-4,21,jy/h0keBCICn8Qw+vR6rUzFh4WI=,3TXiqr0XcQzM4M9ZCPC/9B2UnPI=
-15,9,Rjtdyn4Hq/+xmZ0/5F5nvmaWLtM=,Zxxma+zcsGrJAP415X085/yZ/xU=
-11,14,Rjtdyn4Hq/+xmZ0/5F5nvmaWLtM=,Zxxma+zcsGrJAP415X085/yZ/xU=
-10,14,Rjtdyn4Hq/+xmZ0/5F5nvmaWLtM=,Zxxma+zcsGrJAP415X085/yZ/xU=
-12,14,Rjtdyn4Hq/+xmZ0/5F5nvmaWLtM=,Zxxma+zcsGrJAP415X085/yZ/xU=
-13,14,Rjtdyn4Hq/+xmZ0/5F5nvmaWLtM=,Zxxma+zcsGrJAP415X085/yZ/xU=
-14,14,Rjtdyn4Hq/+xmZ0/5F5nvmaWLtM=,Zxxma+zcsGrJAP415X085/yZ/xU=
-15,14,Rjtdyn4Hq/+xmZ0/5F5nvmaWLtM=,Zxxma+zcsGrJAP415X085/yZ/xU=
-10,13,xfKxfS6CZKpW7akh+LDsHsg7VfY=,Zxxma+zcsGrJAP415X085/yZ/xU=
-12,13,xfKxfS6CZKpW7akh+LDsHsg7VfY=,Zxxma+zcsGrJAP415X085/yZ/xU=
-14,13,wvuWAVIe+qJ8zHdlm38+ZqIodDY=,Zxxma+zcsGrJAP415X085/yZ/xU=
-11,13,221DdkzwH4fBLOw1l55npMqPb7U=,Zxxma+zcsGrJAP415X085/yZ/xU=
-15,13,221DdkzwH4fBLOw1l55npMqPb7U=,Zxxma+zcsGrJAP415X085/yZ/xU=
-10,12,221DdkzwH4fBLOw1l55npMqPb7U=,Zxxma+zcsGrJAP415X085/yZ/xU=
-12,12,221DdkzwH4fBLOw1l55npMqPb7U=,Zxxma+zcsGrJAP415X085/yZ/xU=
-13,12,221DdkzwH4fBLOw1l55npMqPb7U=,Zxxma+zcsGrJAP415X085/yZ/xU=
-11,12,221DdkzwH4fBLOw1l55npMqPb7U=,Zxxma+zcsGrJAP415X085/yZ/xU=
-15,12,221DdkzwH4fBLOw1l55npMqPb7U=,Zxxma+zcsGrJAP415X085/yZ/xU=
-14,12,221DdkzwH4fBLOw1l55npMqPb7U=,Zxxma+zcsGrJAP415X085/yZ/xU=
-10,11,221DdkzwH4fBLOw1l55npMqPb7U=,Zxxma+zcsGrJAP415X085/yZ/xU=
-12,11,221DdkzwH4fBLOw1l55npMqPb7U=,Zxxma+zcsGrJAP415X085/yZ/xU=
-13,11,221DdkzwH4fBLOw1l55npMqPb7U=,Zxxma+zcsGrJAP415X085/yZ/xU=
-11,11,221DdkzwH4fBLOw1l55npMqPb7U=,Zxxma+zcsGrJAP415X085/yZ/xU=
-15,11,221DdkzwH4fBLOw1l55npMqPb7U=,Zxxma+zcsGrJAP415X085/yZ/xU=
-14,11,221DdkzwH4fBLOw1l55npMqPb7U=,Zxxma+zcsGrJAP415X085/yZ/xU=
-10,10,221DdkzwH4fBLOw1l55npMqPb7U=,Zxxma+zcsGrJAP415X085/yZ/xU=
-11,10,221DdkzwH4fBLOw1l55npMqPb7U=,Zxxma+zcsGrJAP415X085/yZ/xU=
-12,10,221DdkzwH4fBLOw1l55npMqPb7U=,Zxxma+zcsGrJAP415X085/yZ/xU=
-13,10,221DdkzwH4fBLOw1l55npMqPb7U=,Zxxma+zcsGrJAP415X085/yZ/xU=
-15,10,221DdkzwH4fBLOw1l55npMqPb7U=,Zxxma+zcsGrJAP415X085/yZ/xU=
-11,9,221DdkzwH4fBLOw1l55npMqPb7U=,Zxxma+zcsGrJAP415X085/yZ/xU=
-10,9,221DdkzwH4fBLOw1l55npMqPb7U=,Zxxma+zcsGrJAP415X085/yZ/xU=
-12,9,221DdkzwH4fBLOw1l55npMqPb7U=,Zxxma+zcsGrJAP415X085/yZ/xU=
-13,9,221DdkzwH4fBLOw1l55npMqPb7U=,Zxxma+zcsGrJAP415X085/yZ/xU=
-14,9,221DdkzwH4fBLOw1l55npMqPb7U=,Zxxma+zcsGrJAP415X085/yZ/xU=
-14,10,221DdkzwH4fBLOw1l55npMqPb7U=,Zxxma+zcsGrJAP415X085/yZ/xU=
-13,13,221DdkzwH4fBLOw1l55npMqPb7U=,Zxxma+zcsGrJAP415X085/yZ/xU=
-9,14,221DdkzwH4fBLOw1l55npMqPb7U=,Zxxma+zcsGrJAP415X085/yZ/xU=
-6,13,221DdkzwH4fBLOw1l55npMqPb7U=,ApbBCNHUYf0Sv7Qm718/bJl3lXk=
-4,13,221DdkzwH4fBLOw1l55npMqPb7U=,ApbBCNHUYf0Sv7Qm718/bJl3lXk=
-8,13,221DdkzwH4fBLOw1l55npMqPb7U=,ApbBCNHUYf0Sv7Qm718/bJl3lXk=
-7,13,221DdkzwH4fBLOw1l55npMqPb7U=,ApbBCNHUYf0Sv7Qm718/bJl3lXk=
-9,9,221DdkzwH4fBLOw1l55npMqPb7U=,Zxxma+zcsGrJAP415X085/yZ/xU=
-3,13,221DdkzwH4fBLOw1l55npMqPb7U=,ApbBCNHUYf0Sv7Qm718/bJl3lXk=
-2,13,221DdkzwH4fBLOw1l55npMqPb7U=,ApbBCNHUYf0Sv7Qm718/bJl3lXk=
-1,12,221DdkzwH4fBLOw1l55npMqPb7U=,ApbBCNHUYf0Sv7Qm718/bJl3lXk=
-5,13,221DdkzwH4fBLOw1l55npMqPb7U=,ApbBCNHUYf0Sv7Qm718/bJl3lXk=
-2,12,221DdkzwH4fBLOw1l55npMqPb7U=,ApbBCNHUYf0Sv7Qm718/bJl3lXk=
-1,13,221DdkzwH4fBLOw1l55npMqPb7U=,ApbBCNHUYf0Sv7Qm718/bJl3lXk=
-3,12,221DdkzwH4fBLOw1l55npMqPb7U=,ApbBCNHUYf0Sv7Qm718/bJl3lXk=
-8,14,221DdkzwH4fBLOw1l55npMqPb7U=,ApbBCNHUYf0Sv7Qm718/bJl3lXk=
-7,14,221DdkzwH4fBLOw1l55npMqPb7U=,ApbBCNHUYf0Sv7Qm718/bJl3lXk=
-4,12,221DdkzwH4fBLOw1l55npMqPb7U=,ApbBCNHUYf0Sv7Qm718/bJl3lXk=
-5,12,221DdkzwH4fBLOw1l55npMqPb7U=,ApbBCNHUYf0Sv7Qm718/bJl3lXk=
-6,14,221DdkzwH4fBLOw1l55npMqPb7U=,ApbBCNHUYf0Sv7Qm718/bJl3lXk=
-5,14,221DdkzwH4fBLOw1l55npMqPb7U=,ApbBCNHUYf0Sv7Qm718/bJl3lXk=
-6,12,221DdkzwH4fBLOw1l55npMqPb7U=,ApbBCNHUYf0Sv7Qm718/bJl3lXk=
-9,13,221DdkzwH4fBLOw1l55npMqPb7U=,Zxxma+zcsGrJAP415X085/yZ/xU=
-7,12,221DdkzwH4fBLOw1l55npMqPb7U=,ApbBCNHUYf0Sv7Qm718/bJl3lXk=
-4,14,221DdkzwH4fBLOw1l55npMqPb7U=,ApbBCNHUYf0Sv7Qm718/bJl3lXk=
-8,12,221DdkzwH4fBLOw1l55npMqPb7U=,ApbBCNHUYf0Sv7Qm718/bJl3lXk=
-3,14,221DdkzwH4fBLOw1l55npMqPb7U=,ApbBCNHUYf0Sv7Qm718/bJl3lXk=
-2,14,221DdkzwH4fBLOw1l55npMqPb7U=,ApbBCNHUYf0Sv7Qm718/bJl3lXk=
-1,14,221DdkzwH4fBLOw1l55npMqPb7U=,ApbBCNHUYf0Sv7Qm718/bJl3lXk=
-7,15,221DdkzwH4fBLOw1l55npMqPb7U=,ApbBCNHUYf0Sv7Qm718/bJl3lXk=
-6,15,221DdkzwH4fBLOw1l55npMqPb7U=,ApbBCNHUYf0Sv7Qm718/bJl3lXk=
-5,15,221DdkzwH4fBLOw1l55npMqPb7U=,ApbBCNHUYf0Sv7Qm718/bJl3lXk=
-4,15,221DdkzwH4fBLOw1l55npMqPb7U=,ApbBCNHUYf0Sv7Qm718/bJl3lXk=
-1,11,221DdkzwH4fBLOw1l55npMqPb7U=,ApbBCNHUYf0Sv7Qm718/bJl3lXk=
-3,15,221DdkzwH4fBLOw1l55npMqPb7U=,ApbBCNHUYf0Sv7Qm718/bJl3lXk=
-2,15,221DdkzwH4fBLOw1l55npMqPb7U=,ApbBCNHUYf0Sv7Qm718/bJl3lXk=
-12,15,221DdkzwH4fBLOw1l55npMqPb7U=,Zxxma+zcsGrJAP415X085/yZ/xU=
-8,9,221DdkzwH4fBLOw1l55npMqPb7U=,ApbBCNHUYf0Sv7Qm718/bJl3lXk=
-11,15,221DdkzwH4fBLOw1l55npMqPb7U=,Zxxma+zcsGrJAP415X085/yZ/xU=
-10,15,221DdkzwH4fBLOw1l55npMqPb7U=,Zxxma+zcsGrJAP415X085/yZ/xU=
-13,15,221DdkzwH4fBLOw1l55npMqPb7U=,Zxxma+zcsGrJAP415X085/yZ/xU=
-9,15,221DdkzwH4fBLOw1l55npMqPb7U=,Zxxma+zcsGrJAP415X085/yZ/xU=
-8,15,221DdkzwH4fBLOw1l55npMqPb7U=,ApbBCNHUYf0Sv7Qm718/bJl3lXk=
-9,10,221DdkzwH4fBLOw1l55npMqPb7U=,Zxxma+zcsGrJAP415X085/yZ/xU=
-15,15,221DdkzwH4fBLOw1l55npMqPb7U=,Zxxma+zcsGrJAP415X085/yZ/xU=
-14,15,221DdkzwH4fBLOw1l55npMqPb7U=,Zxxma+zcsGrJAP415X085/yZ/xU=
-7,9,221DdkzwH4fBLOw1l55npMqPb7U=,ApbBCNHUYf0Sv7Qm718/bJl3lXk=
-2,11,221DdkzwH4fBLOw1l55npMqPb7U=,ApbBCNHUYf0Sv7Qm718/bJl3lXk=
-6,9,221DdkzwH4fBLOw1l55npMqPb7U=,ApbBCNHUYf0Sv7Qm718/bJl3lXk=
-3,11,221DdkzwH4fBLOw1l55npMqPb7U=,ApbBCNHUYf0Sv7Qm718/bJl3lXk=
-4,11,221DdkzwH4fBLOw1l55npMqPb7U=,ApbBCNHUYf0Sv7Qm718/bJl3lXk=
-5,9,221DdkzwH4fBLOw1l55npMqPb7U=,ApbBCNHUYf0Sv7Qm718/bJl3lXk=
-5,11,221DdkzwH4fBLOw1l55npMqPb7U=,ApbBCNHUYf0Sv7Qm718/bJl3lXk=
-6,11,221DdkzwH4fBLOw1l55npMqPb7U=,ApbBCNHUYf0Sv7Qm718/bJl3lXk=
-9,12,221DdkzwH4fBLOw1l55npMqPb7U=,Zxxma+zcsGrJAP415X085/yZ/xU=
-8,11,221DdkzwH4fBLOw1l55npMqPb7U=,ApbBCNHUYf0Sv7Qm718/bJl3lXk=
-7,11,221DdkzwH4fBLOw1l55npMqPb7U=,ApbBCNHUYf0Sv7Qm718/bJl3lXk=
-4,9,221DdkzwH4fBLOw1l55npMqPb7U=,ApbBCNHUYf0Sv7Qm718/bJl3lXk=
-1,10,221DdkzwH4fBLOw1l55npMqPb7U=,ApbBCNHUYf0Sv7Qm718/bJl3lXk=
-2,10,221DdkzwH4fBLOw1l55npMqPb7U=,ApbBCNHUYf0Sv7Qm718/bJl3lXk=
-3,10,221DdkzwH4fBLOw1l55npMqPb7U=,ApbBCNHUYf0Sv7Qm718/bJl3lXk=
-3,9,221DdkzwH4fBLOw1l55npMqPb7U=,ApbBCNHUYf0Sv7Qm718/bJl3lXk=
-4,10,221DdkzwH4fBLOw1l55npMqPb7U=,ApbBCNHUYf0Sv7Qm718/bJl3lXk=
-9,11,221DdkzwH4fBLOw1l55npMqPb7U=,Zxxma+zcsGrJAP415X085/yZ/xU=
-5,10,221DdkzwH4fBLOw1l55npMqPb7U=,ApbBCNHUYf0Sv7Qm718/bJl3lXk=
-6,10,221DdkzwH4fBLOw1l55npMqPb7U=,ApbBCNHUYf0Sv7Qm718/bJl3lXk=
-7,10,221DdkzwH4fBLOw1l55npMqPb7U=,ApbBCNHUYf0Sv7Qm718/bJl3lXk=
-8,10,221DdkzwH4fBLOw1l55npMqPb7U=,ApbBCNHUYf0Sv7Qm718/bJl3lXk=
-1,9,221DdkzwH4fBLOw1l55npMqPb7U=,ApbBCNHUYf0Sv7Qm718/bJl3lXk=
-16,9,221DdkzwH4fBLOw1l55npMqPb7U=,Zxxma+zcsGrJAP415X085/yZ/xU=
-16,10,221DdkzwH4fBLOw1l55npMqPb7U=,Zxxma+zcsGrJAP415X085/yZ/xU=
-16,11,221DdkzwH4fBLOw1l55npMqPb7U=,Zxxma+zcsGrJAP415X085/yZ/xU=
-16,12,221DdkzwH4fBLOw1l55npMqPb7U=,Zxxma+zcsGrJAP415X085/yZ/xU=
-16,13,221DdkzwH4fBLOw1l55npMqPb7U=,Zxxma+zcsGrJAP415X085/yZ/xU=
-2,9,221DdkzwH4fBLOw1l55npMqPb7U=,ApbBCNHUYf0Sv7Qm718/bJl3lXk=
-16,14,221DdkzwH4fBLOw1l55npMqPb7U=,Zxxma+zcsGrJAP415X085/yZ/xU=
-16,15,221DdkzwH4fBLOw1l55npMqPb7U=,Zxxma+zcsGrJAP415X085/yZ/xU=
-1,15,221DdkzwH4fBLOw1l55npMqPb7U=,ApbBCNHUYf0Sv7Qm718/bJl3lXk=
-4,3,221DdkzwH4fBLOw1l55npMqPb7U=,FPfzhxgDVdADCcFgC/0ZrKyn62g=
-12,7,221DdkzwH4fBLOw1l55npMqPb7U=,ZsnPl4ziQIN0Zih9edpWZ6WYk0s=
-3,3,221DdkzwH4fBLOw1l55npMqPb7U=,FPfzhxgDVdADCcFgC/0ZrKyn62g=
-11,7,221DdkzwH4fBLOw1l55npMqPb7U=,ZsnPl4ziQIN0Zih9edpWZ6WYk0s=
-1,7,221DdkzwH4fBLOw1l55npMqPb7U=,FPfzhxgDVdADCcFgC/0ZrKyn62g=
-2,3,221DdkzwH4fBLOw1l55npMqPb7U=,FPfzhxgDVdADCcFgC/0ZrKyn62g=
-5,3,221DdkzwH4fBLOw1l55npMqPb7U=,FPfzhxgDVdADCcFgC/0ZrKyn62g=
-16,6,221DdkzwH4fBLOw1l55npMqPb7U=,ZsnPl4ziQIN0Zih9edpWZ6WYk0s=
-6,3,221DdkzwH4fBLOw1l55npMqPb7U=,FPfzhxgDVdADCcFgC/0ZrKyn62g=
-7,8,221DdkzwH4fBLOw1l55npMqPb7U=,ApbBCNHUYf0Sv7Qm718/bJl3lXk=
-12,1,221DdkzwH4fBLOw1l55npMqPb7U=,ZsnPl4ziQIN0Zih9edpWZ6WYk0s=
-13,3,221DdkzwH4fBLOw1l55npMqPb7U=,ZsnPl4ziQIN0Zih9edpWZ6WYk0s=
-2,7,221DdkzwH4fBLOw1l55npMqPb7U=,FPfzhxgDVdADCcFgC/0ZrKyn62g=
-6,8,221DdkzwH4fBLOw1l55npMqPb7U=,ApbBCNHUYf0Sv7Qm718/bJl3lXk=
-10,7,221DdkzwH4fBLOw1l55npMqPb7U=,ZsnPl4ziQIN0Zih9edpWZ6WYk0s=
-3,7,221DdkzwH4fBLOw1l55npMqPb7U=,FPfzhxgDVdADCcFgC/0ZrKyn62g=
-5,8,221DdkzwH4fBLOw1l55npMqPb7U=,ApbBCNHUYf0Sv7Qm718/bJl3lXk=
-9,7,221DdkzwH4fBLOw1l55npMqPb7U=,ZsnPl4ziQIN0Zih9edpWZ6WYk0s=
-16,8,221DdkzwH4fBLOw1l55npMqPb7U=,Zxxma+zcsGrJAP415X085/yZ/xU=
-1,2,221DdkzwH4fBLOw1l55npMqPb7U=,FPfzhxgDVdADCcFgC/0ZrKyn62g=
-11,6,221DdkzwH4fBLOw1l55npMqPb7U=,ZsnPl4ziQIN0Zih9edpWZ6WYk0s=
-1,3,221DdkzwH4fBLOw1l55npMqPb7U=,FPfzhxgDVdADCcFgC/0ZrKyn62g=
-15,8,221DdkzwH4fBLOw1l55npMqPb7U=,Zxxma+zcsGrJAP415X085/yZ/xU=
-2,2,221DdkzwH4fBLOw1l55npMqPb7U=,FPfzhxgDVdADCcFgC/0ZrKyn62g=
-4,7,221DdkzwH4fBLOw1l55npMqPb7U=,FPfzhxgDVdADCcFgC/0ZrKyn62g=
-12,4,221DdkzwH4fBLOw1l55npMqPb7U=,ZsnPl4ziQIN0Zih9edpWZ6WYk0s=
-4,8,221DdkzwH4fBLOw1l55npMqPb7U=,ApbBCNHUYf0Sv7Qm718/bJl3lXk=
-4,2,221DdkzwH4fBLOw1l55npMqPb7U=,FPfzhxgDVdADCcFgC/0ZrKyn62g=
-3,2,221DdkzwH4fBLOw1l55npMqPb7U=,FPfzhxgDVdADCcFgC/0ZrKyn62g=
-15,6,221DdkzwH4fBLOw1l55npMqPb7U=,ZsnPl4ziQIN0Zih9edpWZ6WYk0s=
-3,8,221DdkzwH4fBLOw1l55npMqPb7U=,ApbBCNHUYf0Sv7Qm718/bJl3lXk=
-7,3,221DdkzwH4fBLOw1l55npMqPb7U=,FPfzhxgDVdADCcFgC/0ZrKyn62g=
-5,2,221DdkzwH4fBLOw1l55npMqPb7U=,FPfzhxgDVdADCcFgC/0ZrKyn62g=
-6,2,221DdkzwH4fBLOw1l55npMqPb7U=,FPfzhxgDVdADCcFgC/0ZrKyn62g=
-14,6,221DdkzwH4fBLOw1l55npMqPb7U=,ZsnPl4ziQIN0Zih9edpWZ6WYk0s=
-2,8,221DdkzwH4fBLOw1l55npMqPb7U=,ApbBCNHUYf0Sv7Qm718/bJl3lXk=
-14,8,221DdkzwH4fBLOw1l55npMqPb7U=,Zxxma+zcsGrJAP415X085/yZ/xU=
-7,2,221DdkzwH4fBLOw1l55npMqPb7U=,FPfzhxgDVdADCcFgC/0ZrKyn62g=
-5,7,221DdkzwH4fBLOw1l55npMqPb7U=,FPfzhxgDVdADCcFgC/0ZrKyn62g=
-12,6,221DdkzwH4fBLOw1l55npMqPb7U=,ZsnPl4ziQIN0Zih9edpWZ6WYk0s=
-1,8,221DdkzwH4fBLOw1l55npMqPb7U=,ApbBCNHUYf0Sv7Qm718/bJl3lXk=
-13,8,221DdkzwH4fBLOw1l55npMqPb7U=,Zxxma+zcsGrJAP415X085/yZ/xU=
-13,6,221DdkzwH4fBLOw1l55npMqPb7U=,ZsnPl4ziQIN0Zih9edpWZ6WYk0s=
-7,7,221DdkzwH4fBLOw1l55npMqPb7U=,FPfzhxgDVdADCcFgC/0ZrKyn62g=
-12,8,221DdkzwH4fBLOw1l55npMqPb7U=,Zxxma+zcsGrJAP415X085/yZ/xU=
-8,3,221DdkzwH4fBLOw1l55npMqPb7U=,FPfzhxgDVdADCcFgC/0ZrKyn62g=
-1,1,221DdkzwH4fBLOw1l55npMqPb7U=,FPfzhxgDVdADCcFgC/0ZrKyn62g=
-2,1,221DdkzwH4fBLOw1l55npMqPb7U=,FPfzhxgDVdADCcFgC/0ZrKyn62g=
-13,1,221DdkzwH4fBLOw1l55npMqPb7U=,ZsnPl4ziQIN0Zih9edpWZ6WYk0s=
-11,8,221DdkzwH4fBLOw1l55npMqPb7U=,Zxxma+zcsGrJAP415X085/yZ/xU=
-1,6,221DdkzwH4fBLOw1l55npMqPb7U=,FPfzhxgDVdADCcFgC/0ZrKyn62g=
-13,7,221DdkzwH4fBLOw1l55npMqPb7U=,ZsnPl4ziQIN0Zih9edpWZ6WYk0s=
-11,4,221DdkzwH4fBLOw1l55npMqPb7U=,ZsnPl4ziQIN0Zih9edpWZ6WYk0s=
-2,6,221DdkzwH4fBLOw1l55npMqPb7U=,FPfzhxgDVdADCcFgC/0ZrKyn62g=
-4,1,221DdkzwH4fBLOw1l55npMqPb7U=,FPfzhxgDVdADCcFgC/0ZrKyn62g=
-3,1,221DdkzwH4fBLOw1l55npMqPb7U=,FPfzhxgDVdADCcFgC/0ZrKyn62g=
-10,8,221DdkzwH4fBLOw1l55npMqPb7U=,Zxxma+zcsGrJAP415X085/yZ/xU=
-5,1,221DdkzwH4fBLOw1l55npMqPb7U=,FPfzhxgDVdADCcFgC/0ZrKyn62g=
-6,7,221DdkzwH4fBLOw1l55npMqPb7U=,FPfzhxgDVdADCcFgC/0ZrKyn62g=
-6,1,221DdkzwH4fBLOw1l55npMqPb7U=,FPfzhxgDVdADCcFgC/0ZrKyn62g=
-7,1,221DdkzwH4fBLOw1l55npMqPb7U=,FPfzhxgDVdADCcFgC/0ZrKyn62g=
-9,5,221DdkzwH4fBLOw1l55npMqPb7U=,ZsnPl4ziQIN0Zih9edpWZ6WYk0s=
-11,1,221DdkzwH4fBLOw1l55npMqPb7U=,ZsnPl4ziQIN0Zih9edpWZ6WYk0s=
-4,6,221DdkzwH4fBLOw1l55npMqPb7U=,FPfzhxgDVdADCcFgC/0ZrKyn62g=
-3,6,221DdkzwH4fBLOw1l55npMqPb7U=,FPfzhxgDVdADCcFgC/0ZrKyn62g=
-5,6,221DdkzwH4fBLOw1l55npMqPb7U=,FPfzhxgDVdADCcFgC/0ZrKyn62g=
-6,6,221DdkzwH4fBLOw1l55npMqPb7U=,FPfzhxgDVdADCcFgC/0ZrKyn62g=
-9,8,221DdkzwH4fBLOw1l55npMqPb7U=,Zxxma+zcsGrJAP415X085/yZ/xU=
-7,6,221DdkzwH4fBLOw1l55npMqPb7U=,FPfzhxgDVdADCcFgC/0ZrKyn62g=
-14,7,221DdkzwH4fBLOw1l55npMqPb7U=,ZsnPl4ziQIN0Zih9edpWZ6WYk0s=
-1,0,221DdkzwH4fBLOw1l55npMqPb7U=,FPfzhxgDVdADCcFgC/0ZrKyn62g=
-15,0,221DdkzwH4fBLOw1l55npMqPb7U=,ZsnPl4ziQIN0Zih9edpWZ6WYk0s=
-8,7,221DdkzwH4fBLOw1l55npMqPb7U=,FPfzhxgDVdADCcFgC/0ZrKyn62g=
-10,1,221DdkzwH4fBLOw1l55npMqPb7U=,ZsnPl4ziQIN0Zih9edpWZ6WYk0s=
-8,2,221DdkzwH4fBLOw1l55npMqPb7U=,FPfzhxgDVdADCcFgC/0ZrKyn62g=
-1,5,221DdkzwH4fBLOw1l55npMqPb7U=,FPfzhxgDVdADCcFgC/0ZrKyn62g=
-15,3,221DdkzwH4fBLOw1l55npMqPb7U=,ZsnPl4ziQIN0Zih9edpWZ6WYk0s=
-14,5,221DdkzwH4fBLOw1l55npMqPb7U=,ZsnPl4ziQIN0Zih9edpWZ6WYk0s=
-2,5,221DdkzwH4fBLOw1l55npMqPb7U=,FPfzhxgDVdADCcFgC/0ZrKyn62g=
-3,5,221DdkzwH4fBLOw1l55npMqPb7U=,FPfzhxgDVdADCcFgC/0ZrKyn62g=
-13,5,221DdkzwH4fBLOw1l55npMqPb7U=,ZsnPl4ziQIN0Zih9edpWZ6WYk0s=
-6,5,221DdkzwH4fBLOw1l55npMqPb7U=,FPfzhxgDVdADCcFgC/0ZrKyn62g=
-5,5,221DdkzwH4fBLOw1l55npMqPb7U=,FPfzhxgDVdADCcFgC/0ZrKyn62g=
-14,3,221DdkzwH4fBLOw1l55npMqPb7U=,ZsnPl4ziQIN0Zih9edpWZ6WYk0s=
-4,5,221DdkzwH4fBLOw1l55npMqPb7U=,FPfzhxgDVdADCcFgC/0ZrKyn62g=
-12,2,221DdkzwH4fBLOw1l55npMqPb7U=,ZsnPl4ziQIN0Zih9edpWZ6WYk0s=
-7,5,221DdkzwH4fBLOw1l55npMqPb7U=,FPfzhxgDVdADCcFgC/0ZrKyn62g=
-2,0,221DdkzwH4fBLOw1l55npMqPb7U=,FPfzhxgDVdADCcFgC/0ZrKyn62g=
-10,6,221DdkzwH4fBLOw1l55npMqPb7U=,ZsnPl4ziQIN0Zih9edpWZ6WYk0s=
-4,0,221DdkzwH4fBLOw1l55npMqPb7U=,FPfzhxgDVdADCcFgC/0ZrKyn62g=
-1,4,221DdkzwH4fBLOw1l55npMqPb7U=,FPfzhxgDVdADCcFgC/0ZrKyn62g=
-2,4,221DdkzwH4fBLOw1l55npMqPb7U=,FPfzhxgDVdADCcFgC/0ZrKyn62g=
-5,0,221DdkzwH4fBLOw1l55npMqPb7U=,FPfzhxgDVdADCcFgC/0ZrKyn62g=
-6,0,221DdkzwH4fBLOw1l55npMqPb7U=,FPfzhxgDVdADCcFgC/0ZrKyn62g=
-11,2,221DdkzwH4fBLOw1l55npMqPb7U=,ZsnPl4ziQIN0Zih9edpWZ6WYk0s=
-3,4,221DdkzwH4fBLOw1l55npMqPb7U=,FPfzhxgDVdADCcFgC/0ZrKyn62g=
-4,4,221DdkzwH4fBLOw1l55npMqPb7U=,FPfzhxgDVdADCcFgC/0ZrKyn62g=
-7,0,221DdkzwH4fBLOw1l55npMqPb7U=,FPfzhxgDVdADCcFgC/0ZrKyn62g=
-8,8,221DdkzwH4fBLOw1l55npMqPb7U=,ApbBCNHUYf0Sv7Qm718/bJl3lXk=
-15,7,221DdkzwH4fBLOw1l55npMqPb7U=,ZsnPl4ziQIN0Zih9edpWZ6WYk0s=
-6,4,221DdkzwH4fBLOw1l55npMqPb7U=,FPfzhxgDVdADCcFgC/0ZrKyn62g=
-3,0,221DdkzwH4fBLOw1l55npMqPb7U=,FPfzhxgDVdADCcFgC/0ZrKyn62g=
-9,1,221DdkzwH4fBLOw1l55npMqPb7U=,ZsnPl4ziQIN0Zih9edpWZ6WYk0s=
-5,4,221DdkzwH4fBLOw1l55npMqPb7U=,FPfzhxgDVdADCcFgC/0ZrKyn62g=
-15,5,221DdkzwH4fBLOw1l55npMqPb7U=,ZsnPl4ziQIN0Zih9edpWZ6WYk0s=
-8,1,221DdkzwH4fBLOw1l55npMqPb7U=,FPfzhxgDVdADCcFgC/0ZrKyn62g=
-13,2,221DdkzwH4fBLOw1l55npMqPb7U=,ZsnPl4ziQIN0Zih9edpWZ6WYk0s=
-12,5,221DdkzwH4fBLOw1l55npMqPb7U=,ZsnPl4ziQIN0Zih9edpWZ6WYk0s=
-16,5,221DdkzwH4fBLOw1l55npMqPb7U=,ZsnPl4ziQIN0Zih9edpWZ6WYk0s=
-16,3,221DdkzwH4fBLOw1l55npMqPb7U=,ZsnPl4ziQIN0Zih9edpWZ6WYk0s=
-8,6,221DdkzwH4fBLOw1l55npMqPb7U=,FPfzhxgDVdADCcFgC/0ZrKyn62g=
-10,2,221DdkzwH4fBLOw1l55npMqPb7U=,ZsnPl4ziQIN0Zih9edpWZ6WYk0s=
-13,4,221DdkzwH4fBLOw1l55npMqPb7U=,ZsnPl4ziQIN0Zih9edpWZ6WYk0s=
-14,4,221DdkzwH4fBLOw1l55npMqPb7U=,ZsnPl4ziQIN0Zih9edpWZ6WYk0s=
-15,4,221DdkzwH4fBLOw1l55npMqPb7U=,ZsnPl4ziQIN0Zih9edpWZ6WYk0s=
-16,7,221DdkzwH4fBLOw1l55npMqPb7U=,ZsnPl4ziQIN0Zih9edpWZ6WYk0s=
-10,5,221DdkzwH4fBLOw1l55npMqPb7U=,ZsnPl4ziQIN0Zih9edpWZ6WYk0s=
-8,5,221DdkzwH4fBLOw1l55npMqPb7U=,FPfzhxgDVdADCcFgC/0ZrKyn62g=
-16,4,221DdkzwH4fBLOw1l55npMqPb7U=,ZsnPl4ziQIN0Zih9edpWZ6WYk0s=
-9,3,221DdkzwH4fBLOw1l55npMqPb7U=,ZsnPl4ziQIN0Zih9edpWZ6WYk0s=
-14,1,221DdkzwH4fBLOw1l55npMqPb7U=,ZsnPl4ziQIN0Zih9edpWZ6WYk0s=
-8,0,221DdkzwH4fBLOw1l55npMqPb7U=,FPfzhxgDVdADCcFgC/0ZrKyn62g=
-10,3,221DdkzwH4fBLOw1l55npMqPb7U=,ZsnPl4ziQIN0Zih9edpWZ6WYk0s=
-14,2,221DdkzwH4fBLOw1l55npMqPb7U=,ZsnPl4ziQIN0Zih9edpWZ6WYk0s=
-12,3,221DdkzwH4fBLOw1l55npMqPb7U=,ZsnPl4ziQIN0Zih9edpWZ6WYk0s=
-16,0,221DdkzwH4fBLOw1l55npMqPb7U=,ZsnPl4ziQIN0Zih9edpWZ6WYk0s=
-16,1,221DdkzwH4fBLOw1l55npMqPb7U=,ZsnPl4ziQIN0Zih9edpWZ6WYk0s=
-9,2,221DdkzwH4fBLOw1l55npMqPb7U=,ZsnPl4ziQIN0Zih9edpWZ6WYk0s=
-9,0,221DdkzwH4fBLOw1l55npMqPb7U=,ZsnPl4ziQIN0Zih9edpWZ6WYk0s=
-11,3,221DdkzwH4fBLOw1l55npMqPb7U=,ZsnPl4ziQIN0Zih9edpWZ6WYk0s=
-8,4,221DdkzwH4fBLOw1l55npMqPb7U=,FPfzhxgDVdADCcFgC/0ZrKyn62g=
-7,4,221DdkzwH4fBLOw1l55npMqPb7U=,FPfzhxgDVdADCcFgC/0ZrKyn62g=
-12,0,221DdkzwH4fBLOw1l55npMqPb7U=,ZsnPl4ziQIN0Zih9edpWZ6WYk0s=
-15,1,221DdkzwH4fBLOw1l55npMqPb7U=,ZsnPl4ziQIN0Zih9edpWZ6WYk0s=
-10,4,221DdkzwH4fBLOw1l55npMqPb7U=,ZsnPl4ziQIN0Zih9edpWZ6WYk0s=
-9,6,221DdkzwH4fBLOw1l55npMqPb7U=,ZsnPl4ziQIN0Zih9edpWZ6WYk0s=
-9,4,221DdkzwH4fBLOw1l55npMqPb7U=,ZsnPl4ziQIN0Zih9edpWZ6WYk0s=
-15,2,221DdkzwH4fBLOw1l55npMqPb7U=,ZsnPl4ziQIN0Zih9edpWZ6WYk0s=
-16,2,221DdkzwH4fBLOw1l55npMqPb7U=,ZsnPl4ziQIN0Zih9edpWZ6WYk0s=
-11,5,221DdkzwH4fBLOw1l55npMqPb7U=,ZsnPl4ziQIN0Zih9edpWZ6WYk0s=
-13,0,221DdkzwH4fBLOw1l55npMqPb7U=,ZsnPl4ziQIN0Zih9edpWZ6WYk0s=
-10,0,221DdkzwH4fBLOw1l55npMqPb7U=,ZsnPl4ziQIN0Zih9edpWZ6WYk0s=
-11,0,221DdkzwH4fBLOw1l55npMqPb7U=,ZsnPl4ziQIN0Zih9edpWZ6WYk0s=
-14,0,221DdkzwH4fBLOw1l55npMqPb7U=,ZsnPl4ziQIN0Zih9edpWZ6WYk0s=
