12,43,jFqKaMpJUeDy3EvlxfbY0pDeYOQ=,5x35tVuTYwnvA5fEJMCmibNPfwk=
10,43,DOoFObpoeifg61t0wJeoQj9QZXo=,5x35tVuTYwnvA5fEJMCmibNPfwk=
11,43,DOoFObpoeifg61t0wJeoQj9QZXo=,5x35tVuTYwnvA5fEJMCmibNPfwk=
14,42,DOoFObpoeifg61t0wJeoQj9QZXo=,5x35tVuTYwnvA5fEJMCmibNPfwk=
9,43,DOoFObpoeifg61t0wJeoQj9QZXo=,5x35tVuTYwnvA5fEJMCmibNPfwk=
13,42,WKtm7FkrNOuXkYx/P2C7BYC6wyk=,5x35tVuTYwnvA5fEJMCmibNPfwk=
12,42,WKtm7FkrNOuXkYx/P2C7BYC6wyk=,5x35tVuTYwnvA5fEJMCmibNPfwk=
10,42,WKtm7FkrNOuXkYx/P2C7BYC6wyk=,5x35tVuTYwnvA5fEJMCmibNPfwk=
11,42,WKtm7FkrNOuXkYx/P2C7BYC6wyk=,5x35tVuTYwnvA5fEJMCmibNPfwk=
9,42,WKtm7FkrNOuXkYx/P2C7BYC6wyk=,5x35tVuTYwnvA5fEJMCmibNPfwk=
14,41,WKtm7FkrNOuXkYx/P2C7BYC6wyk=,5x35tVuTYwnvA5fEJMCmibNPfwk=
13,41,WKtm7FkrNOuXkYx/P2C7BYC6wyk=,5x35tVuTYwnvA5fEJMCmibNPfwk=
12,41,WKtm7FkrNOuXkYx/P2C7BYC6wyk=,5x35tVuTYwnvA5fEJMCmibNPfwk=
14,46,WKtm7FkrNOuXkYx/P2C7BYC6wyk=,5x35tVuTYwnvA5fEJMCmibNPfwk=
13,46,WKtm7FkrNOuXkYx/P2C7BYC6wyk=,5x35tVuTYwnvA5fEJMCmibNPfwk=
12,46,WKtm7FkrNOuXkYx/P2C7BYC6wyk=,5x35tVuTYwnvA5fEJMCmibNPfwk=
11,46,WKtm7FkrNOuXkYx/P2C7BYC6wyk=,5x35tVuTYwnvA5fEJMCmibNPfwk=
10,46,WKtm7FkrNOuXkYx/P2C7BYC6wyk=,5x35tVuTYwnvA5fEJMCmibNPfwk=
9,46,WKtm7FkrNOuXkYx/P2C7BYC6wyk=,5x35tVuTYwnvA5fEJMCmibNPfwk=
11,41,WKtm7FkrNOuXkYx/P2C7BYC6wyk=,5x35tVuTYwnvA5fEJMCmibNPfwk=
10,41,WKtm7FkrNOuXkYx/P2C7BYC6wyk=,5x35tVuTYwnvA5fEJMCmibNPfwk=
9,41,WKtm7FkrNOuXkYx/P2C7BYC6wyk=,5x35tVuTYwnvA5fEJMCmibNPfwk=
13,45,WKtm7FkrNOuXkYx/P2C7BYC6wyk=,5x35tVuTYwnvA5fEJMCmibNPfwk=
12,45,WKtm7FkrNOuXkYx/P2C7BYC6wyk=,5x35tVuTYwnvA5fEJMCmibNPfwk=
11,45,WKtm7FkrNOuXkYx/P2C7BYC6wyk=,5x35tVuTYwnvA5fEJMCmibNPfwk=
10,45,WKtm7FkrNOuXkYx/P2C7BYC6wyk=,5x35tVuTYwnvA5fEJMCmibNPfwk=
14,45,WKtm7FkrNOuXkYx/P2C7BYC6wyk=,5x35tVuTYwnvA5fEJMCmibNPfwk=
9,45,WKtm7FkrNOuXkYx/P2C7BYC6wyk=,5x35tVuTYwnvA5fEJMCmibNPfwk=
14,44,WKtm7FkrNOuXkYx/P2C7BYC6wyk=,5x35tVuTYwnvA5fEJMCmibNPfwk=
13,44,WKtm7FkrNOuXkYx/P2C7BYC6wyk=,5x35tVuTYwnvA5fEJMCmibNPfwk=
12,44,WKtm7FkrNOuXkYx/P2C7BYC6wyk=,5x35tVuTYwnvA5fEJMCmibNPfwk=
11,44,WKtm7FkrNOuXkYx/P2C7BYC6wyk=,5x35tVuTYwnvA5fEJMCmibNPfwk=
10,44,WKtm7FkrNOuXkYx/P2C7BYC6wyk=,5x35tVuTYwnvA5fEJMCmibNPfwk=
14,43,WKtm7FkrNOuXkYx/P2C7BYC6wyk=,5x35tVuTYwnvA5fEJMCmibNPfwk=
13,43,WKtm7FkrNOuXkYx/P2C7BYC6wyk=,5x35tVuTYwnvA5fEJMCmibNPfwk=
12,35,WKtm7FkrNOuXkYx/P2C7BYC6wyk=,Qb9UrDXv0tPnPRukn/QfXnsYf2I=
9,44,WKtm7FkrNOuXkYx/P2C7BYC6wyk=,5x35tVuTYwnvA5fEJMCmibNPfwk=
13,35,WKtm7FkrNOuXkYx/P2C7BYC6wyk=,Qb9UrDXv0tPnPRukn/QfXnsYf2I=
14,35,WKtm7FkrNOuXkYx/P2C7BYC6wyk=,Qb9UrDXv0tPnPRukn/QfXnsYf2I=
15,35,WKtm7FkrNOuXkYx/P2C7BYC6wyk=,Qb9UrDXv0tPnPRukn/QfXnsYf2I=
9,36,WKtm7FkrNOuXkYx/P2C7BYC6wyk=,Qb9UrDXv0tPnPRukn/QfXnsYf2I=
10,36,WKtm7FkrNOuXkYx/P2C7BYC6wyk=,Qb9UrDXv0tPnPRukn/QfXnsYf2I=
12,36,WKtm7FkrNOuXkYx/P2C7BYC6wyk=,Qb9UrDXv0tPnPRukn/QfXnsYf2I=
11,36,WKtm7FkrNOuXkYx/P2C7BYC6wyk=,Qb9UrDXv0tPnPRukn/QfXnsYf2I=
14,36,WKtm7FkrNOuXkYx/P2C7BYC6wyk=,Qb9UrDXv0tPnPRukn/QfXnsYf2I=
13,36,WKtm7FkrNOuXkYx/P2C7BYC6wyk=,Qb9UrDXv0tPnPRukn/QfXnsYf2I=
15,36,WKtm7FkrNOuXkYx/P2C7BYC6wyk=,Qb9UrDXv0tPnPRukn/QfXnsYf2I=
9,37,WKtm7FkrNOuXkYx/P2C7BYC6wyk=,Qb9UrDXv0tPnPRukn/QfXnsYf2I=
10,37,WKtm7FkrNOuXkYx/P2C7BYC6wyk=,Qb9UrDXv0tPnPRukn/QfXnsYf2I=
11,37,WKtm7FkrNOuXkYx/P2C7BYC6wyk=,Qb9UrDXv0tPnPRukn/QfXnsYf2I=
12,37,WKtm7FkrNOuXkYx/P2C7BYC6wyk=,Qb9UrDXv0tPnPRukn/QfXnsYf2I=
9,40,WKtm7FkrNOuXkYx/P2C7BYC6wyk=,5x35tVuTYwnvA5fEJMCmibNPfwk=
13,37,WKtm7FkrNOuXkYx/P2C7BYC6wyk=,Qb9UrDXv0tPnPRukn/QfXnsYf2I=
10,40,WKtm7FkrNOuXkYx/P2C7BYC6wyk=,5x35tVuTYwnvA5fEJMCmibNPfwk=
11,40,WKtm7FkrNOuXkYx/P2C7BYC6wyk=,5x35tVuTYwnvA5fEJMCmibNPfwk=
12,40,WKtm7FkrNOuXkYx/P2C7BYC6wyk=,5x35tVuTYwnvA5fEJMCmibNPfwk=
14,37,WKtm7FkrNOuXkYx/P2C7BYC6wyk=,Qb9UrDXv0tPnPRukn/QfXnsYf2I=
13,40,WKtm7FkrNOuXkYx/P2C7BYC6wyk=,5x35tVuTYwnvA5fEJMCmibNPfwk=
14,40,WKtm7FkrNOuXkYx/P2C7BYC6wyk=,5x35tVuTYwnvA5fEJMCmibNPfwk=
15,37,WKtm7FkrNOuXkYx/P2C7BYC6wyk=,Qb9UrDXv0tPnPRukn/QfXnsYf2I=
9,32,WKtm7FkrNOuXkYx/P2C7BYC6wyk=,Qb9UrDXv0tPnPRukn/QfXnsYf2I=
10,32,WKtm7FkrNOuXkYx/P2C7BYC6wyk=,Qb9UrDXv0tPnPRukn/QfXnsYf2I=
9,38,WKtm7FkrNOuXkYx/P2C7BYC6wyk=,Qb9UrDXv0tPnPRukn/QfXnsYf2I=
10,38,WKtm7FkrNOuXkYx/P2C7BYC6wyk=,Qb9UrDXv0tPnPRukn/QfXnsYf2I=
11,38,WKtm7FkrNOuXkYx/P2C7BYC6wyk=,Qb9UrDXv0tPnPRukn/QfXnsYf2I=
12,38,WKtm7FkrNOuXkYx/P2C7BYC6wyk=,Qb9UrDXv0tPnPRukn/QfXnsYf2I=
11,32,WKtm7FkrNOuXkYx/P2C7BYC6wyk=,Qb9UrDXv0tPnPRukn/QfXnsYf2I=
12,32,WKtm7FkrNOuXkYx/P2C7BYC6wyk=,Qb9UrDXv0tPnPRukn/QfXnsYf2I=
13,32,WKtm7FkrNOuXkYx/P2C7BYC6wyk=,Qb9UrDXv0tPnPRukn/QfXnsYf2I=
14,32,WKtm7FkrNOuXkYx/P2C7BYC6wyk=,Qb9UrDXv0tPnPRukn/QfXnsYf2I=
13,38,WKtm7FkrNOuXkYx/P2C7BYC6wyk=,Qb9UrDXv0tPnPRukn/QfXnsYf2I=
14,38,WKtm7FkrNOuXkYx/P2C7BYC6wyk=,Qb9UrDXv0tPnPRukn/QfXnsYf2I=
15,38,WKtm7FkrNOuXkYx/P2C7BYC6wyk=,Qb9UrDXv0tPnPRukn/QfXnsYf2I=
9,33,WKtm7FkrNOuXkYx/P2C7BYC6wyk=,Qb9UrDXv0tPnPRukn/QfXnsYf2I=
10,33,WKtm7FkrNOuXkYx/P2C7BYC6wyk=,Qb9UrDXv0tPnPRukn/QfXnsYf2I=
15,43,WKtm7FkrNOuXkYx/P2C7BYC6wyk=,5x35tVuTYwnvA5fEJMCmibNPfwk=
15,44,WKtm7FkrNOuXkYx/P2C7BYC6wyk=,5x35tVuTYwnvA5fEJMCmibNPfwk=
15,40,WKtm7FkrNOuXkYx/P2C7BYC6wyk=,5x35tVuTYwnvA5fEJMCmibNPfwk=
15,45,WKtm7FkrNOuXkYx/P2C7BYC6wyk=,5x35tVuTYwnvA5fEJMCmibNPfwk=
15,46,WKtm7FkrNOuXkYx/P2C7BYC6wyk=,5x35tVuTYwnvA5fEJMCmibNPfwk=
15,41,WKtm7FkrNOuXkYx/P2C7BYC6wyk=,5x35tVuTYwnvA5fEJMCmibNPfwk=
15,42,WKtm7FkrNOuXkYx/P2C7BYC6wyk=,5x35tVuTYwnvA5fEJMCmibNPfwk=
15,39,WKtm7FkrNOuXkYx/P2C7BYC6wyk=,Qb9UrDXv0tPnPRukn/QfXnsYf2I=
9,47,WKtm7FkrNOuXkYx/P2C7BYC6wyk=,5x35tVuTYwnvA5fEJMCmibNPfwk=
10,47,WKtm7FkrNOuXkYx/P2C7BYC6wyk=,5x35tVuTYwnvA5fEJMCmibNPfwk=
11,47,WKtm7FkrNOuXkYx/P2C7BYC6wyk=,5x35tVuTYwnvA5fEJMCmibNPfwk=
12,47,WKtm7FkrNOuXkYx/P2C7BYC6wyk=,5x35tVuTYwnvA5fEJMCmibNPfwk=
13,47,WKtm7FkrNOuXkYx/P2C7BYC6wyk=,5x35tVuTYwnvA5fEJMCmibNPfwk=
14,47,WKtm7FkrNOuXkYx/P2C7BYC6wyk=,5x35tVuTYwnvA5fEJMCmibNPfwk=
15,47,WKtm7FkrNOuXkYx/P2C7BYC6wyk=,5x35tVuTYwnvA5fEJMCmibNPfwk=
9,39,WKtm7FkrNOuXkYx/P2C7BYC6wyk=,Qb9UrDXv0tPnPRukn/QfXnsYf2I=
11,33,WKtm7FkrNOuXkYx/P2C7BYC6wyk=,Qb9UrDXv0tPnPRukn/QfXnsYf2I=
12,33,WKtm7FkrNOuXkYx/P2C7BYC6wyk=,Qb9UrDXv0tPnPRukn/QfXnsYf2I=
10,39,WKtm7FkrNOuXkYx/P2C7BYC6wyk=,Qb9UrDXv0tPnPRukn/QfXnsYf2I=
13,33,WKtm7FkrNOuXkYx/P2C7BYC6wyk=,Qb9UrDXv0tPnPRukn/QfXnsYf2I=
14,33,WKtm7FkrNOuXkYx/P2C7BYC6wyk=,Qb9UrDXv0tPnPRukn/QfXnsYf2I=
15,33,WKtm7FkrNOuXkYx/P2C7BYC6wyk=,Qb9UrDXv0tPnPRukn/QfXnsYf2I=
9,34,WKtm7FkrNOuXkYx/P2C7BYC6wyk=,Qb9UrDXv0tPnPRukn/QfXnsYf2I=
10,34,WKtm7FkrNOuXkYx/P2C7BYC6wyk=,Qb9UrDXv0tPnPRukn/QfXnsYf2I=
11,34,WKtm7FkrNOuXkYx/P2C7BYC6wyk=,Qb9UrDXv0tPnPRukn/QfXnsYf2I=
12,34,WKtm7FkrNOuXkYx/P2C7BYC6wyk=,Qb9UrDXv0tPnPRukn/QfXnsYf2I=
11,39,WKtm7FkrNOuXkYx/P2C7BYC6wyk=,Qb9UrDXv0tPnPRukn/QfXnsYf2I=
13,34,WKtm7FkrNOuXkYx/P2C7BYC6wyk=,Qb9UrDXv0tPnPRukn/QfXnsYf2I=
14,34,WKtm7FkrNOuXkYx/P2C7BYC6wyk=,Qb9UrDXv0tPnPRukn/QfXnsYf2I=
12,39,WKtm7FkrNOuXkYx/P2C7BYC6wyk=,Qb9UrDXv0tPnPRukn/QfXnsYf2I=
15,34,WKtm7FkrNOuXkYx/P2C7BYC6wyk=,Qb9UrDXv0tPnPRukn/QfXnsYf2I=
9,35,WKtm7FkrNOuXkYx/P2C7BYC6wyk=,Qb9UrDXv0tPnPRukn/QfXnsYf2I=
13,39,WKtm7FkrNOuXkYx/P2C7BYC6wyk=,Qb9UrDXv0tPnPRukn/QfXnsYf2I=
14,39,WKtm7FkrNOuXkYx/P2C7BYC6wyk=,Qb9UrDXv0tPnPRukn/QfXnsYf2I=
10,35,WKtm7FkrNOuXkYx/P2C7BYC6wyk=,Qb9UrDXv0tPnPRukn/QfXnsYf2I=
11,35,WKtm7FkrNOuXkYx/P2C7BYC6wyk=,Qb9UrDXv0tPnPRukn/QfXnsYf2I=
15,32,WKtm7FkrNOuXkYx/P2C7BYC6wyk=,Qb9UrDXv0tPnPRukn/QfXnsYf2I=
7,36,WKtm7FkrNOuXkYx/P2C7BYC6wyk=,ews2Yc9j9QaSu0CviuFZCeLFqS0=
0,37,WKtm7FkrNOuXkYx/P2C7BYC6wyk=,ews2Yc9j9QaSu0CviuFZCeLFqS0=
5,37,WKtm7FkrNOuXkYx/P2C7BYC6wyk=,ews2Yc9j9QaSu0CviuFZCeLFqS0=
1,35,WKtm7FkrNOuXkYx/P2C7BYC6wyk=,ews2Yc9j9QaSu0CviuFZCeLFqS0=
1,37,WKtm7FkrNOuXkYx/P2C7BYC6wyk=,ews2Yc9j9QaSu0CviuFZCeLFqS0=
3,33,WKtm7FkrNOuXkYx/P2C7BYC6wyk=,ews2Yc9j9QaSu0CviuFZCeLFqS0=
6,37,WKtm7FkrNOuXkYx/P2C7BYC6wyk=,ews2Yc9j9QaSu0CviuFZCeLFqS0=
7,37,WKtm7FkrNOuXkYx/P2C7BYC6wyk=,ews2Yc9j9QaSu0CviuFZCeLFqS0=
3,34,WKtm7FkrNOuXkYx/P2C7BYC6wyk=,ews2Yc9j9QaSu0CviuFZCeLFqS0=
0,38,WKtm7FkrNOuXkYx/P2C7BYC6wyk=,ews2Yc9j9QaSu0CviuFZCeLFqS0=
1,38,WKtm7FkrNOuXkYx/P2C7BYC6wyk=,ews2Yc9j9QaSu0CviuFZCeLFqS0=
8,36,WKtm7FkrNOuXkYx/P2C7BYC6wyk=,Qb9UrDXv0tPnPRukn/QfXnsYf2I=
4,37,WKtm7FkrNOuXkYx/P2C7BYC6wyk=,ews2Yc9j9QaSu0CviuFZCeLFqS0=
2,38,WKtm7FkrNOuXkYx/P2C7BYC6wyk=,ews2Yc9j9QaSu0CviuFZCeLFqS0=
2,32,WKtm7FkrNOuXkYx/P2C7BYC6wyk=,ews2Yc9j9QaSu0CviuFZCeLFqS0=
3,37,WKtm7FkrNOuXkYx/P2C7BYC6wyk=,ews2Yc9j9QaSu0CviuFZCeLFqS0=
3,38,WKtm7FkrNOuXkYx/P2C7BYC6wyk=,ews2Yc9j9QaSu0CviuFZCeLFqS0=
4,38,WKtm7FkrNOuXkYx/P2C7BYC6wyk=,ews2Yc9j9QaSu0CviuFZCeLFqS0=
1,36,WKtm7FkrNOuXkYx/P2C7BYC6wyk=,ews2Yc9j9QaSu0CviuFZCeLFqS0=
5,38,WKtm7FkrNOuXkYx/P2C7BYC6wyk=,ews2Yc9j9QaSu0CviuFZCeLFqS0=
8,35,WKtm7FkrNOuXkYx/P2C7BYC6wyk=,Qb9UrDXv0tPnPRukn/QfXnsYf2I=
2,37,WKtm7FkrNOuXkYx/P2C7BYC6wyk=,ews2Yc9j9QaSu0CviuFZCeLFqS0=
2,33,WKtm7FkrNOuXkYx/P2C7BYC6wyk=,ews2Yc9j9QaSu0CviuFZCeLFqS0=
7,32,WKtm7FkrNOuXkYx/P2C7BYC6wyk=,ews2Yc9j9QaSu0CviuFZCeLFqS0=
8,34,WKtm7FkrNOuXkYx/P2C7BYC6wyk=,Qb9UrDXv0tPnPRukn/QfXnsYf2I=
0,35,WKtm7FkrNOuXkYx/P2C7BYC6wyk=,ews2Yc9j9QaSu0CviuFZCeLFqS0=
6,36,WKtm7FkrNOuXkYx/P2C7BYC6wyk=,ews2Yc9j9QaSu0CviuFZCeLFqS0=
0,36,WKtm7FkrNOuXkYx/P2C7BYC6wyk=,ews2Yc9j9QaSu0CviuFZCeLFqS0=
6,32,WKtm7FkrNOuXkYx/P2C7BYC6wyk=,ews2Yc9j9QaSu0CviuFZCeLFqS0=
5,36,WKtm7FkrNOuXkYx/P2C7BYC6wyk=,ews2Yc9j9QaSu0CviuFZCeLFqS0=
8,33,WKtm7FkrNOuXkYx/P2C7BYC6wyk=,Qb9UrDXv0tPnPRukn/QfXnsYf2I=
7,35,WKtm7FkrNOuXkYx/P2C7BYC6wyk=,ews2Yc9j9QaSu0CviuFZCeLFqS0=
6,35,WKtm7FkrNOuXkYx/P2C7BYC6wyk=,ews2Yc9j9QaSu0CviuFZCeLFqS0=
5,32,WKtm7FkrNOuXkYx/P2C7BYC6wyk=,ews2Yc9j9QaSu0CviuFZCeLFqS0=
8,38,WKtm7FkrNOuXkYx/P2C7BYC6wyk=,Qb9UrDXv0tPnPRukn/QfXnsYf2I=
5,35,WKtm7FkrNOuXkYx/P2C7BYC6wyk=,ews2Yc9j9QaSu0CviuFZCeLFqS0=
4,32,WKtm7FkrNOuXkYx/P2C7BYC6wyk=,ews2Yc9j9QaSu0CviuFZCeLFqS0=
8,32,WKtm7FkrNOuXkYx/P2C7BYC6wyk=,Qb9UrDXv0tPnPRukn/QfXnsYf2I=
4,36,WKtm7FkrNOuXkYx/P2C7BYC6wyk=,ews2Yc9j9QaSu0CviuFZCeLFqS0=
4,39,WKtm7FkrNOuXkYx/P2C7BYC6wyk=,ews2Yc9j9QaSu0CviuFZCeLFqS0=
5,39,WKtm7FkrNOuXkYx/P2C7BYC6wyk=,ews2Yc9j9QaSu0CviuFZCeLFqS0=
6,39,WKtm7FkrNOuXkYx/P2C7BYC6wyk=,ews2Yc9j9QaSu0CviuFZCeLFqS0=
7,39,WKtm7FkrNOuXkYx/P2C7BYC6wyk=,ews2Yc9j9QaSu0CviuFZCeLFqS0=
0,40,WKtm7FkrNOuXkYx/P2C7BYC6wyk=,9BQ2+0D/eVN9D7R6kar1+UTtRe4=
1,34,WKtm7FkrNOuXkYx/P2C7BYC6wyk=,ews2Yc9j9QaSu0CviuFZCeLFqS0=
4,35,WKtm7FkrNOuXkYx/P2C7BYC6wyk=,ews2Yc9j9QaSu0CviuFZCeLFqS0=
1,40,WKtm7FkrNOuXkYx/P2C7BYC6wyk=,9BQ2+0D/eVN9D7R6kar1+UTtRe4=
7,33,WKtm7FkrNOuXkYx/P2C7BYC6wyk=,ews2Yc9j9QaSu0CviuFZCeLFqS0=
6,33,WKtm7FkrNOuXkYx/P2C7BYC6wyk=,ews2Yc9j9QaSu0CviuFZCeLFqS0=
2,34,WKtm7FkrNOuXkYx/P2C7BYC6wyk=,ews2Yc9j9QaSu0CviuFZCeLFqS0=
0,33,WKtm7FkrNOuXkYx/P2C7BYC6wyk=,ews2Yc9j9QaSu0CviuFZCeLFqS0=
7,34,WKtm7FkrNOuXkYx/P2C7BYC6wyk=,ews2Yc9j9QaSu0CviuFZCeLFqS0=
5,33,WKtm7FkrNOuXkYx/P2C7BYC6wyk=,ews2Yc9j9QaSu0CviuFZCeLFqS0=
5,34,WKtm7FkrNOuXkYx/P2C7BYC6wyk=,ews2Yc9j9QaSu0CviuFZCeLFqS0=
1,32,WKtm7FkrNOuXkYx/P2C7BYC6wyk=,ews2Yc9j9QaSu0CviuFZCeLFqS0=
1,33,WKtm7FkrNOuXkYx/P2C7BYC6wyk=,ews2Yc9j9QaSu0CviuFZCeLFqS0=
6,34,WKtm7FkrNOuXkYx/P2C7BYC6wyk=,ews2Yc9j9QaSu0CviuFZCeLFqS0=
0,34,WKtm7FkrNOuXkYx/P2C7BYC6wyk=,ews2Yc9j9QaSu0CviuFZCeLFqS0=
2,40,WKtm7FkrNOuXkYx/P2C7BYC6wyk=,9BQ2+0D/eVN9D7R6kar1+UTtRe4=
4,34,WKtm7FkrNOuXkYx/P2C7BYC6wyk=,ews2Yc9j9QaSu0CviuFZCeLFqS0=
3,32,WKtm7FkrNOuXkYx/P2C7BYC6wyk=,ews2Yc9j9QaSu0CviuFZCeLFqS0=
4,33,WKtm7FkrNOuXkYx/P2C7BYC6wyk=,ews2Yc9j9QaSu0CviuFZCeLFqS0=
8,37,WKtm7FkrNOuXkYx/P2C7BYC6wyk=,Qb9UrDXv0tPnPRukn/QfXnsYf2I=
3,36,WKtm7FkrNOuXkYx/P2C7BYC6wyk=,ews2Yc9j9QaSu0CviuFZCeLFqS0=
7,38,WKtm7FkrNOuXkYx/P2C7BYC6wyk=,ews2Yc9j9QaSu0CviuFZCeLFqS0=
3,35,WKtm7FkrNOuXkYx/P2C7BYC6wyk=,ews2Yc9j9QaSu0CviuFZCeLFqS0=
6,38,WKtm7FkrNOuXkYx/P2C7BYC6wyk=,ews2Yc9j9QaSu0CviuFZCeLFqS0=
3,45,WKtm7FkrNOuXkYx/P2C7BYC6wyk=,9BQ2+0D/eVN9D7R6kar1+UTtRe4=
2,45,WKtm7FkrNOuXkYx/P2C7BYC6wyk=,9BQ2+0D/eVN9D7R6kar1+UTtRe4=
8,43,WKtm7FkrNOuXkYx/P2C7BYC6wyk=,5x35tVuTYwnvA5fEJMCmibNPfwk=
1,45,WKtm7FkrNOuXkYx/P2C7BYC6wyk=,9BQ2+0D/eVN9D7R6kar1+UTtRe4=
0,45,WKtm7FkrNOuXkYx/P2C7BYC6wyk=,9BQ2+0D/eVN9D7R6kar1+UTtRe4=
0,32,WKtm7FkrNOuXkYx/P2C7BYC6wyk=,ews2Yc9j9QaSu0CviuFZCeLFqS0=
7,44,WKtm7FkrNOuXkYx/P2C7BYC6wyk=,9BQ2+0D/eVN9D7R6kar1+UTtRe4=
3,39,WKtm7FkrNOuXkYx/P2C7BYC6wyk=,ews2Yc9j9QaSu0CviuFZCeLFqS0=
3,40,WKtm7FkrNOuXkYx/P2C7BYC6wyk=,9BQ2+0D/eVN9D7R6kar1+UTtRe4=
2,36,WKtm7FkrNOuXkYx/P2C7BYC6wyk=,ews2Yc9j9QaSu0CviuFZCeLFqS0=
8,47,WKtm7FkrNOuXkYx/P2C7BYC6wyk=,5x35tVuTYwnvA5fEJMCmibNPfwk=
8,42,WKtm7FkrNOuXkYx/P2C7BYC6wyk=,5x35tVuTYwnvA5fEJMCmibNPfwk=
4,40,WKtm7FkrNOuXkYx/P2C7BYC6wyk=,9BQ2+0D/eVN9D7R6kar1+UTtRe4=
8,39,WKtm7FkrNOuXkYx/P2C7BYC6wyk=,Qb9UrDXv0tPnPRukn/QfXnsYf2I=
6,44,WKtm7FkrNOuXkYx/P2C7BYC6wyk=,9BQ2+0D/eVN9D7R6kar1+UTtRe4=
5,40,WKtm7FkrNOuXkYx/P2C7BYC6wyk=,9BQ2+0D/eVN9D7R6kar1+UTtRe4=
6,40,WKtm7FkrNOuXkYx/P2C7BYC6wyk=,9BQ2+0D/eVN9D7R6kar1+UTtRe4=
7,40,WKtm7FkrNOuXkYx/P2C7BYC6wyk=,9BQ2+0D/eVN9D7R6kar1+UTtRe4=
0,41,WKtm7FkrNOuXkYx/P2C7BYC6wyk=,9BQ2+0D/eVN9D7R6kar1+UTtRe4=
5,44,WKtm7FkrNOuXkYx/P2C7BYC6wyk=,9BQ2+0D/eVN9D7R6kar1+UTtRe4=
3,44,WKtm7FkrNOuXkYx/P2C7BYC6wyk=,9BQ2+0D/eVN9D7R6kar1+UTtRe4=
2,44,WKtm7FkrNOuXkYx/P2C7BYC6wyk=,9BQ2+0D/eVN9D7R6kar1+UTtRe4=
1,44,WKtm7FkrNOuXkYx/P2C7BYC6wyk=,9BQ2+0D/eVN9D7R6kar1+UTtRe4=
0,44,WKtm7FkrNOuXkYx/P2C7BYC6wyk=,9BQ2+0D/eVN9D7R6kar1+UTtRe4=
7,43,WKtm7FkrNOuXkYx/P2C7BYC6wyk=,9BQ2+0D/eVN9D7R6kar1+UTtRe4=
6,43,WKtm7FkrNOuXkYx/P2C7BYC6wyk=,9BQ2+0D/eVN9D7R6kar1+UTtRe4=
8,41,WKtm7FkrNOuXkYx/P2C7BYC6wyk=,5x35tVuTYwnvA5fEJMCmibNPfwk=
8,46,WKtm7FkrNOuXkYx/P2C7BYC6wyk=,5x35tVuTYwnvA5fEJMCmibNPfwk=
4,44,WKtm7FkrNOuXkYx/P2C7BYC6wyk=,9BQ2+0D/eVN9D7R6kar1+UTtRe4=
5,43,WKtm7FkrNOuXkYx/P2C7BYC6wyk=,9BQ2+0D/eVN9D7R6kar1+UTtRe4=
4,43,WKtm7FkrNOuXkYx/P2C7BYC6wyk=,9BQ2+0D/eVN9D7R6kar1+UTtRe4=
2,39,WKtm7FkrNOuXkYx/P2C7BYC6wyk=,ews2Yc9j9QaSu0CviuFZCeLFqS0=
2,43,WKtm7FkrNOuXkYx/P2C7BYC6wyk=,9BQ2+0D/eVN9D7R6kar1+UTtRe4=
1,43,WKtm7FkrNOuXkYx/P2C7BYC6wyk=,9BQ2+0D/eVN9D7R6kar1+UTtRe4=
0,43,WKtm7FkrNOuXkYx/P2C7BYC6wyk=,9BQ2+0D/eVN9D7R6kar1+UTtRe4=
7,42,WKtm7FkrNOuXkYx/P2C7BYC6wyk=,9BQ2+0D/eVN9D7R6kar1+UTtRe4=
6,42,WKtm7FkrNOuXkYx/P2C7BYC6wyk=,9BQ2+0D/eVN9D7R6kar1+UTtRe4=
3,43,WKtm7FkrNOuXkYx/P2C7BYC6wyk=,9BQ2+0D/eVN9D7R6kar1+UTtRe4=
5,42,WKtm7FkrNOuXkYx/P2C7BYC6wyk=,9BQ2+0D/eVN9D7R6kar1+UTtRe4=
4,42,WKtm7FkrNOuXkYx/P2C7BYC6wyk=,9BQ2+0D/eVN9D7R6kar1+UTtRe4=
1,39,WKtm7FkrNOuXkYx/P2C7BYC6wyk=,ews2Yc9j9QaSu0CviuFZCeLFqS0=
8,45,WKtm7FkrNOuXkYx/P2C7BYC6wyk=,5x35tVuTYwnvA5fEJMCmibNPfwk=
0,39,WKtm7FkrNOuXkYx/P2C7BYC6wyk=,ews2Yc9j9QaSu0CviuFZCeLFqS0=
8,40,WKtm7FkrNOuXkYx/P2C7BYC6wyk=,5x35tVuTYwnvA5fEJMCmibNPfwk=
1,42,WKtm7FkrNOuXkYx/P2C7BYC6wyk=,9BQ2+0D/eVN9D7R6kar1+UTtRe4=
7,47,WKtm7FkrNOuXkYx/P2C7BYC6wyk=,9BQ2+0D/eVN9D7R6kar1+UTtRe4=
0,42,WKtm7FkrNOuXkYx/P2C7BYC6wyk=,9BQ2+0D/eVN9D7R6kar1+UTtRe4=
7,41,WKtm7FkrNOuXkYx/P2C7BYC6wyk=,9BQ2+0D/eVN9D7R6kar1+UTtRe4=
6,47,WKtm7FkrNOuXkYx/P2C7BYC6wyk=,9BQ2+0D/eVN9D7R6kar1+UTtRe4=
6,41,WKtm7FkrNOuXkYx/P2C7BYC6wyk=,9BQ2+0D/eVN9D7R6kar1+UTtRe4=
5,47,WKtm7FkrNOuXkYx/P2C7BYC6wyk=,9BQ2+0D/eVN9D7R6kar1+UTtRe4=
5,41,WKtm7FkrNOuXkYx/P2C7BYC6wyk=,9BQ2+0D/eVN9D7R6kar1+UTtRe4=
4,41,WKtm7FkrNOuXkYx/P2C7BYC6wyk=,9BQ2+0D/eVN9D7R6kar1+UTtRe4=
3,42,WKtm7FkrNOuXkYx/P2C7BYC6wyk=,9BQ2+0D/eVN9D7R6kar1+UTtRe4=
2,42,WKtm7FkrNOuXkYx/P2C7BYC6wyk=,9BQ2+0D/eVN9D7R6kar1+UTtRe4=
3,47,WKtm7FkrNOuXkYx/P2C7BYC6wyk=,9BQ2+0D/eVN9D7R6kar1+UTtRe4=
4,47,WKtm7FkrNOuXkYx/P2C7BYC6wyk=,9BQ2+0D/eVN9D7R6kar1+UTtRe4=
1,47,WKtm7FkrNOuXkYx/P2C7BYC6wyk=,9BQ2+0D/eVN9D7R6kar1+UTtRe4=
0,47,WKtm7FkrNOuXkYx/P2C7BYC6wyk=,9BQ2+0D/eVN9D7R6kar1+UTtRe4=
7,46,WKtm7FkrNOuXkYx/P2C7BYC6wyk=,9BQ2+0D/eVN9D7R6kar1+UTtRe4=
6,46,WKtm7FkrNOuXkYx/P2C7BYC6wyk=,9BQ2+0D/eVN9D7R6kar1+UTtRe4=
3,41,WKtm7FkrNOuXkYx/P2C7BYC6wyk=,9BQ2+0D/eVN9D7R6kar1+UTtRe4=
2,47,WKtm7FkrNOuXkYx/P2C7BYC6wyk=,9BQ2+0D/eVN9D7R6kar1+UTtRe4=
5,46,WKtm7FkrNOuXkYx/P2C7BYC6wyk=,9BQ2+0D/eVN9D7R6kar1+UTtRe4=
2,46,WKtm7FkrNOuXkYx/P2C7BYC6wyk=,9BQ2+0D/eVN9D7R6kar1+UTtRe4=
1,46,WKtm7FkrNOuXkYx/P2C7BYC6wyk=,9BQ2+0D/eVN9D7R6kar1+UTtRe4=
4,46,WKtm7FkrNOuXkYx/P2C7BYC6wyk=,9BQ2+0D/eVN9D7R6kar1+UTtRe4=
0,46,WKtm7FkrNOuXkYx/P2C7BYC6wyk=,9BQ2+0D/eVN9D7R6kar1+UTtRe4=
7,45,WKtm7FkrNOuXkYx/P2C7BYC6wyk=,9BQ2+0D/eVN9D7R6kar1+UTtRe4=
3,46,WKtm7FkrNOuXkYx/P2C7BYC6wyk=,9BQ2+0D/eVN9D7R6kar1+UTtRe4=
8,44,WKtm7FkrNOuXkYx/P2C7BYC6wyk=,5x35tVuTYwnvA5fEJMCmibNPfwk=
6,45,WKtm7FkrNOuXkYx/P2C7BYC6wyk=,9BQ2+0D/eVN9D7R6kar1+UTtRe4=
1,41,WKtm7FkrNOuXkYx/P2C7BYC6wyk=,9BQ2+0D/eVN9D7R6kar1+UTtRe4=
2,41,WKtm7FkrNOuXkYx/P2C7BYC6wyk=,9BQ2+0D/eVN9D7R6kar1+UTtRe4=
5,45,WKtm7FkrNOuXkYx/P2C7BYC6wyk=,9BQ2+0D/eVN9D7R6kar1+UTtRe4=
4,45,WKtm7FkrNOuXkYx/P2C7BYC6wyk=,9BQ2+0D/eVN9D7R6kar1+UTtRe4=
2,35,WKtm7FkrNOuXkYx/P2C7BYC6wyk=,ews2Yc9j9QaSu0CviuFZCeLFqS0=
9,63,fHnJsTGp3yU825XsO/HMGDbtQ+c=,D/DRQh9wVhAZD8gvPxLUTFi36Hk=
12,61,fHnJsTGp3yU825XsO/HMGDbtQ+c=,D/DRQh9wVhAZD8gvPxLUTFi36Hk=
10,63,fHnJsTGp3yU825XsO/HMGDbtQ+c=,D/DRQh9wVhAZD8gvPxLUTFi36Hk=
11,63,fHnJsTGp3yU825XsO/HMGDbtQ+c=,D/DRQh9wVhAZD8gvPxLUTFi36Hk=
12,63,pBbidvPyZ7WL89ojGf5dRV6ggz8=,D/DRQh9wVhAZD8gvPxLUTFi36Hk=
13,63,jB9o1HWqSiOszimr5f7EBq7rZEU=,D/DRQh9wVhAZD8gvPxLUTFi36Hk=
14,63,jB9o1HWqSiOszimr5f7EBq7rZEU=,D/DRQh9wVhAZD8gvPxLUTFi36Hk=
11,61,jB9o1HWqSiOszimr5f7EBq7rZEU=,D/DRQh9wVhAZD8gvPxLUTFi36Hk=
10,61,jB9o1HWqSiOszimr5f7EBq7rZEU=,D/DRQh9wVhAZD8gvPxLUTFi36Hk=
9,61,jB9o1HWqSiOszimr5f7EBq7rZEU=,D/DRQh9wVhAZD8gvPxLUTFi36Hk=
14,60,jB9o1HWqSiOszimr5f7EBq7rZEU=,D/DRQh9wVhAZD8gvPxLUTFi36Hk=
13,60,jB9o1HWqSiOszimr5f7EBq7rZEU=,D/DRQh9wVhAZD8gvPxLUTFi36Hk=
12,60,jB9o1HWqSiOszimr5f7EBq7rZEU=,D/DRQh9wVhAZD8gvPxLUTFi36Hk=
11,60,jB9o1HWqSiOszimr5f7EBq7rZEU=,D/DRQh9wVhAZD8gvPxLUTFi36Hk=
10,60,jB9o1HWqSiOszimr5f7EBq7rZEU=,D/DRQh9wVhAZD8gvPxLUTFi36Hk=
9,60,jB9o1HWqSiOszimr5f7EBq7rZEU=,D/DRQh9wVhAZD8gvPxLUTFi36Hk=
14,59,jB9o1HWqSiOszimr5f7EBq7rZEU=,D/DRQh9wVhAZD8gvPxLUTFi36Hk=
13,59,jB9o1HWqSiOszimr5f7EBq7rZEU=,D/DRQh9wVhAZD8gvPxLUTFi36Hk=
12,59,jB9o1HWqSiOszimr5f7EBq7rZEU=,D/DRQh9wVhAZD8gvPxLUTFi36Hk=
14,62,jB9o1HWqSiOszimr5f7EBq7rZEU=,D/DRQh9wVhAZD8gvPxLUTFi36Hk=
11,59,jB9o1HWqSiOszimr5f7EBq7rZEU=,D/DRQh9wVhAZD8gvPxLUTFi36Hk=
13,62,jB9o1HWqSiOszimr5f7EBq7rZEU=,D/DRQh9wVhAZD8gvPxLUTFi36Hk=
10,59,jB9o1HWqSiOszimr5f7EBq7rZEU=,D/DRQh9wVhAZD8gvPxLUTFi36Hk=
9,59,jB9o1HWqSiOszimr5f7EBq7rZEU=,D/DRQh9wVhAZD8gvPxLUTFi36Hk=
14,58,jB9o1HWqSiOszimr5f7EBq7rZEU=,D/DRQh9wVhAZD8gvPxLUTFi36Hk=
13,58,jB9o1HWqSiOszimr5f7EBq7rZEU=,D/DRQh9wVhAZD8gvPxLUTFi36Hk=
12,58,jB9o1HWqSiOszimr5f7EBq7rZEU=,D/DRQh9wVhAZD8gvPxLUTFi36Hk=
11,58,jB9o1HWqSiOszimr5f7EBq7rZEU=,D/DRQh9wVhAZD8gvPxLUTFi36Hk=
10,58,jB9o1HWqSiOszimr5f7EBq7rZEU=,D/DRQh9wVhAZD8gvPxLUTFi36Hk=
9,58,jB9o1HWqSiOszimr5f7EBq7rZEU=,D/DRQh9wVhAZD8gvPxLUTFi36Hk=
12,62,jB9o1HWqSiOszimr5f7EBq7rZEU=,D/DRQh9wVhAZD8gvPxLUTFi36Hk=
11,62,jB9o1HWqSiOszimr5f7EBq7rZEU=,D/DRQh9wVhAZD8gvPxLUTFi36Hk=
9,62,jB9o1HWqSiOszimr5f7EBq7rZEU=,D/DRQh9wVhAZD8gvPxLUTFi36Hk=
10,62,jB9o1HWqSiOszimr5f7EBq7rZEU=,D/DRQh9wVhAZD8gvPxLUTFi36Hk=
13,57,jB9o1HWqSiOszimr5f7EBq7rZEU=,D/DRQh9wVhAZD8gvPxLUTFi36Hk=
11,57,jB9o1HWqSiOszimr5f7EBq7rZEU=,D/DRQh9wVhAZD8gvPxLUTFi36Hk=
14,57,jB9o1HWqSiOszimr5f7EBq7rZEU=,D/DRQh9wVhAZD8gvPxLUTFi36Hk=
9,57,jB9o1HWqSiOszimr5f7EBq7rZEU=,D/DRQh9wVhAZD8gvPxLUTFi36Hk=
12,57,jB9o1HWqSiOszimr5f7EBq7rZEU=,D/DRQh9wVhAZD8gvPxLUTFi36Hk=
14,56,jB9o1HWqSiOszimr5f7EBq7rZEU=,D/DRQh9wVhAZD8gvPxLUTFi36Hk=
10,57,jB9o1HWqSiOszimr5f7EBq7rZEU=,D/DRQh9wVhAZD8gvPxLUTFi36Hk=
13,56,jB9o1HWqSiOszimr5f7EBq7rZEU=,D/DRQh9wVhAZD8gvPxLUTFi36Hk=
12,56,jB9o1HWqSiOszimr5f7EBq7rZEU=,D/DRQh9wVhAZD8gvPxLUTFi36Hk=
11,56,jB9o1HWqSiOszimr5f7EBq7rZEU=,D/DRQh9wVhAZD8gvPxLUTFi36Hk=
14,61,jB9o1HWqSiOszimr5f7EBq7rZEU=,D/DRQh9wVhAZD8gvPxLUTFi36Hk=
13,61,jB9o1HWqSiOszimr5f7EBq7rZEU=,D/DRQh9wVhAZD8gvPxLUTFi36Hk=
10,56,jB9o1HWqSiOszimr5f7EBq7rZEU=,D/DRQh9wVhAZD8gvPxLUTFi36Hk=
9,56,jB9o1HWqSiOszimr5f7EBq7rZEU=,D/DRQh9wVhAZD8gvPxLUTFi36Hk=
15,61,jB9o1HWqSiOszimr5f7EBq7rZEU=,D/DRQh9wVhAZD8gvPxLUTFi36Hk=
15,57,jB9o1HWqSiOszimr5f7EBq7rZEU=,D/DRQh9wVhAZD8gvPxLUTFi36Hk=
15,58,jB9o1HWqSiOszimr5f7EBq7rZEU=,D/DRQh9wVhAZD8gvPxLUTFi36Hk=
15,62,jB9o1HWqSiOszimr5f7EBq7rZEU=,D/DRQh9wVhAZD8gvPxLUTFi36Hk=
15,59,jB9o1HWqSiOszimr5f7EBq7rZEU=,D/DRQh9wVhAZD8gvPxLUTFi36Hk=
15,60,jB9o1HWqSiOszimr5f7EBq7rZEU=,D/DRQh9wVhAZD8gvPxLUTFi36Hk=
15,63,jB9o1HWqSiOszimr5f7EBq7rZEU=,D/DRQh9wVhAZD8gvPxLUTFi36Hk=
15,56,jB9o1HWqSiOszimr5f7EBq7rZEU=,D/DRQh9wVhAZD8gvPxLUTFi36Hk=
4,63,jB9o1HWqSiOszimr5f7EBq7rZEU=,ZttNl/NST07a0EKpMo4cy8AFrks=
5,63,jB9o1HWqSiOszimr5f7EBq7rZEU=,ZttNl/NST07a0EKpMo4cy8AFrks=
6,63,jB9o1HWqSiOszimr5f7EBq7rZEU=,ZttNl/NST07a0EKpMo4cy8AFrks=
7,63,jB9o1HWqSiOszimr5f7EBq7rZEU=,ZttNl/NST07a0EKpMo4cy8AFrks=
3,63,jB9o1HWqSiOszimr5f7EBq7rZEU=,ZttNl/NST07a0EKpMo4cy8AFrks=
2,63,jB9o1HWqSiOszimr5f7EBq7rZEU=,ZttNl/NST07a0EKpMo4cy8AFrks=
8,57,jB9o1HWqSiOszimr5f7EBq7rZEU=,D/DRQh9wVhAZD8gvPxLUTFi36Hk=
0,57,jB9o1HWqSiOszimr5f7EBq7rZEU=,ZttNl/NST07a0EKpMo4cy8AFrks=
1,57,jB9o1HWqSiOszimr5f7EBq7rZEU=,ZttNl/NST07a0EKpMo4cy8AFrks=
8,61,jB9o1HWqSiOszimr5f7EBq7rZEU=,D/DRQh9wVhAZD8gvPxLUTFi36Hk=
1,63,jB9o1HWqSiOszimr5f7EBq7rZEU=,ZttNl/NST07a0EKpMo4cy8AFrks=
0,63,jB9o1HWqSiOszimr5f7EBq7rZEU=,ZttNl/NST07a0EKpMo4cy8AFrks=
7,62,jB9o1HWqSiOszimr5f7EBq7rZEU=,ZttNl/NST07a0EKpMo4cy8AFrks=
6,62,jB9o1HWqSiOszimr5f7EBq7rZEU=,ZttNl/NST07a0EKpMo4cy8AFrks=
5,62,jB9o1HWqSiOszimr5f7EBq7rZEU=,ZttNl/NST07a0EKpMo4cy8AFrks=
4,62,jB9o1HWqSiOszimr5f7EBq7rZEU=,ZttNl/NST07a0EKpMo4cy8AFrks=
3,62,jB9o1HWqSiOszimr5f7EBq7rZEU=,ZttNl/NST07a0EKpMo4cy8AFrks=
2,62,jB9o1HWqSiOszimr5f7EBq7rZEU=,ZttNl/NST07a0EKpMo4cy8AFrks=
1,62,jB9o1HWqSiOszimr5f7EBq7rZEU=,ZttNl/NST07a0EKpMo4cy8AFrks=
0,62,jB9o1HWqSiOszimr5f7EBq7rZEU=,ZttNl/NST07a0EKpMo4cy8AFrks=
2,57,jB9o1HWqSiOszimr5f7EBq7rZEU=,ZttNl/NST07a0EKpMo4cy8AFrks=
7,61,jB9o1HWqSiOszimr5f7EBq7rZEU=,ZttNl/NST07a0EKpMo4cy8AFrks=
6,61,jB9o1HWqSiOszimr5f7EBq7rZEU=,ZttNl/NST07a0EKpMo4cy8AFrks=
3,57,jB9o1HWqSiOszimr5f7EBq7rZEU=,ZttNl/NST07a0EKpMo4cy8AFrks=
5,61,jB9o1HWqSiOszimr5f7EBq7rZEU=,ZttNl/NST07a0EKpMo4cy8AFrks=
4,61,jB9o1HWqSiOszimr5f7EBq7rZEU=,ZttNl/NST07a0EKpMo4cy8AFrks=
4,57,jB9o1HWqSiOszimr5f7EBq7rZEU=,ZttNl/NST07a0EKpMo4cy8AFrks=
3,61,jB9o1HWqSiOszimr5f7EBq7rZEU=,ZttNl/NST07a0EKpMo4cy8AFrks=
2,61,jB9o1HWqSiOszimr5f7EBq7rZEU=,ZttNl/NST07a0EKpMo4cy8AFrks=
1,61,jB9o1HWqSiOszimr5f7EBq7rZEU=,ZttNl/NST07a0EKpMo4cy8AFrks=
0,61,jB9o1HWqSiOszimr5f7EBq7rZEU=,ZttNl/NST07a0EKpMo4cy8AFrks=
7,60,jB9o1HWqSiOszimr5f7EBq7rZEU=,ZttNl/NST07a0EKpMo4cy8AFrks=
8,60,jB9o1HWqSiOszimr5f7EBq7rZEU=,D/DRQh9wVhAZD8gvPxLUTFi36Hk=
5,57,jB9o1HWqSiOszimr5f7EBq7rZEU=,ZttNl/NST07a0EKpMo4cy8AFrks=
6,57,jB9o1HWqSiOszimr5f7EBq7rZEU=,ZttNl/NST07a0EKpMo4cy8AFrks=
7,57,jB9o1HWqSiOszimr5f7EBq7rZEU=,ZttNl/NST07a0EKpMo4cy8AFrks=
8,62,jB9o1HWqSiOszimr5f7EBq7rZEU=,D/DRQh9wVhAZD8gvPxLUTFi36Hk=
6,60,jB9o1HWqSiOszimr5f7EBq7rZEU=,ZttNl/NST07a0EKpMo4cy8AFrks=
5,60,jB9o1HWqSiOszimr5f7EBq7rZEU=,ZttNl/NST07a0EKpMo4cy8AFrks=
4,60,jB9o1HWqSiOszimr5f7EBq7rZEU=,ZttNl/NST07a0EKpMo4cy8AFrks=
0,58,jB9o1HWqSiOszimr5f7EBq7rZEU=,ZttNl/NST07a0EKpMo4cy8AFrks=
8,58,jB9o1HWqSiOszimr5f7EBq7rZEU=,D/DRQh9wVhAZD8gvPxLUTFi36Hk=
1,58,jB9o1HWqSiOszimr5f7EBq7rZEU=,ZttNl/NST07a0EKpMo4cy8AFrks=
2,58,jB9o1HWqSiOszimr5f7EBq7rZEU=,ZttNl/NST07a0EKpMo4cy8AFrks=
3,58,jB9o1HWqSiOszimr5f7EBq7rZEU=,ZttNl/NST07a0EKpMo4cy8AFrks=
3,60,jB9o1HWqSiOszimr5f7EBq7rZEU=,ZttNl/NST07a0EKpMo4cy8AFrks=
2,60,jB9o1HWqSiOszimr5f7EBq7rZEU=,ZttNl/NST07a0EKpMo4cy8AFrks=
1,60,jB9o1HWqSiOszimr5f7EBq7rZEU=,ZttNl/NST07a0EKpMo4cy8AFrks=
8,63,jB9o1HWqSiOszimr5f7EBq7rZEU=,D/DRQh9wVhAZD8gvPxLUTFi36Hk=
4,58,jB9o1HWqSiOszimr5f7EBq7rZEU=,ZttNl/NST07a0EKpMo4cy8AFrks=
5,58,jB9o1HWqSiOszimr5f7EBq7rZEU=,ZttNl/NST07a0EKpMo4cy8AFrks=
0,60,jB9o1HWqSiOszimr5f7EBq7rZEU=,ZttNl/NST07a0EKpMo4cy8AFrks=
7,59,jB9o1HWqSiOszimr5f7EBq7rZEU=,ZttNl/NST07a0EKpMo4cy8AFrks=
6,58,jB9o1HWqSiOszimr5f7EBq7rZEU=,ZttNl/NST07a0EKpMo4cy8AFrks=
7,58,jB9o1HWqSiOszimr5f7EBq7rZEU=,ZttNl/NST07a0EKpMo4cy8AFrks=
0,59,jB9o1HWqSiOszimr5f7EBq7rZEU=,ZttNl/NST07a0EKpMo4cy8AFrks=
1,59,jB9o1HWqSiOszimr5f7EBq7rZEU=,ZttNl/NST07a0EKpMo4cy8AFrks=
2,59,jB9o1HWqSiOszimr5f7EBq7rZEU=,ZttNl/NST07a0EKpMo4cy8AFrks=
8,59,jB9o1HWqSiOszimr5f7EBq7rZEU=,D/DRQh9wVhAZD8gvPxLUTFi36Hk=
3,59,jB9o1HWqSiOszimr5f7EBq7rZEU=,ZttNl/NST07a0EKpMo4cy8AFrks=
4,59,jB9o1HWqSiOszimr5f7EBq7rZEU=,ZttNl/NST07a0EKpMo4cy8AFrks=
5,59,jB9o1HWqSiOszimr5f7EBq7rZEU=,ZttNl/NST07a0EKpMo4cy8AFrks=
6,59,jB9o1HWqSiOszimr5f7EBq7rZEU=,ZttNl/NST07a0EKpMo4cy8AFrks=
3,50,jB9o1HWqSiOszimr5f7EBq7rZEU=,V6z9AKerEUWBCzrd16fSF/J4zVw=
2,49,jB9o1HWqSiOszimr5f7EBq7rZEU=,V6z9AKerEUWBCzrd16fSF/J4zVw=
3,49,jB9o1HWqSiOszimr5f7EBq7rZEU=,V6z9AKerEUWBCzrd16fSF/J4zVw=
7,53,jB9o1HWqSiOszimr5f7EBq7rZEU=,V6z9AKerEUWBCzrd16fSF/J4zVw=
1,49,jB9o1HWqSiOszimr5f7EBq7rZEU=,V6z9AKerEUWBCzrd16fSF/J4zVw=
2,50,jB9o1HWqSiOszimr5f7EBq7rZEU=,V6z9AKerEUWBCzrd16fSF/J4zVw=
7,52,jB9o1HWqSiOszimr5f7EBq7rZEU=,V6z9AKerEUWBCzrd16fSF/J4zVw=
4,55,jB9o1HWqSiOszimr5f7EBq7rZEU=,V6z9AKerEUWBCzrd16fSF/J4zVw=
2,55,jB9o1HWqSiOszimr5f7EBq7rZEU=,V6z9AKerEUWBCzrd16fSF/J4zVw=
3,48,jB9o1HWqSiOszimr5f7EBq7rZEU=,V6z9AKerEUWBCzrd16fSF/J4zVw=
7,48,jB9o1HWqSiOszimr5f7EBq7rZEU=,V6z9AKerEUWBCzrd16fSF/J4zVw=
6,52,jB9o1HWqSiOszimr5f7EBq7rZEU=,V6z9AKerEUWBCzrd16fSF/J4zVw=
6,48,jB9o1HWqSiOszimr5f7EBq7rZEU=,V6z9AKerEUWBCzrd16fSF/J4zVw=
5,48,jB9o1HWqSiOszimr5f7EBq7rZEU=,V6z9AKerEUWBCzrd16fSF/J4zVw=
1,50,jB9o1HWqSiOszimr5f7EBq7rZEU=,V6z9AKerEUWBCzrd16fSF/J4zVw=
1,52,jB9o1HWqSiOszimr5f7EBq7rZEU=,V6z9AKerEUWBCzrd16fSF/J4zVw=
5,55,jB9o1HWqSiOszimr5f7EBq7rZEU=,V6z9AKerEUWBCzrd16fSF/J4zVw=
6,55,jB9o1HWqSiOszimr5f7EBq7rZEU=,V6z9AKerEUWBCzrd16fSF/J4zVw=
0,49,jB9o1HWqSiOszimr5f7EBq7rZEU=,V6z9AKerEUWBCzrd16fSF/J4zVw=
5,54,jB9o1HWqSiOszimr5f7EBq7rZEU=,V6z9AKerEUWBCzrd16fSF/J4zVw=
7,55,jB9o1HWqSiOszimr5f7EBq7rZEU=,V6z9AKerEUWBCzrd16fSF/J4zVw=
0,48,jB9o1HWqSiOszimr5f7EBq7rZEU=,V6z9AKerEUWBCzrd16fSF/J4zVw=
0,50,jB9o1HWqSiOszimr5f7EBq7rZEU=,V6z9AKerEUWBCzrd16fSF/J4zVw=
6,53,jB9o1HWqSiOszimr5f7EBq7rZEU=,V6z9AKerEUWBCzrd16fSF/J4zVw=
5,53,jB9o1HWqSiOszimr5f7EBq7rZEU=,V6z9AKerEUWBCzrd16fSF/J4zVw=
0,52,jB9o1HWqSiOszimr5f7EBq7rZEU=,V6z9AKerEUWBCzrd16fSF/J4zVw=
4,53,jB9o1HWqSiOszimr5f7EBq7rZEU=,V6z9AKerEUWBCzrd16fSF/J4zVw=
3,53,jB9o1HWqSiOszimr5f7EBq7rZEU=,V6z9AKerEUWBCzrd16fSF/J4zVw=
7,49,jB9o1HWqSiOszimr5f7EBq7rZEU=,V6z9AKerEUWBCzrd16fSF/J4zVw=
1,55,jB9o1HWqSiOszimr5f7EBq7rZEU=,V6z9AKerEUWBCzrd16fSF/J4zVw=
2,52,jB9o1HWqSiOszimr5f7EBq7rZEU=,V6z9AKerEUWBCzrd16fSF/J4zVw=
4,54,jB9o1HWqSiOszimr5f7EBq7rZEU=,V6z9AKerEUWBCzrd16fSF/J4zVw=
2,51,jB9o1HWqSiOszimr5f7EBq7rZEU=,V6z9AKerEUWBCzrd16fSF/J4zVw=
1,53,jB9o1HWqSiOszimr5f7EBq7rZEU=,V6z9AKerEUWBCzrd16fSF/J4zVw=
7,51,jB9o1HWqSiOszimr5f7EBq7rZEU=,V6z9AKerEUWBCzrd16fSF/J4zVw=
6,49,jB9o1HWqSiOszimr5f7EBq7rZEU=,V6z9AKerEUWBCzrd16fSF/J4zVw=
3,54,jB9o1HWqSiOszimr5f7EBq7rZEU=,V6z9AKerEUWBCzrd16fSF/J4zVw=
2,53,jB9o1HWqSiOszimr5f7EBq7rZEU=,V6z9AKerEUWBCzrd16fSF/J4zVw=
5,52,jB9o1HWqSiOszimr5f7EBq7rZEU=,V6z9AKerEUWBCzrd16fSF/J4zVw=
6,51,jB9o1HWqSiOszimr5f7EBq7rZEU=,V6z9AKerEUWBCzrd16fSF/J4zVw=
4,52,jB9o1HWqSiOszimr5f7EBq7rZEU=,V6z9AKerEUWBCzrd16fSF/J4zVw=
0,55,jB9o1HWqSiOszimr5f7EBq7rZEU=,V6z9AKerEUWBCzrd16fSF/J4zVw=
5,51,jB9o1HWqSiOszimr5f7EBq7rZEU=,V6z9AKerEUWBCzrd16fSF/J4zVw=
0,53,jB9o1HWqSiOszimr5f7EBq7rZEU=,V6z9AKerEUWBCzrd16fSF/J4zVw=
5,49,jB9o1HWqSiOszimr5f7EBq7rZEU=,V6z9AKerEUWBCzrd16fSF/J4zVw=
1,51,jB9o1HWqSiOszimr5f7EBq7rZEU=,V6z9AKerEUWBCzrd16fSF/J4zVw=
7,50,jB9o1HWqSiOszimr5f7EBq7rZEU=,V6z9AKerEUWBCzrd16fSF/J4zVw=
6,50,jB9o1HWqSiOszimr5f7EBq7rZEU=,V6z9AKerEUWBCzrd16fSF/J4zVw=
4,48,jB9o1HWqSiOszimr5f7EBq7rZEU=,V6z9AKerEUWBCzrd16fSF/J4zVw=
5,50,jB9o1HWqSiOszimr5f7EBq7rZEU=,V6z9AKerEUWBCzrd16fSF/J4zVw=
4,50,jB9o1HWqSiOszimr5f7EBq7rZEU=,V6z9AKerEUWBCzrd16fSF/J4zVw=
3,55,jB9o1HWqSiOszimr5f7EBq7rZEU=,V6z9AKerEUWBCzrd16fSF/J4zVw=
2,54,jB9o1HWqSiOszimr5f7EBq7rZEU=,V6z9AKerEUWBCzrd16fSF/J4zVw=
0,51,jB9o1HWqSiOszimr5f7EBq7rZEU=,V6z9AKerEUWBCzrd16fSF/J4zVw=
7,54,jB9o1HWqSiOszimr5f7EBq7rZEU=,V6z9AKerEUWBCzrd16fSF/J4zVw=
1,54,jB9o1HWqSiOszimr5f7EBq7rZEU=,V6z9AKerEUWBCzrd16fSF/J4zVw=
4,51,jB9o1HWqSiOszimr5f7EBq7rZEU=,V6z9AKerEUWBCzrd16fSF/J4zVw=
2,48,jB9o1HWqSiOszimr5f7EBq7rZEU=,V6z9AKerEUWBCzrd16fSF/J4zVw=
0,56,jB9o1HWqSiOszimr5f7EBq7rZEU=,ZttNl/NST07a0EKpMo4cy8AFrks=
1,48,jB9o1HWqSiOszimr5f7EBq7rZEU=,V6z9AKerEUWBCzrd16fSF/J4zVw=
4,49,jB9o1HWqSiOszimr5f7EBq7rZEU=,V6z9AKerEUWBCzrd16fSF/J4zVw=
6,54,jB9o1HWqSiOszimr5f7EBq7rZEU=,V6z9AKerEUWBCzrd16fSF/J4zVw=
3,52,jB9o1HWqSiOszimr5f7EBq7rZEU=,V6z9AKerEUWBCzrd16fSF/J4zVw=
3,51,jB9o1HWqSiOszimr5f7EBq7rZEU=,V6z9AKerEUWBCzrd16fSF/J4zVw=
1,56,jB9o1HWqSiOszimr5f7EBq7rZEU=,ZttNl/NST07a0EKpMo4cy8AFrks=
7,56,jB9o1HWqSiOszimr5f7EBq7rZEU=,ZttNl/NST07a0EKpMo4cy8AFrks=
0,54,jB9o1HWqSiOszimr5f7EBq7rZEU=,V6z9AKerEUWBCzrd16fSF/J4zVw=
5,56,jB9o1HWqSiOszimr5f7EBq7rZEU=,ZttNl/NST07a0EKpMo4cy8AFrks=
6,56,jB9o1HWqSiOszimr5f7EBq7rZEU=,ZttNl/NST07a0EKpMo4cy8AFrks=
8,56,jB9o1HWqSiOszimr5f7EBq7rZEU=,D/DRQh9wVhAZD8gvPxLUTFi36Hk=
3,56,jB9o1HWqSiOszimr5f7EBq7rZEU=,ZttNl/NST07a0EKpMo4cy8AFrks=
2,56,jB9o1HWqSiOszimr5f7EBq7rZEU=,ZttNl/NST07a0EKpMo4cy8AFrks=
4,56,jB9o1HWqSiOszimr5f7EBq7rZEU=,ZttNl/NST07a0EKpMo4cy8AFrks=
