-7,-15,ahWgqCG6YVTPIhgBw4mvwYiBrWQ=,m7FYxkroKExtU9jo0uMNhW2ilg4=
-6,-14,ahWgqCG6YVTPIhgBw4mvwYiBrWQ=,m7FYxkroKExtU9jo0uMNhW2ilg4=
-6,-15,ahWgqCG6YVTPIhgBw4mvwYiBrWQ=,m7FYxkroKExtU9jo0uMNhW2ilg4=
-7,-14,ahWgqCG6YVTPIhgBw4mvwYiBrWQ=,m7FYxkroKExtU9jo0uMNhW2ilg4=
-2,-10,1uZUrRC9QnfRhF95G7YHcrqVWTk=,Vjoy7m6pppvUrzy6T8kANo3bUC4=
-2,-11,1uZUrRC9QnfRhF95G7YHcrqVWTk=,Vjoy7m6pppvUrzy6T8kANo3bUC4=
-3,-11,1uZUrRC9QnfRhF95G7YHcrqVWTk=,Vjoy7m6pppvUrzy6T8kANo3bUC4=
-3,-10,1uZUrRC9QnfRhF95G7YHcrqVWTk=,Vjoy7m6pppvUrzy6T8kANo3bUC4=
-5,-14,ahWgqCG6YVTPIhgBw4mvwYiBrWQ=,m7FYxkroKExtU9jo0uMNhW2ilg4=
-3,-12,1uZUrRC9QnfRhF95G7YHcrqVWTk=,Vjoy7m6pppvUrzy6T8kANo3bUC4=
-2,-12,1uZUrRC9QnfRhF95G7YHcrqVWTk=,Vjoy7m6pppvUrzy6T8kANo3bUC4=
-2,-14,1uZUrRC9QnfRhF95G7YHcrqVWTk=,K8bFdreJjxKRUsiJu2BNALjqpdQ=
-3,-14,1uZUrRC9QnfRhF95G7YHcrqVWTk=,K8bFdreJjxKRUsiJu2BNALjqpdQ=
-3,-13,1uZUrRC9QnfRhF95G7YHcrqVWTk=,K8bFdreJjxKRUsiJu2BNALjqpdQ=
-4,-14,1uZUrRC9QnfRhF95G7YHcrqVWTk=,K8bFdreJjxKRUsiJu2BNALjqpdQ=
-2,-15,1uZUrRC9QnfRhF95G7YHcrqVWTk=,K8bFdreJjxKRUsiJu2BNALjqpdQ=
-2,-13,1uZUrRC9QnfRhF95G7YHcrqVWTk=,K8bFdreJjxKRUsiJu2BNALjqpdQ=
-5,-15,ahWgqCG6YVTPIhgBw4mvwYiBrWQ=,m7FYxkroKExtU9jo0uMNhW2ilg4=
-3,-15,1uZUrRC9QnfRhF95G7YHcrqVWTk=,K8bFdreJjxKRUsiJu2BNALjqpdQ=
-4,-15,1uZUrRC9QnfRhF95G7YHcrqVWTk=,K8bFdreJjxKRUsiJu2BNALjqpdQ=
-4,-12,1uZUrRC9QnfRhF95G7YHcrqVWTk=,Vjoy7m6pppvUrzy6T8kANo3bUC4=
-5,-13,ahWgqCG6YVTPIhgBw4mvwYiBrWQ=,m7FYxkroKExtU9jo0uMNhW2ilg4=
-6,-13,ahWgqCG6YVTPIhgBw4mvwYiBrWQ=,m7FYxkroKExtU9jo0uMNhW2ilg4=
-7,-13,ahWgqCG6YVTPIhgBw4mvwYiBrWQ=,m7FYxkroKExtU9jo0uMNhW2ilg4=
-4,-10,1uZUrRC9QnfRhF95G7YHcrqVWTk=,Vjoy7m6pppvUrzy6T8kANo3bUC4=
-5,-10,KwpVzyLhgL90jeMKhMOgGa/FMqM=,PtYGoWm6TSYy7hOLcaMAxEGPpvo=
-5,-11,KwpVzyLhgL90jeMKhMOgGa/FMqM=,PtYGoWm6TSYy7hOLcaMAxEGPpvo=
-6,-10,KwpVzyLhgL90jeMKhMOgGa/FMqM=,PtYGoWm6TSYy7hOLcaMAxEGPpvo=
-7,-10,KwpVzyLhgL90jeMKhMOgGa/FMqM=,PtYGoWm6TSYy7hOLcaMAxEGPpvo=
-4,-13,1uZUrRC9QnfRhF95G7YHcrqVWTk=,K8bFdreJjxKRUsiJu2BNALjqpdQ=
-4,-11,1uZUrRC9QnfRhF95G7YHcrqVWTk=,Vjoy7m6pppvUrzy6T8kANo3bUC4=
-6,-11,KwpVzyLhgL90jeMKhMOgGa/FMqM=,PtYGoWm6TSYy7hOLcaMAxEGPpvo=
-6,-12,ahWgqCG6YVTPIhgBw4mvwYiBrWQ=,PtYGoWm6TSYy7hOLcaMAxEGPpvo=
-5,-12,ahWgqCG6YVTPIhgBw4mvwYiBrWQ=,PtYGoWm6TSYy7hOLcaMAxEGPpvo=
-7,-11,KwpVzyLhgL90jeMKhMOgGa/FMqM=,PtYGoWm6TSYy7hOLcaMAxEGPpvo=
-7,-6,5w4bgq6YHDHLEapG8B/OzvziUfk=,9VFpxdZClYlCUXWUZqrm3EefWUA=
-7,-12,ahWgqCG6YVTPIhgBw4mvwYiBrWQ=,PtYGoWm6TSYy7hOLcaMAxEGPpvo=
-6,-8,+xKx0BM8k4EVRAdTBhe9g4my5QU=,9VFpxdZClYlCUXWUZqrm3EefWUA=
-6,-6,5w4bgq6YHDHLEapG8B/OzvziUfk=,9VFpxdZClYlCUXWUZqrm3EefWUA=
-7,-7,5w4bgq6YHDHLEapG8B/OzvziUfk=,9VFpxdZClYlCUXWUZqrm3EefWUA=
-7,-8,+xKx0BM8k4EVRAdTBhe9g4my5QU=,9VFpxdZClYlCUXWUZqrm3EefWUA=
-6,-9,KwpVzyLhgL90jeMKhMOgGa/FMqM=,PtYGoWm6TSYy7hOLcaMAxEGPpvo=
-7,-9,KwpVzyLhgL90jeMKhMOgGa/FMqM=,PtYGoWm6TSYy7hOLcaMAxEGPpvo=
-6,-7,5w4bgq6YHDHLEapG8B/OzvziUfk=,9VFpxdZClYlCUXWUZqrm3EefWUA=
-11,-7,jXGu1poPvS20Fizx2piIijvNvA4=,7+wuQjrq0KI3MjmLK9Sq2PiEaKE=
-8,-6,+xKx0BM8k4EVRAdTBhe9g4my5QU=,9VFpxdZClYlCUXWUZqrm3EefWUA=
-10,-7,jXGu1poPvS20Fizx2piIijvNvA4=,7+wuQjrq0KI3MjmLK9Sq2PiEaKE=
-9,-6,N4iUNo98aJZ2JRNKTN8JvMJEDEE=,7+wuQjrq0KI3MjmLK9Sq2PiEaKE=
-8,-7,+xKx0BM8k4EVRAdTBhe9g4my5QU=,9VFpxdZClYlCUXWUZqrm3EefWUA=
-9,-7,N4iUNo98aJZ2JRNKTN8JvMJEDEE=,7+wuQjrq0KI3MjmLK9Sq2PiEaKE=
-10,-6,jXGu1poPvS20Fizx2piIijvNvA4=,7+wuQjrq0KI3MjmLK9Sq2PiEaKE=
-11,-6,jXGu1poPvS20Fizx2piIijvNvA4=,7+wuQjrq0KI3MjmLK9Sq2PiEaKE=
-8,-9,ahWgqCG6YVTPIhgBw4mvwYiBrWQ=,PtYGoWm6TSYy7hOLcaMAxEGPpvo=
-8,-8,+xKx0BM8k4EVRAdTBhe9g4my5QU=,9VFpxdZClYlCUXWUZqrm3EefWUA=
-9,-8,N4iUNo98aJZ2JRNKTN8JvMJEDEE=,7+wuQjrq0KI3MjmLK9Sq2PiEaKE=
-10,-8,N4iUNo98aJZ2JRNKTN8JvMJEDEE=,7+wuQjrq0KI3MjmLK9Sq2PiEaKE=
-11,-9,N4iUNo98aJZ2JRNKTN8JvMJEDEE=,GjrQ2obHJ36HPrcjnmuUCODFzLU=
-9,-9,N4iUNo98aJZ2JRNKTN8JvMJEDEE=,GjrQ2obHJ36HPrcjnmuUCODFzLU=
-11,-8,N4iUNo98aJZ2JRNKTN8JvMJEDEE=,7+wuQjrq0KI3MjmLK9Sq2PiEaKE=
-10,-9,N4iUNo98aJZ2JRNKTN8JvMJEDEE=,GjrQ2obHJ36HPrcjnmuUCODFzLU=
-11,-11,N4iUNo98aJZ2JRNKTN8JvMJEDEE=,GjrQ2obHJ36HPrcjnmuUCODFzLU=
-8,-10,ahWgqCG6YVTPIhgBw4mvwYiBrWQ=,PtYGoWm6TSYy7hOLcaMAxEGPpvo=
-9,-10,N4iUNo98aJZ2JRNKTN8JvMJEDEE=,GjrQ2obHJ36HPrcjnmuUCODFzLU=
-10,-10,N4iUNo98aJZ2JRNKTN8JvMJEDEE=,GjrQ2obHJ36HPrcjnmuUCODFzLU=
-10,-11,N4iUNo98aJZ2JRNKTN8JvMJEDEE=,GjrQ2obHJ36HPrcjnmuUCODFzLU=
-11,-10,N4iUNo98aJZ2JRNKTN8JvMJEDEE=,GjrQ2obHJ36HPrcjnmuUCODFzLU=
-9,-11,N4iUNo98aJZ2JRNKTN8JvMJEDEE=,GjrQ2obHJ36HPrcjnmuUCODFzLU=
-8,-11,ahWgqCG6YVTPIhgBw4mvwYiBrWQ=,PtYGoWm6TSYy7hOLcaMAxEGPpvo=
-4,-6,+xKx0BM8k4EVRAdTBhe9g4my5QU=,Lp049FfC3tHBYyS7MSVNt8sKJrw=
-5,-8,+xKx0BM8k4EVRAdTBhe9g4my5QU=,9VFpxdZClYlCUXWUZqrm3EefWUA=
-5,-6,+xKx0BM8k4EVRAdTBhe9g4my5QU=,9VFpxdZClYlCUXWUZqrm3EefWUA=
-2,-8,+xKx0BM8k4EVRAdTBhe9g4my5QU=,Lp049FfC3tHBYyS7MSVNt8sKJrw=
-4,-7,+xKx0BM8k4EVRAdTBhe9g4my5QU=,Lp049FfC3tHBYyS7MSVNt8sKJrw=
-2,-6,+xKx0BM8k4EVRAdTBhe9g4my5QU=,Lp049FfC3tHBYyS7MSVNt8sKJrw=
-2,-9,1uZUrRC9QnfRhF95G7YHcrqVWTk=,Vjoy7m6pppvUrzy6T8kANo3bUC4=
-4,-8,+xKx0BM8k4EVRAdTBhe9g4my5QU=,Lp049FfC3tHBYyS7MSVNt8sKJrw=
-3,-7,+xKx0BM8k4EVRAdTBhe9g4my5QU=,Lp049FfC3tHBYyS7MSVNt8sKJrw=
-5,-9,KwpVzyLhgL90jeMKhMOgGa/FMqM=,PtYGoWm6TSYy7hOLcaMAxEGPpvo=
-5,-7,+xKx0BM8k4EVRAdTBhe9g4my5QU=,9VFpxdZClYlCUXWUZqrm3EefWUA=
-3,-9,1uZUrRC9QnfRhF95G7YHcrqVWTk=,Vjoy7m6pppvUrzy6T8kANo3bUC4=
-2,-7,+xKx0BM8k4EVRAdTBhe9g4my5QU=,Lp049FfC3tHBYyS7MSVNt8sKJrw=
-4,-9,1uZUrRC9QnfRhF95G7YHcrqVWTk=,Vjoy7m6pppvUrzy6T8kANo3bUC4=
-3,-8,+xKx0BM8k4EVRAdTBhe9g4my5QU=,Lp049FfC3tHBYyS7MSVNt8sKJrw=
-3,-6,+xKx0BM8k4EVRAdTBhe9g4my5QU=,Lp049FfC3tHBYyS7MSVNt8sKJrw=
-12,-7,Y4GUJEjCklMwf0apLsoUacr3Ka8=,7+wuQjrq0KI3MjmLK9Sq2PiEaKE=
-12,-6,Y4GUJEjCklMwf0apLsoUacr3Ka8=,7+wuQjrq0KI3MjmLK9Sq2PiEaKE=
-15,-7,oLA1mfQBJy4vBQ0LnmVgfor+Tz8=,JMHlY0Z8ZzxPHLb283LRW5F9lQA=
-13,-6,oLA1mfQBJy4vBQ0LnmVgfor+Tz8=,JMHlY0Z8ZzxPHLb283LRW5F9lQA=
-14,-7,oLA1mfQBJy4vBQ0LnmVgfor+Tz8=,JMHlY0Z8ZzxPHLb283LRW5F9lQA=
-13,-7,oLA1mfQBJy4vBQ0LnmVgfor+Tz8=,JMHlY0Z8ZzxPHLb283LRW5F9lQA=
-14,-6,oLA1mfQBJy4vBQ0LnmVgfor+Tz8=,JMHlY0Z8ZzxPHLb283LRW5F9lQA=
-15,-6,oLA1mfQBJy4vBQ0LnmVgfor+Tz8=,JMHlY0Z8ZzxPHLb283LRW5F9lQA=
-15,-15,PMx/VMmO28v8JuSym6jgCRsXFx4=,gukeE/wfFBfuwFZte2i+B3pkWOg=
-14,-15,1uZUrRC9QnfRhF95G7YHcrqVWTk=,gukeE/wfFBfuwFZte2i+B3pkWOg=
-15,-14,PMx/VMmO28v8JuSym6jgCRsXFx4=,gukeE/wfFBfuwFZte2i+B3pkWOg=
-14,-14,PMx/VMmO28v8JuSym6jgCRsXFx4=,gukeE/wfFBfuwFZte2i+B3pkWOg=
-15,-13,1uZUrRC9QnfRhF95G7YHcrqVWTk=,gukeE/wfFBfuwFZte2i+B3pkWOg=
-14,-13,1uZUrRC9QnfRhF95G7YHcrqVWTk=,gukeE/wfFBfuwFZte2i+B3pkWOg=
-13,-8,oLA1mfQBJy4vBQ0LnmVgfor+Tz8=,JMHlY0Z8ZzxPHLb283LRW5F9lQA=
-15,-12,PMx/VMmO28v8JuSym6jgCRsXFx4=,pl35eQX2HFoJfwlFdoOh10Ag8Yg=
-14,-12,PMx/VMmO28v8JuSym6jgCRsXFx4=,pl35eQX2HFoJfwlFdoOh10Ag8Yg=
-13,-10,dMqxm2jkUR6DaqfquuW+pjE6P0M=,pl35eQX2HFoJfwlFdoOh10Ag8Yg=
-14,-8,oLA1mfQBJy4vBQ0LnmVgfor+Tz8=,JMHlY0Z8ZzxPHLb283LRW5F9lQA=
-12,-11,N4iUNo98aJZ2JRNKTN8JvMJEDEE=,GjrQ2obHJ36HPrcjnmuUCODFzLU=
-14,-10,XqJDPK0ERC1p9zjBSBASv90CXsI=,pl35eQX2HFoJfwlFdoOh10Ag8Yg=
-12,-8,N4iUNo98aJZ2JRNKTN8JvMJEDEE=,7+wuQjrq0KI3MjmLK9Sq2PiEaKE=
-13,-11,dMqxm2jkUR6DaqfquuW+pjE6P0M=,pl35eQX2HFoJfwlFdoOh10Ag8Yg=
-15,-8,oLA1mfQBJy4vBQ0LnmVgfor+Tz8=,JMHlY0Z8ZzxPHLb283LRW5F9lQA=
-15,-10,dMqxm2jkUR6DaqfquuW+pjE6P0M=,pl35eQX2HFoJfwlFdoOh10Ag8Yg=
-12,-9,N4iUNo98aJZ2JRNKTN8JvMJEDEE=,GjrQ2obHJ36HPrcjnmuUCODFzLU=
-14,-11,dMqxm2jkUR6DaqfquuW+pjE6P0M=,pl35eQX2HFoJfwlFdoOh10Ag8Yg=
-13,-9,1uZUrRC9QnfRhF95G7YHcrqVWTk=,pl35eQX2HFoJfwlFdoOh10Ag8Yg=
-12,-10,N4iUNo98aJZ2JRNKTN8JvMJEDEE=,GjrQ2obHJ36HPrcjnmuUCODFzLU=
-15,-9,1uZUrRC9QnfRhF95G7YHcrqVWTk=,pl35eQX2HFoJfwlFdoOh10Ag8Yg=
-14,-9,1uZUrRC9QnfRhF95G7YHcrqVWTk=,pl35eQX2HFoJfwlFdoOh10Ag8Yg=
-15,-11,dMqxm2jkUR6DaqfquuW+pjE6P0M=,pl35eQX2HFoJfwlFdoOh10Ag8Yg=
-13,-13,1uZUrRC9QnfRhF95G7YHcrqVWTk=,gukeE/wfFBfuwFZte2i+B3pkWOg=
-13,-12,1uZUrRC9QnfRhF95G7YHcrqVWTk=,pl35eQX2HFoJfwlFdoOh10Ag8Yg=
-9,-14,1uZUrRC9QnfRhF95G7YHcrqVWTk=,Nlbg86brksl1qAZ9B3oqSJ5LtIk=
-8,-13,ahWgqCG6YVTPIhgBw4mvwYiBrWQ=,m7FYxkroKExtU9jo0uMNhW2ilg4=
-10,-12,N4iUNo98aJZ2JRNKTN8JvMJEDEE=,GjrQ2obHJ36HPrcjnmuUCODFzLU=
-10,-14,PMx/VMmO28v8JuSym6jgCRsXFx4=,Nlbg86brksl1qAZ9B3oqSJ5LtIk=
-12,-15,1uZUrRC9QnfRhF95G7YHcrqVWTk=,Nlbg86brksl1qAZ9B3oqSJ5LtIk=
-12,-13,1uZUrRC9QnfRhF95G7YHcrqVWTk=,Nlbg86brksl1qAZ9B3oqSJ5LtIk=
-11,-14,dMqxm2jkUR6DaqfquuW+pjE6P0M=,Nlbg86brksl1qAZ9B3oqSJ5LtIk=
-12,-12,N4iUNo98aJZ2JRNKTN8JvMJEDEE=,GjrQ2obHJ36HPrcjnmuUCODFzLU=
-13,-14,PMx/VMmO28v8JuSym6jgCRsXFx4=,gukeE/wfFBfuwFZte2i+B3pkWOg=
-11,-12,N4iUNo98aJZ2JRNKTN8JvMJEDEE=,GjrQ2obHJ36HPrcjnmuUCODFzLU=
-8,-15,ahWgqCG6YVTPIhgBw4mvwYiBrWQ=,m7FYxkroKExtU9jo0uMNhW2ilg4=
-9,-12,N4iUNo98aJZ2JRNKTN8JvMJEDEE=,GjrQ2obHJ36HPrcjnmuUCODFzLU=
-12,-14,PMx/VMmO28v8JuSym6jgCRsXFx4=,Nlbg86brksl1qAZ9B3oqSJ5LtIk=
-8,-14,ahWgqCG6YVTPIhgBw4mvwYiBrWQ=,m7FYxkroKExtU9jo0uMNhW2ilg4=
-9,-15,1uZUrRC9QnfRhF95G7YHcrqVWTk=,Nlbg86brksl1qAZ9B3oqSJ5LtIk=
-13,-15,PMx/VMmO28v8JuSym6jgCRsXFx4=,gukeE/wfFBfuwFZte2i+B3pkWOg=
-10,-15,dMqxm2jkUR6DaqfquuW+pjE6P0M=,Nlbg86brksl1qAZ9B3oqSJ5LtIk=
-9,-13,1uZUrRC9QnfRhF95G7YHcrqVWTk=,Nlbg86brksl1qAZ9B3oqSJ5LtIk=
-11,-13,dMqxm2jkUR6DaqfquuW+pjE6P0M=,Nlbg86brksl1qAZ9B3oqSJ5LtIk=
-11,-15,dMqxm2jkUR6DaqfquuW+pjE6P0M=,Nlbg86brksl1qAZ9B3oqSJ5LtIk=
-8,-12,ahWgqCG6YVTPIhgBw4mvwYiBrWQ=,PtYGoWm6TSYy7hOLcaMAxEGPpvo=
-10,-13,dMqxm2jkUR6DaqfquuW+pjE6P0M=,Nlbg86brksl1qAZ9B3oqSJ5LtIk=
-14,-2,1uZUrRC9QnfRhF95G7YHcrqVWTk=,xqN4hQdrNJfncg236W2edRn2078=
-15,-2,1uZUrRC9QnfRhF95G7YHcrqVWTk=,xqN4hQdrNJfncg236W2edRn2078=
-15,-4,1uZUrRC9QnfRhF95G7YHcrqVWTk=,xqN4hQdrNJfncg236W2edRn2078=
-14,-5,oLA1mfQBJy4vBQ0LnmVgfor+Tz8=,JMHlY0Z8ZzxPHLb283LRW5F9lQA=
-14,-3,1uZUrRC9QnfRhF95G7YHcrqVWTk=,xqN4hQdrNJfncg236W2edRn2078=
-14,-4,1uZUrRC9QnfRhF95G7YHcrqVWTk=,xqN4hQdrNJfncg236W2edRn2078=
-15,-5,oLA1mfQBJy4vBQ0LnmVgfor+Tz8=,JMHlY0Z8ZzxPHLb283LRW5F9lQA=
-15,-3,1uZUrRC9QnfRhF95G7YHcrqVWTk=,xqN4hQdrNJfncg236W2edRn2078=
-10,-2,jXGu1poPvS20Fizx2piIijvNvA4=,VpoXCToGkXW7SvCuX5MFXcL4s14=
-13,-5,oLA1mfQBJy4vBQ0LnmVgfor+Tz8=,JMHlY0Z8ZzxPHLb283LRW5F9lQA=
-13,-2,1uZUrRC9QnfRhF95G7YHcrqVWTk=,xqN4hQdrNJfncg236W2edRn2078=
-11,-2,C5u1LYgwn8q+VMgj1xCrA6JUh88=,VpoXCToGkXW7SvCuX5MFXcL4s14=
-13,-3,1uZUrRC9QnfRhF95G7YHcrqVWTk=,xqN4hQdrNJfncg236W2edRn2078=
-12,-2,N4iUNo98aJZ2JRNKTN8JvMJEDEE=,VpoXCToGkXW7SvCuX5MFXcL4s14=
-10,-3,jXGu1poPvS20Fizx2piIijvNvA4=,VpoXCToGkXW7SvCuX5MFXcL4s14=
-13,-4,1uZUrRC9QnfRhF95G7YHcrqVWTk=,xqN4hQdrNJfncg236W2edRn2078=
-11,-3,jXGu1poPvS20Fizx2piIijvNvA4=,VpoXCToGkXW7SvCuX5MFXcL4s14=
-12,-3,N4iUNo98aJZ2JRNKTN8JvMJEDEE=,VpoXCToGkXW7SvCuX5MFXcL4s14=
-11,-1,N4iUNo98aJZ2JRNKTN8JvMJEDEE=,VpoXCToGkXW7SvCuX5MFXcL4s14=
-10,-4,C5u1LYgwn8q+VMgj1xCrA6JUh88=,VpoXCToGkXW7SvCuX5MFXcL4s14=
-10,-5,jXGu1poPvS20Fizx2piIijvNvA4=,7+wuQjrq0KI3MjmLK9Sq2PiEaKE=
-11,-4,jXGu1poPvS20Fizx2piIijvNvA4=,VpoXCToGkXW7SvCuX5MFXcL4s14=
-12,-5,N4iUNo98aJZ2JRNKTN8JvMJEDEE=,7+wuQjrq0KI3MjmLK9Sq2PiEaKE=
-11,-5,jXGu1poPvS20Fizx2piIijvNvA4=,7+wuQjrq0KI3MjmLK9Sq2PiEaKE=
-12,-4,N4iUNo98aJZ2JRNKTN8JvMJEDEE=,VpoXCToGkXW7SvCuX5MFXcL4s14=
-1,-6,+xKx0BM8k4EVRAdTBhe9g4my5QU=,Lp049FfC3tHBYyS7MSVNt8sKJrw=
-1,-7,+xKx0BM8k4EVRAdTBhe9g4my5QU=,Lp049FfC3tHBYyS7MSVNt8sKJrw=
-1,-10,1uZUrRC9QnfRhF95G7YHcrqVWTk=,Vjoy7m6pppvUrzy6T8kANo3bUC4=
-10,-1,N4iUNo98aJZ2JRNKTN8JvMJEDEE=,VpoXCToGkXW7SvCuX5MFXcL4s14=
-1,-11,1uZUrRC9QnfRhF95G7YHcrqVWTk=,Vjoy7m6pppvUrzy6T8kANo3bUC4=
-1,-12,1uZUrRC9QnfRhF95G7YHcrqVWTk=,Vjoy7m6pppvUrzy6T8kANo3bUC4=
-1,-8,+xKx0BM8k4EVRAdTBhe9g4my5QU=,Lp049FfC3tHBYyS7MSVNt8sKJrw=
-1,-13,1uZUrRC9QnfRhF95G7YHcrqVWTk=,K8bFdreJjxKRUsiJu2BNALjqpdQ=
-1,-14,1uZUrRC9QnfRhF95G7YHcrqVWTk=,K8bFdreJjxKRUsiJu2BNALjqpdQ=
-1,-9,1uZUrRC9QnfRhF95G7YHcrqVWTk=,Vjoy7m6pppvUrzy6T8kANo3bUC4=
-1,-15,1uZUrRC9QnfRhF95G7YHcrqVWTk=,K8bFdreJjxKRUsiJu2BNALjqpdQ=
-7,-16,ahWgqCG6YVTPIhgBw4mvwYiBrWQ=,m7FYxkroKExtU9jo0uMNhW2ilg4=
-6,-16,ahWgqCG6YVTPIhgBw4mvwYiBrWQ=,m7FYxkroKExtU9jo0uMNhW2ilg4=
-4,-16,1uZUrRC9QnfRhF95G7YHcrqVWTk=,K8bFdreJjxKRUsiJu2BNALjqpdQ=
-8,-16,ahWgqCG6YVTPIhgBw4mvwYiBrWQ=,m7FYxkroKExtU9jo0uMNhW2ilg4=
-3,-16,1uZUrRC9QnfRhF95G7YHcrqVWTk=,K8bFdreJjxKRUsiJu2BNALjqpdQ=
-11,-16,dMqxm2jkUR6DaqfquuW+pjE6P0M=,Nlbg86brksl1qAZ9B3oqSJ5LtIk=
-9,-16,1uZUrRC9QnfRhF95G7YHcrqVWTk=,Nlbg86brksl1qAZ9B3oqSJ5LtIk=
-10,-16,PMx/VMmO28v8JuSym6jgCRsXFx4=,Nlbg86brksl1qAZ9B3oqSJ5LtIk=
-2,-16,1uZUrRC9QnfRhF95G7YHcrqVWTk=,K8bFdreJjxKRUsiJu2BNALjqpdQ=
-5,-16,ahWgqCG6YVTPIhgBw4mvwYiBrWQ=,m7FYxkroKExtU9jo0uMNhW2ilg4=
-16,-15,1uZUrRC9QnfRhF95G7YHcrqVWTk=,gukeE/wfFBfuwFZte2i+B3pkWOg=
-16,-14,PMx/VMmO28v8JuSym6jgCRsXFx4=,gukeE/wfFBfuwFZte2i+B3pkWOg=
-16,-16,1uZUrRC9QnfRhF95G7YHcrqVWTk=,gukeE/wfFBfuwFZte2i+B3pkWOg=
-12,-16,1uZUrRC9QnfRhF95G7YHcrqVWTk=,Nlbg86brksl1qAZ9B3oqSJ5LtIk=
-14,-16,1uZUrRC9QnfRhF95G7YHcrqVWTk=,gukeE/wfFBfuwFZte2i+B3pkWOg=
-13,-16,1uZUrRC9QnfRhF95G7YHcrqVWTk=,gukeE/wfFBfuwFZte2i+B3pkWOg=
-16,-13,1uZUrRC9QnfRhF95G7YHcrqVWTk=,gukeE/wfFBfuwFZte2i+B3pkWOg=
-16,-12,PMx/VMmO28v8JuSym6jgCRsXFx4=,pl35eQX2HFoJfwlFdoOh10Ag8Yg=
-16,-9,1uZUrRC9QnfRhF95G7YHcrqVWTk=,pl35eQX2HFoJfwlFdoOh10Ag8Yg=
-16,-11,dMqxm2jkUR6DaqfquuW+pjE6P0M=,pl35eQX2HFoJfwlFdoOh10Ag8Yg=
-16,-7,oLA1mfQBJy4vBQ0LnmVgfor+Tz8=,JMHlY0Z8ZzxPHLb283LRW5F9lQA=
-16,-10,dMqxm2jkUR6DaqfquuW+pjE6P0M=,pl35eQX2HFoJfwlFdoOh10Ag8Yg=
-16,-6,oLA1mfQBJy4vBQ0LnmVgfor+Tz8=,JMHlY0Z8ZzxPHLb283LRW5F9lQA=
-16,-8,oLA1mfQBJy4vBQ0LnmVgfor+Tz8=,JMHlY0Z8ZzxPHLb283LRW5F9lQA=
-16,-2,1uZUrRC9QnfRhF95G7YHcrqVWTk=,xqN4hQdrNJfncg236W2edRn2078=
-15,-16,1uZUrRC9QnfRhF95G7YHcrqVWTk=,gukeE/wfFBfuwFZte2i+B3pkWOg=
-16,-5,oLA1mfQBJy4vBQ0LnmVgfor+Tz8=,JMHlY0Z8ZzxPHLb283LRW5F9lQA=
-16,-4,1uZUrRC9QnfRhF95G7YHcrqVWTk=,xqN4hQdrNJfncg236W2edRn2078=
-16,-3,1uZUrRC9QnfRhF95G7YHcrqVWTk=,xqN4hQdrNJfncg236W2edRn2078=
-1,-16,1uZUrRC9QnfRhF95G7YHcrqVWTk=,K8bFdreJjxKRUsiJu2BNALjqpdQ=
-13,-1,1uZUrRC9QnfRhF95G7YHcrqVWTk=,xqN4hQdrNJfncg236W2edRn2078=
-14,-1,1uZUrRC9QnfRhF95G7YHcrqVWTk=,xqN4hQdrNJfncg236W2edRn2078=
-15,-1,1uZUrRC9QnfRhF95G7YHcrqVWTk=,xqN4hQdrNJfncg236W2edRn2078=
-12,-1,N4iUNo98aJZ2JRNKTN8JvMJEDEE=,VpoXCToGkXW7SvCuX5MFXcL4s14=
-16,-1,1uZUrRC9QnfRhF95G7YHcrqVWTk=,xqN4hQdrNJfncg236W2edRn2078=
-8,-1,+xKx0BM8k4EVRAdTBhe9g4my5QU=,KjXcrupsmJgiEZKHeKB5sSAenaU=
-9,-3,C5u1LYgwn8q+VMgj1xCrA6JUh88=,VpoXCToGkXW7SvCuX5MFXcL4s14=
-7,-1,+xKx0BM8k4EVRAdTBhe9g4my5QU=,KjXcrupsmJgiEZKHeKB5sSAenaU=
-6,-2,+xKx0BM8k4EVRAdTBhe9g4my5QU=,KjXcrupsmJgiEZKHeKB5sSAenaU=
-8,-5,+xKx0BM8k4EVRAdTBhe9g4my5QU=,9VFpxdZClYlCUXWUZqrm3EefWUA=
-7,-5,+xKx0BM8k4EVRAdTBhe9g4my5QU=,9VFpxdZClYlCUXWUZqrm3EefWUA=
-9,-2,C5u1LYgwn8q+VMgj1xCrA6JUh88=,VpoXCToGkXW7SvCuX5MFXcL4s14=
-6,-5,+xKx0BM8k4EVRAdTBhe9g4my5QU=,9VFpxdZClYlCUXWUZqrm3EefWUA=
-8,-4,+xKx0BM8k4EVRAdTBhe9g4my5QU=,KjXcrupsmJgiEZKHeKB5sSAenaU=
-7,-4,+xKx0BM8k4EVRAdTBhe9g4my5QU=,KjXcrupsmJgiEZKHeKB5sSAenaU=
-9,-5,N4iUNo98aJZ2JRNKTN8JvMJEDEE=,7+wuQjrq0KI3MjmLK9Sq2PiEaKE=
-6,-4,+xKx0BM8k4EVRAdTBhe9g4my5QU=,KjXcrupsmJgiEZKHeKB5sSAenaU=
-7,-2,+xKx0BM8k4EVRAdTBhe9g4my5QU=,KjXcrupsmJgiEZKHeKB5sSAenaU=
-8,-2,+xKx0BM8k4EVRAdTBhe9g4my5QU=,KjXcrupsmJgiEZKHeKB5sSAenaU=
-9,-1,N4iUNo98aJZ2JRNKTN8JvMJEDEE=,VpoXCToGkXW7SvCuX5MFXcL4s14=
-6,-3,+xKx0BM8k4EVRAdTBhe9g4my5QU=,KjXcrupsmJgiEZKHeKB5sSAenaU=
-6,-1,+xKx0BM8k4EVRAdTBhe9g4my5QU=,KjXcrupsmJgiEZKHeKB5sSAenaU=
-9,-4,N4iUNo98aJZ2JRNKTN8JvMJEDEE=,VpoXCToGkXW7SvCuX5MFXcL4s14=
-7,-3,DvnpQZbmvDcsmcmOCH/30hE+hss=,KjXcrupsmJgiEZKHeKB5sSAenaU=
-8,-3,+xKx0BM8k4EVRAdTBhe9g4my5QU=,KjXcrupsmJgiEZKHeKB5sSAenaU=
-2,-4,1uZUrRC9QnfRhF95G7YHcrqVWTk=,wf7WvIqDq/sEqXPpT6OobzgaemM=
-2,-2,1uZUrRC9QnfRhF95G7YHcrqVWTk=,wf7WvIqDq/sEqXPpT6OobzgaemM=
-1,-5,+xKx0BM8k4EVRAdTBhe9g4my5QU=,Lp049FfC3tHBYyS7MSVNt8sKJrw=
-2,-1,1uZUrRC9QnfRhF95G7YHcrqVWTk=,wf7WvIqDq/sEqXPpT6OobzgaemM=
-1,-3,1uZUrRC9QnfRhF95G7YHcrqVWTk=,wf7WvIqDq/sEqXPpT6OobzgaemM=
-3,-5,+xKx0BM8k4EVRAdTBhe9g4my5QU=,Lp049FfC3tHBYyS7MSVNt8sKJrw=
-3,-2,1uZUrRC9QnfRhF95G7YHcrqVWTk=,wf7WvIqDq/sEqXPpT6OobzgaemM=
-2,-5,+xKx0BM8k4EVRAdTBhe9g4my5QU=,Lp049FfC3tHBYyS7MSVNt8sKJrw=
-5,-2,+xKx0BM8k4EVRAdTBhe9g4my5QU=,KjXcrupsmJgiEZKHeKB5sSAenaU=
-1,-4,1uZUrRC9QnfRhF95G7YHcrqVWTk=,wf7WvIqDq/sEqXPpT6OobzgaemM=
-4,-5,+xKx0BM8k4EVRAdTBhe9g4my5QU=,Lp049FfC3tHBYyS7MSVNt8sKJrw=
-3,-1,1uZUrRC9QnfRhF95G7YHcrqVWTk=,wf7WvIqDq/sEqXPpT6OobzgaemM=
-2,-3,1uZUrRC9QnfRhF95G7YHcrqVWTk=,wf7WvIqDq/sEqXPpT6OobzgaemM=
-5,-3,+xKx0BM8k4EVRAdTBhe9g4my5QU=,KjXcrupsmJgiEZKHeKB5sSAenaU=
-5,-5,+xKx0BM8k4EVRAdTBhe9g4my5QU=,9VFpxdZClYlCUXWUZqrm3EefWUA=
-5,-1,+xKx0BM8k4EVRAdTBhe9g4my5QU=,KjXcrupsmJgiEZKHeKB5sSAenaU=
-4,-2,1uZUrRC9QnfRhF95G7YHcrqVWTk=,wf7WvIqDq/sEqXPpT6OobzgaemM=
-1,-1,1uZUrRC9QnfRhF95G7YHcrqVWTk=,wf7WvIqDq/sEqXPpT6OobzgaemM=
-4,-4,1uZUrRC9QnfRhF95G7YHcrqVWTk=,wf7WvIqDq/sEqXPpT6OobzgaemM=
-3,-4,1uZUrRC9QnfRhF95G7YHcrqVWTk=,wf7WvIqDq/sEqXPpT6OobzgaemM=
-1,-2,1uZUrRC9QnfRhF95G7YHcrqVWTk=,wf7WvIqDq/sEqXPpT6OobzgaemM=
-3,-3,1uZUrRC9QnfRhF95G7YHcrqVWTk=,wf7WvIqDq/sEqXPpT6OobzgaemM=
-4,-3,1uZUrRC9QnfRhF95G7YHcrqVWTk=,wf7WvIqDq/sEqXPpT6OobzgaemM=
-4,-1,1uZUrRC9QnfRhF95G7YHcrqVWTk=,wf7WvIqDq/sEqXPpT6OobzgaemM=
-5,-4,+xKx0BM8k4EVRAdTBhe9g4my5QU=,KjXcrupsmJgiEZKHeKB5sSAenaU=
-2,-22,dMgJ7D5nVKN6o0DSKAEnIg6Mrjw=,u61jwmMNu5PbALYJTbumfQbLDtw=
-3,-22,dMgJ7D5nVKN6o0DSKAEnIg6Mrjw=,u61jwmMNu5PbALYJTbumfQbLDtw=
-7,-26,NqzF2TC39AIGuEXLIgdOF99u0Bk=,qH8Xx8/Gna+rUfyEulwplUdvekg=
-6,-27,NqzF2TC39AIGuEXLIgdOF99u0Bk=,qH8Xx8/Gna+rUfyEulwplUdvekg=
-7,-27,NqzF2TC39AIGuEXLIgdOF99u0Bk=,qH8Xx8/Gna+rUfyEulwplUdvekg=
-6,-26,NqzF2TC39AIGuEXLIgdOF99u0Bk=,qH8Xx8/Gna+rUfyEulwplUdvekg=
-2,-23,dMgJ7D5nVKN6o0DSKAEnIg6Mrjw=,u61jwmMNu5PbALYJTbumfQbLDtw=
-3,-23,dMgJ7D5nVKN6o0DSKAEnIg6Mrjw=,u61jwmMNu5PbALYJTbumfQbLDtw=
-6,-25,ZgzZVH2POX9/NQSIRZE+5j1tbj0=,qH8Xx8/Gna+rUfyEulwplUdvekg=
-7,-25,ZgzZVH2POX9/NQSIRZE+5j1tbj0=,qH8Xx8/Gna+rUfyEulwplUdvekg=
-7,-24,dMgJ7D5nVKN6o0DSKAEnIg6Mrjw=,+sc0I57vKO7CeTw3MKP4aKpck3Q=
-4,-23,dMgJ7D5nVKN6o0DSKAEnIg6Mrjw=,u61jwmMNu5PbALYJTbumfQbLDtw=
-6,-24,dMgJ7D5nVKN6o0DSKAEnIg6Mrjw=,+sc0I57vKO7CeTw3MKP4aKpck3Q=
-7,-23,dMgJ7D5nVKN6o0DSKAEnIg6Mrjw=,+sc0I57vKO7CeTw3MKP4aKpck3Q=
-6,-23,dMgJ7D5nVKN6o0DSKAEnIg6Mrjw=,+sc0I57vKO7CeTw3MKP4aKpck3Q=
-5,-22,dMgJ7D5nVKN6o0DSKAEnIg6Mrjw=,+sc0I57vKO7CeTw3MKP4aKpck3Q=
-6,-22,dMgJ7D5nVKN6o0DSKAEnIg6Mrjw=,+sc0I57vKO7CeTw3MKP4aKpck3Q=
-5,-23,dMgJ7D5nVKN6o0DSKAEnIg6Mrjw=,+sc0I57vKO7CeTw3MKP4aKpck3Q=
-4,-22,dMgJ7D5nVKN6o0DSKAEnIg6Mrjw=,u61jwmMNu5PbALYJTbumfQbLDtw=
-7,-22,dMgJ7D5nVKN6o0DSKAEnIg6Mrjw=,+sc0I57vKO7CeTw3MKP4aKpck3Q=
-7,-29,SEs2VCiDwP05DzhoKVwTkFAQ4uw=,4IWYpxfHXsstoXcrlUIgREEQY3A=
-6,-29,SEs2VCiDwP05DzhoKVwTkFAQ4uw=,4IWYpxfHXsstoXcrlUIgREEQY3A=
-7,-28,SEs2VCiDwP05DzhoKVwTkFAQ4uw=,qH8Xx8/Gna+rUfyEulwplUdvekg=
-7,-31,SEs2VCiDwP05DzhoKVwTkFAQ4uw=,4IWYpxfHXsstoXcrlUIgREEQY3A=
-6,-31,SEs2VCiDwP05DzhoKVwTkFAQ4uw=,4IWYpxfHXsstoXcrlUIgREEQY3A=
-6,-28,SEs2VCiDwP05DzhoKVwTkFAQ4uw=,qH8Xx8/Gna+rUfyEulwplUdvekg=
-7,-30,SEs2VCiDwP05DzhoKVwTkFAQ4uw=,4IWYpxfHXsstoXcrlUIgREEQY3A=
-6,-30,SEs2VCiDwP05DzhoKVwTkFAQ4uw=,4IWYpxfHXsstoXcrlUIgREEQY3A=
-4,-24,dMgJ7D5nVKN6o0DSKAEnIg6Mrjw=,u61jwmMNu5PbALYJTbumfQbLDtw=
-2,-25,SEs2VCiDwP05DzhoKVwTkFAQ4uw=,L/PqFsJJaTJgvKRIj3moKTgHisc=
-2,-24,dMgJ7D5nVKN6o0DSKAEnIg6Mrjw=,u61jwmMNu5PbALYJTbumfQbLDtw=
-5,-27,SEs2VCiDwP05DzhoKVwTkFAQ4uw=,qH8Xx8/Gna+rUfyEulwplUdvekg=
-3,-24,dMgJ7D5nVKN6o0DSKAEnIg6Mrjw=,u61jwmMNu5PbALYJTbumfQbLDtw=
-2,-26,SEs2VCiDwP05DzhoKVwTkFAQ4uw=,L/PqFsJJaTJgvKRIj3moKTgHisc=
-4,-26,SEs2VCiDwP05DzhoKVwTkFAQ4uw=,L/PqFsJJaTJgvKRIj3moKTgHisc=
-4,-25,SEs2VCiDwP05DzhoKVwTkFAQ4uw=,L/PqFsJJaTJgvKRIj3moKTgHisc=
-2,-27,SEs2VCiDwP05DzhoKVwTkFAQ4uw=,L/PqFsJJaTJgvKRIj3moKTgHisc=
-5,-26,SEs2VCiDwP05DzhoKVwTkFAQ4uw=,qH8Xx8/Gna+rUfyEulwplUdvekg=
-3,-26,SEs2VCiDwP05DzhoKVwTkFAQ4uw=,L/PqFsJJaTJgvKRIj3moKTgHisc=
-4,-27,SEs2VCiDwP05DzhoKVwTkFAQ4uw=,L/PqFsJJaTJgvKRIj3moKTgHisc=
-5,-24,dMgJ7D5nVKN6o0DSKAEnIg6Mrjw=,+sc0I57vKO7CeTw3MKP4aKpck3Q=
-5,-25,SEs2VCiDwP05DzhoKVwTkFAQ4uw=,qH8Xx8/Gna+rUfyEulwplUdvekg=
-3,-27,SEs2VCiDwP05DzhoKVwTkFAQ4uw=,L/PqFsJJaTJgvKRIj3moKTgHisc=
-3,-25,SEs2VCiDwP05DzhoKVwTkFAQ4uw=,L/PqFsJJaTJgvKRIj3moKTgHisc=
-7,-21,dMgJ7D5nVKN6o0DSKAEnIg6Mrjw=,+sc0I57vKO7CeTw3MKP4aKpck3Q=
-6,-21,dMgJ7D5nVKN6o0DSKAEnIg6Mrjw=,+sc0I57vKO7CeTw3MKP4aKpck3Q=
-7,-20,dMgJ7D5nVKN6o0DSKAEnIg6Mrjw=,1acrGXUi5FpjBl1FJOANNIMor3Y=
-6,-20,dMgJ7D5nVKN6o0DSKAEnIg6Mrjw=,1acrGXUi5FpjBl1FJOANNIMor3Y=
-7,-19,dMgJ7D5nVKN6o0DSKAEnIg6Mrjw=,1acrGXUi5FpjBl1FJOANNIMor3Y=
-6,-19,dMgJ7D5nVKN6o0DSKAEnIg6Mrjw=,1acrGXUi5FpjBl1FJOANNIMor3Y=
-7,-18,dMgJ7D5nVKN6o0DSKAEnIg6Mrjw=,1acrGXUi5FpjBl1FJOANNIMor3Y=
-6,-18,dMgJ7D5nVKN6o0DSKAEnIg6Mrjw=,1acrGXUi5FpjBl1FJOANNIMor3Y=
-5,-29,SEs2VCiDwP05DzhoKVwTkFAQ4uw=,4IWYpxfHXsstoXcrlUIgREEQY3A=
-2,-31,SEs2VCiDwP05DzhoKVwTkFAQ4uw=,7j5yBjq99tMfOGNAaYW2FJR7lB0=
-2,-30,SEs2VCiDwP05DzhoKVwTkFAQ4uw=,7j5yBjq99tMfOGNAaYW2FJR7lB0=
-4,-29,SEs2VCiDwP05DzhoKVwTkFAQ4uw=,7j5yBjq99tMfOGNAaYW2FJR7lB0=
-4,-31,SEs2VCiDwP05DzhoKVwTkFAQ4uw=,7j5yBjq99tMfOGNAaYW2FJR7lB0=
-3,-29,SEs2VCiDwP05DzhoKVwTkFAQ4uw=,7j5yBjq99tMfOGNAaYW2FJR7lB0=
-3,-31,SEs2VCiDwP05DzhoKVwTkFAQ4uw=,7j5yBjq99tMfOGNAaYW2FJR7lB0=
-2,-29,SEs2VCiDwP05DzhoKVwTkFAQ4uw=,7j5yBjq99tMfOGNAaYW2FJR7lB0=
-4,-30,SEs2VCiDwP05DzhoKVwTkFAQ4uw=,7j5yBjq99tMfOGNAaYW2FJR7lB0=
-3,-30,SEs2VCiDwP05DzhoKVwTkFAQ4uw=,7j5yBjq99tMfOGNAaYW2FJR7lB0=
-5,-30,SEs2VCiDwP05DzhoKVwTkFAQ4uw=,4IWYpxfHXsstoXcrlUIgREEQY3A=
-4,-28,SEs2VCiDwP05DzhoKVwTkFAQ4uw=,L/PqFsJJaTJgvKRIj3moKTgHisc=
-3,-28,SEs2VCiDwP05DzhoKVwTkFAQ4uw=,L/PqFsJJaTJgvKRIj3moKTgHisc=
-5,-31,SEs2VCiDwP05DzhoKVwTkFAQ4uw=,4IWYpxfHXsstoXcrlUIgREEQY3A=
-8,-23,dMgJ7D5nVKN6o0DSKAEnIg6Mrjw=,+sc0I57vKO7CeTw3MKP4aKpck3Q=
-8,-22,dMgJ7D5nVKN6o0DSKAEnIg6Mrjw=,+sc0I57vKO7CeTw3MKP4aKpck3Q=
-2,-28,SEs2VCiDwP05DzhoKVwTkFAQ4uw=,L/PqFsJJaTJgvKRIj3moKTgHisc=
-5,-28,SEs2VCiDwP05DzhoKVwTkFAQ4uw=,qH8Xx8/Gna+rUfyEulwplUdvekg=
-15,-19,dMgJ7D5nVKN6o0DSKAEnIg6Mrjw=,zti8KC5R+X2O/GS7Tpve5j6wMec=
-14,-19,dMgJ7D5nVKN6o0DSKAEnIg6Mrjw=,zti8KC5R+X2O/GS7Tpve5j6wMec=
-15,-18,dMgJ7D5nVKN6o0DSKAEnIg6Mrjw=,zti8KC5R+X2O/GS7Tpve5j6wMec=
-14,-18,dMgJ7D5nVKN6o0DSKAEnIg6Mrjw=,zti8KC5R+X2O/GS7Tpve5j6wMec=
-15,-20,dMgJ7D5nVKN6o0DSKAEnIg6Mrjw=,zti8KC5R+X2O/GS7Tpve5j6wMec=
-15,-17,dMgJ7D5nVKN6o0DSKAEnIg6Mrjw=,zti8KC5R+X2O/GS7Tpve5j6wMec=
-14,-20,dMgJ7D5nVKN6o0DSKAEnIg6Mrjw=,zti8KC5R+X2O/GS7Tpve5j6wMec=
-14,-17,dMgJ7D5nVKN6o0DSKAEnIg6Mrjw=,zti8KC5R+X2O/GS7Tpve5j6wMec=
-16,-19,dMgJ7D5nVKN6o0DSKAEnIg6Mrjw=,zti8KC5R+X2O/GS7Tpve5j6wMec=
-16,-18,dMgJ7D5nVKN6o0DSKAEnIg6Mrjw=,zti8KC5R+X2O/GS7Tpve5j6wMec=
-1,-23,dMgJ7D5nVKN6o0DSKAEnIg6Mrjw=,u61jwmMNu5PbALYJTbumfQbLDtw=
-1,-22,dMgJ7D5nVKN6o0DSKAEnIg6Mrjw=,u61jwmMNu5PbALYJTbumfQbLDtw=
-7,-17,dMgJ7D5nVKN6o0DSKAEnIg6Mrjw=,1acrGXUi5FpjBl1FJOANNIMor3Y=
-6,-17,dMgJ7D5nVKN6o0DSKAEnIg6Mrjw=,1acrGXUi5FpjBl1FJOANNIMor3Y=
-1,-24,dMgJ7D5nVKN6o0DSKAEnIg6Mrjw=,u61jwmMNu5PbALYJTbumfQbLDtw=
-1,-26,SEs2VCiDwP05DzhoKVwTkFAQ4uw=,L/PqFsJJaTJgvKRIj3moKTgHisc=
-1,-27,SEs2VCiDwP05DzhoKVwTkFAQ4uw=,L/PqFsJJaTJgvKRIj3moKTgHisc=
-1,-25,SEs2VCiDwP05DzhoKVwTkFAQ4uw=,L/PqFsJJaTJgvKRIj3moKTgHisc=
-3,-32,SEs2VCiDwP05DzhoKVwTkFAQ4uw=,7j5yBjq99tMfOGNAaYW2FJR7lB0=
-8,-17,dMgJ7D5nVKN6o0DSKAEnIg6Mrjw=,1acrGXUi5FpjBl1FJOANNIMor3Y=
-8,-21,dMgJ7D5nVKN6o0DSKAEnIg6Mrjw=,+sc0I57vKO7CeTw3MKP4aKpck3Q=
-12,-19,dMgJ7D5nVKN6o0DSKAEnIg6Mrjw=,EAQweuqNIli1Nh3wkzX8CXt97ho=
-8,-20,dMgJ7D5nVKN6o0DSKAEnIg6Mrjw=,1acrGXUi5FpjBl1FJOANNIMor3Y=
-11,-19,dMgJ7D5nVKN6o0DSKAEnIg6Mrjw=,EAQweuqNIli1Nh3wkzX8CXt97ho=
-10,-19,dMgJ7D5nVKN6o0DSKAEnIg6Mrjw=,EAQweuqNIli1Nh3wkzX8CXt97ho=
-9,-19,dMgJ7D5nVKN6o0DSKAEnIg6Mrjw=,EAQweuqNIli1Nh3wkzX8CXt97ho=
-2,-32,SEs2VCiDwP05DzhoKVwTkFAQ4uw=,7j5yBjq99tMfOGNAaYW2FJR7lB0=
-8,-31,SEs2VCiDwP05DzhoKVwTkFAQ4uw=,4IWYpxfHXsstoXcrlUIgREEQY3A=
-8,-30,SEs2VCiDwP05DzhoKVwTkFAQ4uw=,4IWYpxfHXsstoXcrlUIgREEQY3A=
-12,-18,dMgJ7D5nVKN6o0DSKAEnIg6Mrjw=,EAQweuqNIli1Nh3wkzX8CXt97ho=
-16,-20,dMgJ7D5nVKN6o0DSKAEnIg6Mrjw=,zti8KC5R+X2O/GS7Tpve5j6wMec=
-4,-32,SEs2VCiDwP05DzhoKVwTkFAQ4uw=,7j5yBjq99tMfOGNAaYW2FJR7lB0=
-7,-32,SEs2VCiDwP05DzhoKVwTkFAQ4uw=,4IWYpxfHXsstoXcrlUIgREEQY3A=
-6,-32,SEs2VCiDwP05DzhoKVwTkFAQ4uw=,4IWYpxfHXsstoXcrlUIgREEQY3A=
-5,-32,SEs2VCiDwP05DzhoKVwTkFAQ4uw=,4IWYpxfHXsstoXcrlUIgREEQY3A=
-8,-32,SEs2VCiDwP05DzhoKVwTkFAQ4uw=,4IWYpxfHXsstoXcrlUIgREEQY3A=
-8,-29,SEs2VCiDwP05DzhoKVwTkFAQ4uw=,4IWYpxfHXsstoXcrlUIgREEQY3A=
-8,-27,SEs2VCiDwP05DzhoKVwTkFAQ4uw=,qH8Xx8/Gna+rUfyEulwplUdvekg=
-8,-26,SEs2VCiDwP05DzhoKVwTkFAQ4uw=,qH8Xx8/Gna+rUfyEulwplUdvekg=
-8,-28,SEs2VCiDwP05DzhoKVwTkFAQ4uw=,qH8Xx8/Gna+rUfyEulwplUdvekg=
-8,-25,SEs2VCiDwP05DzhoKVwTkFAQ4uw=,qH8Xx8/Gna+rUfyEulwplUdvekg=
-8,-24,dMgJ7D5nVKN6o0DSKAEnIg6Mrjw=,+sc0I57vKO7CeTw3MKP4aKpck3Q=
-11,-18,dMgJ7D5nVKN6o0DSKAEnIg6Mrjw=,EAQweuqNIli1Nh3wkzX8CXt97ho=
-10,-18,dMgJ7D5nVKN6o0DSKAEnIg6Mrjw=,EAQweuqNIli1Nh3wkzX8CXt97ho=
-16,-17,dMgJ7D5nVKN6o0DSKAEnIg6Mrjw=,zti8KC5R+X2O/GS7Tpve5j6wMec=
-9,-18,dMgJ7D5nVKN6o0DSKAEnIg6Mrjw=,EAQweuqNIli1Nh3wkzX8CXt97ho=
-12,-17,dMgJ7D5nVKN6o0DSKAEnIg6Mrjw=,EAQweuqNIli1Nh3wkzX8CXt97ho=
-12,-20,dMgJ7D5nVKN6o0DSKAEnIg6Mrjw=,EAQweuqNIli1Nh3wkzX8CXt97ho=
-11,-20,dMgJ7D5nVKN6o0DSKAEnIg6Mrjw=,EAQweuqNIli1Nh3wkzX8CXt97ho=
-13,-19,dMgJ7D5nVKN6o0DSKAEnIg6Mrjw=,zti8KC5R+X2O/GS7Tpve5j6wMec=
-10,-20,dMgJ7D5nVKN6o0DSKAEnIg6Mrjw=,EAQweuqNIli1Nh3wkzX8CXt97ho=
-8,-19,dMgJ7D5nVKN6o0DSKAEnIg6Mrjw=,1acrGXUi5FpjBl1FJOANNIMor3Y=
-9,-20,dMgJ7D5nVKN6o0DSKAEnIg6Mrjw=,EAQweuqNIli1Nh3wkzX8CXt97ho=
-11,-17,dMgJ7D5nVKN6o0DSKAEnIg6Mrjw=,EAQweuqNIli1Nh3wkzX8CXt97ho=
-1,-29,SEs2VCiDwP05DzhoKVwTkFAQ4uw=,7j5yBjq99tMfOGNAaYW2FJR7lB0=
-13,-20,dMgJ7D5nVKN6o0DSKAEnIg6Mrjw=,zti8KC5R+X2O/GS7Tpve5j6wMec=
-1,-28,SEs2VCiDwP05DzhoKVwTkFAQ4uw=,L/PqFsJJaTJgvKRIj3moKTgHisc=
-13,-17,dMgJ7D5nVKN6o0DSKAEnIg6Mrjw=,zti8KC5R+X2O/GS7Tpve5j6wMec=
-13,-18,dMgJ7D5nVKN6o0DSKAEnIg6Mrjw=,zti8KC5R+X2O/GS7Tpve5j6wMec=
-1,-32,SEs2VCiDwP05DzhoKVwTkFAQ4uw=,7j5yBjq99tMfOGNAaYW2FJR7lB0=
-10,-17,dMgJ7D5nVKN6o0DSKAEnIg6Mrjw=,EAQweuqNIli1Nh3wkzX8CXt97ho=
-1,-31,SEs2VCiDwP05DzhoKVwTkFAQ4uw=,7j5yBjq99tMfOGNAaYW2FJR7lB0=
-8,-18,dMgJ7D5nVKN6o0DSKAEnIg6Mrjw=,1acrGXUi5FpjBl1FJOANNIMor3Y=
-9,-17,dMgJ7D5nVKN6o0DSKAEnIg6Mrjw=,EAQweuqNIli1Nh3wkzX8CXt97ho=
-1,-30,SEs2VCiDwP05DzhoKVwTkFAQ4uw=,7j5yBjq99tMfOGNAaYW2FJR7lB0=
-3,-21,dMgJ7D5nVKN6o0DSKAEnIg6Mrjw=,u61jwmMNu5PbALYJTbumfQbLDtw=
-1,-21,dMgJ7D5nVKN6o0DSKAEnIg6Mrjw=,u61jwmMNu5PbALYJTbumfQbLDtw=
-2,-20,dMgJ7D5nVKN6o0DSKAEnIg6Mrjw=,ZndZ5SnwfB8bTy5OygdPHUVPum4=
-1,-20,dMgJ7D5nVKN6o0DSKAEnIg6Mrjw=,ZndZ5SnwfB8bTy5OygdPHUVPum4=
-5,-18,dMgJ7D5nVKN6o0DSKAEnIg6Mrjw=,1acrGXUi5FpjBl1FJOANNIMor3Y=
-2,-18,dMgJ7D5nVKN6o0DSKAEnIg6Mrjw=,ZndZ5SnwfB8bTy5OygdPHUVPum4=
-2,-21,dMgJ7D5nVKN6o0DSKAEnIg6Mrjw=,u61jwmMNu5PbALYJTbumfQbLDtw=
-4,-21,dMgJ7D5nVKN6o0DSKAEnIg6Mrjw=,u61jwmMNu5PbALYJTbumfQbLDtw=
-4,-20,dMgJ7D5nVKN6o0DSKAEnIg6Mrjw=,ZndZ5SnwfB8bTy5OygdPHUVPum4=
-2,-17,dMgJ7D5nVKN6o0DSKAEnIg6Mrjw=,ZndZ5SnwfB8bTy5OygdPHUVPum4=
-5,-19,dMgJ7D5nVKN6o0DSKAEnIg6Mrjw=,1acrGXUi5FpjBl1FJOANNIMor3Y=
-4,-19,dMgJ7D5nVKN6o0DSKAEnIg6Mrjw=,ZndZ5SnwfB8bTy5OygdPHUVPum4=
-3,-17,dMgJ7D5nVKN6o0DSKAEnIg6Mrjw=,ZndZ5SnwfB8bTy5OygdPHUVPum4=
-2,-19,dMgJ7D5nVKN6o0DSKAEnIg6Mrjw=,ZndZ5SnwfB8bTy5OygdPHUVPum4=
-5,-20,dMgJ7D5nVKN6o0DSKAEnIg6Mrjw=,1acrGXUi5FpjBl1FJOANNIMor3Y=
-1,-18,dMgJ7D5nVKN6o0DSKAEnIg6Mrjw=,ZndZ5SnwfB8bTy5OygdPHUVPum4=
-3,-19,dMgJ7D5nVKN6o0DSKAEnIg6Mrjw=,ZndZ5SnwfB8bTy5OygdPHUVPum4=
-5,-17,dMgJ7D5nVKN6o0DSKAEnIg6Mrjw=,1acrGXUi5FpjBl1FJOANNIMor3Y=
-1,-17,dMgJ7D5nVKN6o0DSKAEnIg6Mrjw=,ZndZ5SnwfB8bTy5OygdPHUVPum4=
-3,-18,dMgJ7D5nVKN6o0DSKAEnIg6Mrjw=,ZndZ5SnwfB8bTy5OygdPHUVPum4=
-1,-19,dMgJ7D5nVKN6o0DSKAEnIg6Mrjw=,ZndZ5SnwfB8bTy5OygdPHUVPum4=
-4,-17,dMgJ7D5nVKN6o0DSKAEnIg6Mrjw=,ZndZ5SnwfB8bTy5OygdPHUVPum4=
-3,-20,dMgJ7D5nVKN6o0DSKAEnIg6Mrjw=,ZndZ5SnwfB8bTy5OygdPHUVPum4=
-5,-21,dMgJ7D5nVKN6o0DSKAEnIg6Mrjw=,+sc0I57vKO7CeTw3MKP4aKpck3Q=
-4,-18,dMgJ7D5nVKN6o0DSKAEnIg6Mrjw=,ZndZ5SnwfB8bTy5OygdPHUVPum4=
-22,-23,bnCypITrkJEiXRz1UjQVFDO4Yzw=,kEToG7YdwJoEp6MYa26ibIcnAHI=
-23,-22,bnCypITrkJEiXRz1UjQVFDO4Yzw=,kEToG7YdwJoEp6MYa26ibIcnAHI=
-23,-23,bnCypITrkJEiXRz1UjQVFDO4Yzw=,kEToG7YdwJoEp6MYa26ibIcnAHI=
-22,-22,bnCypITrkJEiXRz1UjQVFDO4Yzw=,kEToG7YdwJoEp6MYa26ibIcnAHI=
-22,-19,0ojZ8LdruvV6xUEAYz8fskQlJRc=,ejpNGfyY38SHZcM8SwQfHRA/Ck0=
-22,-21,bnCypITrkJEiXRz1UjQVFDO4Yzw=,kEToG7YdwJoEp6MYa26ibIcnAHI=
-23,-21,bnCypITrkJEiXRz1UjQVFDO4Yzw=,kEToG7YdwJoEp6MYa26ibIcnAHI=
-22,-20,0ojZ8LdruvV6xUEAYz8fskQlJRc=,ejpNGfyY38SHZcM8SwQfHRA/Ck0=
-23,-20,0ojZ8LdruvV6xUEAYz8fskQlJRc=,ejpNGfyY38SHZcM8SwQfHRA/Ck0=
-23,-18,kXJVpmfWRdxrh5YmzCsfMXMszHM=,ejpNGfyY38SHZcM8SwQfHRA/Ck0=
-22,-18,kXJVpmfWRdxrh5YmzCsfMXMszHM=,ejpNGfyY38SHZcM8SwQfHRA/Ck0=
-23,-19,0ojZ8LdruvV6xUEAYz8fskQlJRc=,ejpNGfyY38SHZcM8SwQfHRA/Ck0=
-20,-23,cKTLnTzRGxcSMTa1rlZyjX06P6w=,KzGYKgNwRU90+BGte2tZQU28d2w=
-19,-23,cKTLnTzRGxcSMTa1rlZyjX06P6w=,KzGYKgNwRU90+BGte2tZQU28d2w=
-18,-23,9moAoBKfveIwNTx1L3tPc3vFTWs=,KzGYKgNwRU90+BGte2tZQU28d2w=
-20,-22,9moAoBKfveIwNTx1L3tPc3vFTWs=,KzGYKgNwRU90+BGte2tZQU28d2w=
-21,-22,9moAoBKfveIwNTx1L3tPc3vFTWs=,kEToG7YdwJoEp6MYa26ibIcnAHI=
-18,-22,9moAoBKfveIwNTx1L3tPc3vFTWs=,KzGYKgNwRU90+BGte2tZQU28d2w=
-19,-22,9moAoBKfveIwNTx1L3tPc3vFTWs=,KzGYKgNwRU90+BGte2tZQU28d2w=
-21,-23,9moAoBKfveIwNTx1L3tPc3vFTWs=,kEToG7YdwJoEp6MYa26ibIcnAHI=
-26,-27,9moAoBKfveIwNTx1L3tPc3vFTWs=,+Utlq5/eria6jw5d5FGKS/HFAdQ=
-27,-27,9moAoBKfveIwNTx1L3tPc3vFTWs=,+Utlq5/eria6jw5d5FGKS/HFAdQ=
-27,-26,TbEN0Cd4FgguTTAnILjQF1RFAV4=,+Utlq5/eria6jw5d5FGKS/HFAdQ=
-20,-18,kXJVpmfWRdxrh5YmzCsfMXMszHM=,xKNXneDzMHwb861YzaNxpdHck8I=
-26,-26,TbEN0Cd4FgguTTAnILjQF1RFAV4=,+Utlq5/eria6jw5d5FGKS/HFAdQ=
-19,-18,zHy7eGEhRKrYL7QQMqRb3p/xt60=,xKNXneDzMHwb861YzaNxpdHck8I=
-20,-20,kXJVpmfWRdxrh5YmzCsfMXMszHM=,xKNXneDzMHwb861YzaNxpdHck8I=
-23,-25,TbEN0Cd4FgguTTAnILjQF1RFAV4=,OQM1uQaTWEk3U6Pi7FP6Q7Ig5TM=
-24,-27,TbEN0Cd4FgguTTAnILjQF1RFAV4=,OQM1uQaTWEk3U6Pi7FP6Q7Ig5TM=
-22,-25,TbEN0Cd4FgguTTAnILjQF1RFAV4=,OQM1uQaTWEk3U6Pi7FP6Q7Ig5TM=
-23,-24,TbEN0Cd4FgguTTAnILjQF1RFAV4=,kEToG7YdwJoEp6MYa26ibIcnAHI=
-22,-27,TbEN0Cd4FgguTTAnILjQF1RFAV4=,OQM1uQaTWEk3U6Pi7FP6Q7Ig5TM=
-23,-27,TbEN0Cd4FgguTTAnILjQF1RFAV4=,OQM1uQaTWEk3U6Pi7FP6Q7Ig5TM=
-22,-24,TbEN0Cd4FgguTTAnILjQF1RFAV4=,kEToG7YdwJoEp6MYa26ibIcnAHI=
-25,-27,TbEN0Cd4FgguTTAnILjQF1RFAV4=,+Utlq5/eria6jw5d5FGKS/HFAdQ=
-24,-26,TbEN0Cd4FgguTTAnILjQF1RFAV4=,OQM1uQaTWEk3U6Pi7FP6Q7Ig5TM=
-23,-26,TbEN0Cd4FgguTTAnILjQF1RFAV4=,OQM1uQaTWEk3U6Pi7FP6Q7Ig5TM=
-25,-26,TbEN0Cd4FgguTTAnILjQF1RFAV4=,+Utlq5/eria6jw5d5FGKS/HFAdQ=
-22,-26,TbEN0Cd4FgguTTAnILjQF1RFAV4=,OQM1uQaTWEk3U6Pi7FP6Q7Ig5TM=
-18,-21,TbEN0Cd4FgguTTAnILjQF1RFAV4=,KzGYKgNwRU90+BGte2tZQU28d2w=
-21,-19,0ojZ8LdruvV6xUEAYz8fskQlJRc=,ejpNGfyY38SHZcM8SwQfHRA/Ck0=
-19,-19,zHy7eGEhRKrYL7QQMqRb3p/xt60=,xKNXneDzMHwb861YzaNxpdHck8I=
-19,-21,TbEN0Cd4FgguTTAnILjQF1RFAV4=,KzGYKgNwRU90+BGte2tZQU28d2w=
-21,-21,TbEN0Cd4FgguTTAnILjQF1RFAV4=,kEToG7YdwJoEp6MYa26ibIcnAHI=
-18,-19,zHy7eGEhRKrYL7QQMqRb3p/xt60=,xKNXneDzMHwb861YzaNxpdHck8I=
-19,-20,kXJVpmfWRdxrh5YmzCsfMXMszHM=,xKNXneDzMHwb861YzaNxpdHck8I=
-20,-19,0ojZ8LdruvV6xUEAYz8fskQlJRc=,xKNXneDzMHwb861YzaNxpdHck8I=
-20,-21,TbEN0Cd4FgguTTAnILjQF1RFAV4=,KzGYKgNwRU90+BGte2tZQU28d2w=
-18,-18,zHy7eGEhRKrYL7QQMqRb3p/xt60=,xKNXneDzMHwb861YzaNxpdHck8I=
-21,-18,nu/wBnzaiY2hAPQXcLQkFSdI2Io=,ejpNGfyY38SHZcM8SwQfHRA/Ck0=
-21,-20,kXJVpmfWRdxrh5YmzCsfMXMszHM=,ejpNGfyY38SHZcM8SwQfHRA/Ck0=
-24,-23,TbEN0Cd4FgguTTAnILjQF1RFAV4=,kEToG7YdwJoEp6MYa26ibIcnAHI=
-18,-20,kXJVpmfWRdxrh5YmzCsfMXMszHM=,xKNXneDzMHwb861YzaNxpdHck8I=
-24,-24,TbEN0Cd4FgguTTAnILjQF1RFAV4=,kEToG7YdwJoEp6MYa26ibIcnAHI=
-26,-22,ykOSksnRpzb7Ge0TocABbNJucLk=,7HQVUCrC0CGmZts5Q0QKc/lOQ94=
-25,-22,Gtiy5fbaaWAqvYHtxpS+3UwQ1w8=,7HQVUCrC0CGmZts5Q0QKc/lOQ94=
-24,-25,TbEN0Cd4FgguTTAnILjQF1RFAV4=,OQM1uQaTWEk3U6Pi7FP6Q7Ig5TM=
-25,-23,Gtiy5fbaaWAqvYHtxpS+3UwQ1w8=,7HQVUCrC0CGmZts5Q0QKc/lOQ94=
-27,-22,ykOSksnRpzb7Ge0TocABbNJucLk=,7HQVUCrC0CGmZts5Q0QKc/lOQ94=
-24,-22,TbEN0Cd4FgguTTAnILjQF1RFAV4=,kEToG7YdwJoEp6MYa26ibIcnAHI=
-27,-24,Gtiy5fbaaWAqvYHtxpS+3UwQ1w8=,7HQVUCrC0CGmZts5Q0QKc/lOQ94=
-26,-24,Gtiy5fbaaWAqvYHtxpS+3UwQ1w8=,7HQVUCrC0CGmZts5Q0QKc/lOQ94=
-27,-25,TbEN0Cd4FgguTTAnILjQF1RFAV4=,+Utlq5/eria6jw5d5FGKS/HFAdQ=
-26,-25,TbEN0Cd4FgguTTAnILjQF1RFAV4=,+Utlq5/eria6jw5d5FGKS/HFAdQ=
-25,-24,Gtiy5fbaaWAqvYHtxpS+3UwQ1w8=,7HQVUCrC0CGmZts5Q0QKc/lOQ94=
-25,-25,TbEN0Cd4FgguTTAnILjQF1RFAV4=,+Utlq5/eria6jw5d5FGKS/HFAdQ=
-28,-27,TbEN0Cd4FgguTTAnILjQF1RFAV4=,+Utlq5/eria6jw5d5FGKS/HFAdQ=
-28,-26,TbEN0Cd4FgguTTAnILjQF1RFAV4=,+Utlq5/eria6jw5d5FGKS/HFAdQ=
-27,-23,ykOSksnRpzb7Ge0TocABbNJucLk=,7HQVUCrC0CGmZts5Q0QKc/lOQ94=
-26,-23,ykOSksnRpzb7Ge0TocABbNJucLk=,7HQVUCrC0CGmZts5Q0QKc/lOQ94=
-23,-17,kXJVpmfWRdxrh5YmzCsfMXMszHM=,ejpNGfyY38SHZcM8SwQfHRA/Ck0=
-22,-17,kXJVpmfWRdxrh5YmzCsfMXMszHM=,ejpNGfyY38SHZcM8SwQfHRA/Ck0=
-20,-17,kXJVpmfWRdxrh5YmzCsfMXMszHM=,xKNXneDzMHwb861YzaNxpdHck8I=
-19,-17,kXJVpmfWRdxrh5YmzCsfMXMszHM=,xKNXneDzMHwb861YzaNxpdHck8I=
-18,-17,kXJVpmfWRdxrh5YmzCsfMXMszHM=,xKNXneDzMHwb861YzaNxpdHck8I=
-21,-17,kXJVpmfWRdxrh5YmzCsfMXMszHM=,ejpNGfyY38SHZcM8SwQfHRA/Ck0=
-17,-18,kXJVpmfWRdxrh5YmzCsfMXMszHM=,xKNXneDzMHwb861YzaNxpdHck8I=
-17,-19,kXJVpmfWRdxrh5YmzCsfMXMszHM=,xKNXneDzMHwb861YzaNxpdHck8I=
-17,-23,TbEN0Cd4FgguTTAnILjQF1RFAV4=,KzGYKgNwRU90+BGte2tZQU28d2w=
-17,-22,TbEN0Cd4FgguTTAnILjQF1RFAV4=,KzGYKgNwRU90+BGte2tZQU28d2w=
-17,-20,kXJVpmfWRdxrh5YmzCsfMXMszHM=,xKNXneDzMHwb861YzaNxpdHck8I=
-17,-21,TbEN0Cd4FgguTTAnILjQF1RFAV4=,KzGYKgNwRU90+BGte2tZQU28d2w=
-25,-18,kXJVpmfWRdxrh5YmzCsfMXMszHM=,pxTzvJOz7ngFc+Csy79XqkseKYo=
-27,-17,kXJVpmfWRdxrh5YmzCsfMXMszHM=,pxTzvJOz7ngFc+Csy79XqkseKYo=
-27,-21,Gtiy5fbaaWAqvYHtxpS+3UwQ1w8=,7HQVUCrC0CGmZts5Q0QKc/lOQ94=
-26,-18,kXJVpmfWRdxrh5YmzCsfMXMszHM=,pxTzvJOz7ngFc+Csy79XqkseKYo=
-26,-20,kXJVpmfWRdxrh5YmzCsfMXMszHM=,pxTzvJOz7ngFc+Csy79XqkseKYo=
-24,-19,kXJVpmfWRdxrh5YmzCsfMXMszHM=,ejpNGfyY38SHZcM8SwQfHRA/Ck0=
-26,-17,kXJVpmfWRdxrh5YmzCsfMXMszHM=,pxTzvJOz7ngFc+Csy79XqkseKYo=
-25,-20,kXJVpmfWRdxrh5YmzCsfMXMszHM=,pxTzvJOz7ngFc+Csy79XqkseKYo=
-27,-20,kXJVpmfWRdxrh5YmzCsfMXMszHM=,pxTzvJOz7ngFc+Csy79XqkseKYo=
-24,-21,TbEN0Cd4FgguTTAnILjQF1RFAV4=,kEToG7YdwJoEp6MYa26ibIcnAHI=
-27,-19,kXJVpmfWRdxrh5YmzCsfMXMszHM=,pxTzvJOz7ngFc+Csy79XqkseKYo=
-24,-20,kXJVpmfWRdxrh5YmzCsfMXMszHM=,ejpNGfyY38SHZcM8SwQfHRA/Ck0=
-24,-18,kXJVpmfWRdxrh5YmzCsfMXMszHM=,ejpNGfyY38SHZcM8SwQfHRA/Ck0=
-25,-19,kXJVpmfWRdxrh5YmzCsfMXMszHM=,pxTzvJOz7ngFc+Csy79XqkseKYo=
-25,-17,kXJVpmfWRdxrh5YmzCsfMXMszHM=,pxTzvJOz7ngFc+Csy79XqkseKYo=
-26,-19,kXJVpmfWRdxrh5YmzCsfMXMszHM=,pxTzvJOz7ngFc+Csy79XqkseKYo=
-26,-21,Gtiy5fbaaWAqvYHtxpS+3UwQ1w8=,7HQVUCrC0CGmZts5Q0QKc/lOQ94=
-24,-17,kXJVpmfWRdxrh5YmzCsfMXMszHM=,ejpNGfyY38SHZcM8SwQfHRA/Ck0=
-27,-18,kXJVpmfWRdxrh5YmzCsfMXMszHM=,pxTzvJOz7ngFc+Csy79XqkseKYo=
-25,-21,Gtiy5fbaaWAqvYHtxpS+3UwQ1w8=,7HQVUCrC0CGmZts5Q0QKc/lOQ94=
-23,-31,TbEN0Cd4FgguTTAnILjQF1RFAV4=,46PlrPg7Zc7x9zvRSo1akZ+iaFM=
-22,-31,TbEN0Cd4FgguTTAnILjQF1RFAV4=,46PlrPg7Zc7x9zvRSo1akZ+iaFM=
-23,-29,TbEN0Cd4FgguTTAnILjQF1RFAV4=,46PlrPg7Zc7x9zvRSo1akZ+iaFM=
-23,-30,TbEN0Cd4FgguTTAnILjQF1RFAV4=,46PlrPg7Zc7x9zvRSo1akZ+iaFM=
-22,-29,TbEN0Cd4FgguTTAnILjQF1RFAV4=,46PlrPg7Zc7x9zvRSo1akZ+iaFM=
-22,-32,TbEN0Cd4FgguTTAnILjQF1RFAV4=,46PlrPg7Zc7x9zvRSo1akZ+iaFM=
-23,-32,TbEN0Cd4FgguTTAnILjQF1RFAV4=,46PlrPg7Zc7x9zvRSo1akZ+iaFM=
-22,-30,TbEN0Cd4FgguTTAnILjQF1RFAV4=,46PlrPg7Zc7x9zvRSo1akZ+iaFM=
-23,-28,TbEN0Cd4FgguTTAnILjQF1RFAV4=,OQM1uQaTWEk3U6Pi7FP6Q7Ig5TM=
-22,-28,TbEN0Cd4FgguTTAnILjQF1RFAV4=,OQM1uQaTWEk3U6Pi7FP6Q7Ig5TM=
-31,-29,kXJVpmfWRdxrh5YmzCsfMXMszHM=,cIebEr4Jqrrjg+7U/+qOgEI9t/o=
-30,-29,kXJVpmfWRdxrh5YmzCsfMXMszHM=,cIebEr4Jqrrjg+7U/+qOgEI9t/o=
-31,-31,kXJVpmfWRdxrh5YmzCsfMXMszHM=,cIebEr4Jqrrjg+7U/+qOgEI9t/o=
-30,-31,kXJVpmfWRdxrh5YmzCsfMXMszHM=,cIebEr4Jqrrjg+7U/+qOgEI9t/o=
-31,-30,kXJVpmfWRdxrh5YmzCsfMXMszHM=,cIebEr4Jqrrjg+7U/+qOgEI9t/o=
-30,-30,kXJVpmfWRdxrh5YmzCsfMXMszHM=,cIebEr4Jqrrjg+7U/+qOgEI9t/o=
-31,-32,kXJVpmfWRdxrh5YmzCsfMXMszHM=,cIebEr4Jqrrjg+7U/+qOgEI9t/o=
-30,-32,kXJVpmfWRdxrh5YmzCsfMXMszHM=,cIebEr4Jqrrjg+7U/+qOgEI9t/o=
-32,-29,kXJVpmfWRdxrh5YmzCsfMXMszHM=,cIebEr4Jqrrjg+7U/+qOgEI9t/o=
-32,-31,kXJVpmfWRdxrh5YmzCsfMXMszHM=,cIebEr4Jqrrjg+7U/+qOgEI9t/o=
-32,-30,kXJVpmfWRdxrh5YmzCsfMXMszHM=,cIebEr4Jqrrjg+7U/+qOgEI9t/o=
-21,-31,TbEN0Cd4FgguTTAnILjQF1RFAV4=,46PlrPg7Zc7x9zvRSo1akZ+iaFM=
-21,-30,TbEN0Cd4FgguTTAnILjQF1RFAV4=,46PlrPg7Zc7x9zvRSo1akZ+iaFM=
-21,-32,TbEN0Cd4FgguTTAnILjQF1RFAV4=,46PlrPg7Zc7x9zvRSo1akZ+iaFM=
-21,-26,TbEN0Cd4FgguTTAnILjQF1RFAV4=,OQM1uQaTWEk3U6Pi7FP6Q7Ig5TM=
-21,-28,TbEN0Cd4FgguTTAnILjQF1RFAV4=,OQM1uQaTWEk3U6Pi7FP6Q7Ig5TM=
-19,-24,TbEN0Cd4FgguTTAnILjQF1RFAV4=,KzGYKgNwRU90+BGte2tZQU28d2w=
-21,-24,TbEN0Cd4FgguTTAnILjQF1RFAV4=,kEToG7YdwJoEp6MYa26ibIcnAHI=
-21,-29,TbEN0Cd4FgguTTAnILjQF1RFAV4=,46PlrPg7Zc7x9zvRSo1akZ+iaFM=
-20,-24,TbEN0Cd4FgguTTAnILjQF1RFAV4=,KzGYKgNwRU90+BGte2tZQU28d2w=
-18,-24,TbEN0Cd4FgguTTAnILjQF1RFAV4=,KzGYKgNwRU90+BGte2tZQU28d2w=
-17,-24,TbEN0Cd4FgguTTAnILjQF1RFAV4=,KzGYKgNwRU90+BGte2tZQU28d2w=
-21,-27,TbEN0Cd4FgguTTAnILjQF1RFAV4=,OQM1uQaTWEk3U6Pi7FP6Q7Ig5TM=
-21,-25,TbEN0Cd4FgguTTAnILjQF1RFAV4=,OQM1uQaTWEk3U6Pi7FP6Q7Ig5TM=
-17,-17,kXJVpmfWRdxrh5YmzCsfMXMszHM=,xKNXneDzMHwb861YzaNxpdHck8I=
-32,-32,kXJVpmfWRdxrh5YmzCsfMXMszHM=,cIebEr4Jqrrjg+7U/+qOgEI9t/o=
-28,-24,Gtiy5fbaaWAqvYHtxpS+3UwQ1w8=,7HQVUCrC0CGmZts5Q0QKc/lOQ94=
-28,-25,TbEN0Cd4FgguTTAnILjQF1RFAV4=,+Utlq5/eria6jw5d5FGKS/HFAdQ=
-28,-23,Gtiy5fbaaWAqvYHtxpS+3UwQ1w8=,7HQVUCrC0CGmZts5Q0QKc/lOQ94=
-32,-24,TbEN0Cd4FgguTTAnILjQF1RFAV4=,H0j4EkEY6gLM19eXJVMTgkb1Lj0=
-31,-24,TbEN0Cd4FgguTTAnILjQF1RFAV4=,H0j4EkEY6gLM19eXJVMTgkb1Lj0=
-30,-24,TbEN0Cd4FgguTTAnILjQF1RFAV4=,H0j4EkEY6gLM19eXJVMTgkb1Lj0=
-29,-24,TbEN0Cd4FgguTTAnILjQF1RFAV4=,H0j4EkEY6gLM19eXJVMTgkb1Lj0=
-32,-23,TbEN0Cd4FgguTTAnILjQF1RFAV4=,H0j4EkEY6gLM19eXJVMTgkb1Lj0=
-31,-23,TbEN0Cd4FgguTTAnILjQF1RFAV4=,H0j4EkEY6gLM19eXJVMTgkb1Lj0=
-30,-23,TbEN0Cd4FgguTTAnILjQF1RFAV4=,H0j4EkEY6gLM19eXJVMTgkb1Lj0=
-29,-23,TbEN0Cd4FgguTTAnILjQF1RFAV4=,H0j4EkEY6gLM19eXJVMTgkb1Lj0=
-32,-22,TbEN0Cd4FgguTTAnILjQF1RFAV4=,H0j4EkEY6gLM19eXJVMTgkb1Lj0=
-31,-22,TbEN0Cd4FgguTTAnILjQF1RFAV4=,H0j4EkEY6gLM19eXJVMTgkb1Lj0=
-28,-22,ykOSksnRpzb7Ge0TocABbNJucLk=,7HQVUCrC0CGmZts5Q0QKc/lOQ94=
-30,-22,TbEN0Cd4FgguTTAnILjQF1RFAV4=,H0j4EkEY6gLM19eXJVMTgkb1Lj0=
-29,-22,TbEN0Cd4FgguTTAnILjQF1RFAV4=,H0j4EkEY6gLM19eXJVMTgkb1Lj0=
-29,-30,kXJVpmfWRdxrh5YmzCsfMXMszHM=,cIebEr4Jqrrjg+7U/+qOgEI9t/o=
-28,-31,kXJVpmfWRdxrh5YmzCsfMXMszHM=,ZZDQSvx1ItC/FhG7L3XYv6MQ63A=
-27,-31,kXJVpmfWRdxrh5YmzCsfMXMszHM=,ZZDQSvx1ItC/FhG7L3XYv6MQ63A=
-25,-32,kXJVpmfWRdxrh5YmzCsfMXMszHM=,ZZDQSvx1ItC/FhG7L3XYv6MQ63A=
-29,-29,kXJVpmfWRdxrh5YmzCsfMXMszHM=,cIebEr4Jqrrjg+7U/+qOgEI9t/o=
-29,-31,kXJVpmfWRdxrh5YmzCsfMXMszHM=,cIebEr4Jqrrjg+7U/+qOgEI9t/o=
-24,-31,TbEN0Cd4FgguTTAnILjQF1RFAV4=,46PlrPg7Zc7x9zvRSo1akZ+iaFM=
-26,-31,kXJVpmfWRdxrh5YmzCsfMXMszHM=,ZZDQSvx1ItC/FhG7L3XYv6MQ63A=
-26,-32,kXJVpmfWRdxrh5YmzCsfMXMszHM=,ZZDQSvx1ItC/FhG7L3XYv6MQ63A=
-24,-32,TbEN0Cd4FgguTTAnILjQF1RFAV4=,46PlrPg7Zc7x9zvRSo1akZ+iaFM=
-25,-31,kXJVpmfWRdxrh5YmzCsfMXMszHM=,ZZDQSvx1ItC/FhG7L3XYv6MQ63A=
-28,-28,TbEN0Cd4FgguTTAnILjQF1RFAV4=,+Utlq5/eria6jw5d5FGKS/HFAdQ=
-28,-30,kXJVpmfWRdxrh5YmzCsfMXMszHM=,ZZDQSvx1ItC/FhG7L3XYv6MQ63A=
-27,-28,TbEN0Cd4FgguTTAnILjQF1RFAV4=,+Utlq5/eria6jw5d5FGKS/HFAdQ=
-26,-28,TbEN0Cd4FgguTTAnILjQF1RFAV4=,+Utlq5/eria6jw5d5FGKS/HFAdQ=
-25,-28,TbEN0Cd4FgguTTAnILjQF1RFAV4=,+Utlq5/eria6jw5d5FGKS/HFAdQ=
-27,-32,kXJVpmfWRdxrh5YmzCsfMXMszHM=,ZZDQSvx1ItC/FhG7L3XYv6MQ63A=
-24,-28,TbEN0Cd4FgguTTAnILjQF1RFAV4=,OQM1uQaTWEk3U6Pi7FP6Q7Ig5TM=
-24,-29,TbEN0Cd4FgguTTAnILjQF1RFAV4=,46PlrPg7Zc7x9zvRSo1akZ+iaFM=
-24,-30,TbEN0Cd4FgguTTAnILjQF1RFAV4=,46PlrPg7Zc7x9zvRSo1akZ+iaFM=
-27,-30,kXJVpmfWRdxrh5YmzCsfMXMszHM=,ZZDQSvx1ItC/FhG7L3XYv6MQ63A=
-26,-30,kXJVpmfWRdxrh5YmzCsfMXMszHM=,ZZDQSvx1ItC/FhG7L3XYv6MQ63A=
-25,-30,kXJVpmfWRdxrh5YmzCsfMXMszHM=,ZZDQSvx1ItC/FhG7L3XYv6MQ63A=
-28,-29,kXJVpmfWRdxrh5YmzCsfMXMszHM=,ZZDQSvx1ItC/FhG7L3XYv6MQ63A=
-27,-29,kXJVpmfWRdxrh5YmzCsfMXMszHM=,ZZDQSvx1ItC/FhG7L3XYv6MQ63A=
-26,-29,kXJVpmfWRdxrh5YmzCsfMXMszHM=,ZZDQSvx1ItC/FhG7L3XYv6MQ63A=
-25,-29,kXJVpmfWRdxrh5YmzCsfMXMszHM=,ZZDQSvx1ItC/FhG7L3XYv6MQ63A=
-29,-32,kXJVpmfWRdxrh5YmzCsfMXMszHM=,cIebEr4Jqrrjg+7U/+qOgEI9t/o=
-28,-32,kXJVpmfWRdxrh5YmzCsfMXMszHM=,ZZDQSvx1ItC/FhG7L3XYv6MQ63A=
-29,-17,kXJVpmfWRdxrh5YmzCsfMXMszHM=,JAm5EOSH9rqCr+glewVfZFwBGdQ=
-28,-17,kXJVpmfWRdxrh5YmzCsfMXMszHM=,pxTzvJOz7ngFc+Csy79XqkseKYo=
-28,-21,Gtiy5fbaaWAqvYHtxpS+3UwQ1w8=,7HQVUCrC0CGmZts5Q0QKc/lOQ94=
-30,-17,kXJVpmfWRdxrh5YmzCsfMXMszHM=,JAm5EOSH9rqCr+glewVfZFwBGdQ=
-28,-19,kXJVpmfWRdxrh5YmzCsfMXMszHM=,pxTzvJOz7ngFc+Csy79XqkseKYo=
-31,-17,kXJVpmfWRdxrh5YmzCsfMXMszHM=,JAm5EOSH9rqCr+glewVfZFwBGdQ=
-29,-20,kXJVpmfWRdxrh5YmzCsfMXMszHM=,JAm5EOSH9rqCr+glewVfZFwBGdQ=
-32,-19,kXJVpmfWRdxrh5YmzCsfMXMszHM=,JAm5EOSH9rqCr+glewVfZFwBGdQ=
-28,-20,kXJVpmfWRdxrh5YmzCsfMXMszHM=,pxTzvJOz7ngFc+Csy79XqkseKYo=
-32,-17,kXJVpmfWRdxrh5YmzCsfMXMszHM=,JAm5EOSH9rqCr+glewVfZFwBGdQ=
-32,-21,TbEN0Cd4FgguTTAnILjQF1RFAV4=,H0j4EkEY6gLM19eXJVMTgkb1Lj0=
-30,-20,kXJVpmfWRdxrh5YmzCsfMXMszHM=,JAm5EOSH9rqCr+glewVfZFwBGdQ=
-29,-18,kXJVpmfWRdxrh5YmzCsfMXMszHM=,JAm5EOSH9rqCr+glewVfZFwBGdQ=
-28,-18,kXJVpmfWRdxrh5YmzCsfMXMszHM=,pxTzvJOz7ngFc+Csy79XqkseKYo=
-32,-20,kXJVpmfWRdxrh5YmzCsfMXMszHM=,JAm5EOSH9rqCr+glewVfZFwBGdQ=
-30,-18,kXJVpmfWRdxrh5YmzCsfMXMszHM=,JAm5EOSH9rqCr+glewVfZFwBGdQ=
-31,-20,kXJVpmfWRdxrh5YmzCsfMXMszHM=,JAm5EOSH9rqCr+glewVfZFwBGdQ=
-31,-21,TbEN0Cd4FgguTTAnILjQF1RFAV4=,H0j4EkEY6gLM19eXJVMTgkb1Lj0=
-32,-18,kXJVpmfWRdxrh5YmzCsfMXMszHM=,JAm5EOSH9rqCr+glewVfZFwBGdQ=
-30,-19,kXJVpmfWRdxrh5YmzCsfMXMszHM=,JAm5EOSH9rqCr+glewVfZFwBGdQ=
-31,-18,kXJVpmfWRdxrh5YmzCsfMXMszHM=,JAm5EOSH9rqCr+glewVfZFwBGdQ=
-30,-21,TbEN0Cd4FgguTTAnILjQF1RFAV4=,H0j4EkEY6gLM19eXJVMTgkb1Lj0=
-29,-19,kXJVpmfWRdxrh5YmzCsfMXMszHM=,JAm5EOSH9rqCr+glewVfZFwBGdQ=
-31,-19,kXJVpmfWRdxrh5YmzCsfMXMszHM=,JAm5EOSH9rqCr+glewVfZFwBGdQ=
-29,-21,TbEN0Cd4FgguTTAnILjQF1RFAV4=,H0j4EkEY6gLM19eXJVMTgkb1Lj0=
-26,-6,cJKezSfT8/03ZvOWUOQOaoVP7mk=,yJjIQGd2JiDeyq5KZe6nQYEuNdk=
-27,-7,cJKezSfT8/03ZvOWUOQOaoVP7mk=,yJjIQGd2JiDeyq5KZe6nQYEuNdk=
-26,-7,cJKezSfT8/03ZvOWUOQOaoVP7mk=,yJjIQGd2JiDeyq5KZe6nQYEuNdk=
-27,-6,cJKezSfT8/03ZvOWUOQOaoVP7mk=,yJjIQGd2JiDeyq5KZe6nQYEuNdk=
-31,-7,WHcexhcONrUAPezEvaBQ2EjNYn8=,gbliHMi1jGW/IjHK3hhJaoeer8U=
-30,-7,WHcexhcONrUAPezEvaBQ2EjNYn8=,gbliHMi1jGW/IjHK3hhJaoeer8U=
-29,-7,WHcexhcONrUAPezEvaBQ2EjNYn8=,gbliHMi1jGW/IjHK3hhJaoeer8U=
-28,-7,WHcexhcONrUAPezEvaBQ2EjNYn8=,yJjIQGd2JiDeyq5KZe6nQYEuNdk=
-29,-6,7Hm5lL2NG4Pj3ZLh540Qhuh+yEI=,gbliHMi1jGW/IjHK3hhJaoeer8U=
-28,-6,WHcexhcONrUAPezEvaBQ2EjNYn8=,yJjIQGd2JiDeyq5KZe6nQYEuNdk=
-31,-6,7Hm5lL2NG4Pj3ZLh540Qhuh+yEI=,gbliHMi1jGW/IjHK3hhJaoeer8U=
-30,-6,7Hm5lL2NG4Pj3ZLh540Qhuh+yEI=,gbliHMi1jGW/IjHK3hhJaoeer8U=
-27,-5,WHcexhcONrUAPezEvaBQ2EjNYn8=,yJjIQGd2JiDeyq5KZe6nQYEuNdk=
-27,-3,dvVboCJ92QbxtdI5hVASL7rt7nQ=,KJTSiNDUV469A9LcQd0jYV/GUyg=
-28,-5,WHcexhcONrUAPezEvaBQ2EjNYn8=,yJjIQGd2JiDeyq5KZe6nQYEuNdk=
-28,-3,dvVboCJ92QbxtdI5hVASL7rt7nQ=,KJTSiNDUV469A9LcQd0jYV/GUyg=
-31,-5,WHcexhcONrUAPezEvaBQ2EjNYn8=,gbliHMi1jGW/IjHK3hhJaoeer8U=
-29,-5,WHcexhcONrUAPezEvaBQ2EjNYn8=,gbliHMi1jGW/IjHK3hhJaoeer8U=
-30,-5,WHcexhcONrUAPezEvaBQ2EjNYn8=,gbliHMi1jGW/IjHK3hhJaoeer8U=
-26,-3,EQsO41DLrsEUV/0wat+pXunIt4o=,KJTSiNDUV469A9LcQd0jYV/GUyg=
-29,-2,EQsO41DLrsEUV/0wat+pXunIt4o=,G5UFXCRx26aYxniwCdckb5uDy3Q=
-26,-5,WHcexhcONrUAPezEvaBQ2EjNYn8=,yJjIQGd2JiDeyq5KZe6nQYEuNdk=
-31,-3,EQsO41DLrsEUV/0wat+pXunIt4o=,G5UFXCRx26aYxniwCdckb5uDy3Q=
-28,-2,EQsO41DLrsEUV/0wat+pXunIt4o=,KJTSiNDUV469A9LcQd0jYV/GUyg=
-31,-4,EQsO41DLrsEUV/0wat+pXunIt4o=,G5UFXCRx26aYxniwCdckb5uDy3Q=
-27,-2,EQsO41DLrsEUV/0wat+pXunIt4o=,KJTSiNDUV469A9LcQd0jYV/GUyg=
-28,-4,EQsO41DLrsEUV/0wat+pXunIt4o=,KJTSiNDUV469A9LcQd0jYV/GUyg=
-30,-3,EQsO41DLrsEUV/0wat+pXunIt4o=,G5UFXCRx26aYxniwCdckb5uDy3Q=
-30,-4,4fqeoxs9VNKxkLy9VN8OZmaWdq0=,G5UFXCRx26aYxniwCdckb5uDy3Q=
-29,-3,4fqeoxs9VNKxkLy9VN8OZmaWdq0=,G5UFXCRx26aYxniwCdckb5uDy3Q=
-26,-2,4fqeoxs9VNKxkLy9VN8OZmaWdq0=,KJTSiNDUV469A9LcQd0jYV/GUyg=
-27,-4,4fqeoxs9VNKxkLy9VN8OZmaWdq0=,KJTSiNDUV469A9LcQd0jYV/GUyg=
-26,-4,Ekbcpwi1Vdfhf57u6KzEfly90EM=,KJTSiNDUV469A9LcQd0jYV/GUyg=
-31,-2,Ekbcpwi1Vdfhf57u6KzEfly90EM=,G5UFXCRx26aYxniwCdckb5uDy3Q=
-30,-2,Ekbcpwi1Vdfhf57u6KzEfly90EM=,G5UFXCRx26aYxniwCdckb5uDy3Q=
-29,-4,Ekbcpwi1Vdfhf57u6KzEfly90EM=,G5UFXCRx26aYxniwCdckb5uDy3Q=
-23,-3,Ekbcpwi1Vdfhf57u6KzEfly90EM=,LYuc8GnH0VIYFTIFv4PRZ1VlEfk=
-24,-3,Ekbcpwi1Vdfhf57u6KzEfly90EM=,LYuc8GnH0VIYFTIFv4PRZ1VlEfk=
-25,-3,TZaQ4iNN6sfxW7C4K8p2t2BoJa8=,KJTSiNDUV469A9LcQd0jYV/GUyg=
-23,-2,TZaQ4iNN6sfxW7C4K8p2t2BoJa8=,LYuc8GnH0VIYFTIFv4PRZ1VlEfk=
-22,-3,TZaQ4iNN6sfxW7C4K8p2t2BoJa8=,LYuc8GnH0VIYFTIFv4PRZ1VlEfk=
-22,-2,TZaQ4iNN6sfxW7C4K8p2t2BoJa8=,LYuc8GnH0VIYFTIFv4PRZ1VlEfk=
-24,-2,TZaQ4iNN6sfxW7C4K8p2t2BoJa8=,LYuc8GnH0VIYFTIFv4PRZ1VlEfk=
-25,-2,TZaQ4iNN6sfxW7C4K8p2t2BoJa8=,KJTSiNDUV469A9LcQd0jYV/GUyg=
-23,-5,WHcexhcONrUAPezEvaBQ2EjNYn8=,OKDURzlWpypk9LKmLgezisRL82g=
-22,-4,TZaQ4iNN6sfxW7C4K8p2t2BoJa8=,LYuc8GnH0VIYFTIFv4PRZ1VlEfk=
-23,-6,WHcexhcONrUAPezEvaBQ2EjNYn8=,OKDURzlWpypk9LKmLgezisRL82g=
-23,-4,TZaQ4iNN6sfxW7C4K8p2t2BoJa8=,LYuc8GnH0VIYFTIFv4PRZ1VlEfk=
-22,-6,WHcexhcONrUAPezEvaBQ2EjNYn8=,OKDURzlWpypk9LKmLgezisRL82g=
-22,-5,WHcexhcONrUAPezEvaBQ2EjNYn8=,OKDURzlWpypk9LKmLgezisRL82g=
-25,-5,WHcexhcONrUAPezEvaBQ2EjNYn8=,yJjIQGd2JiDeyq5KZe6nQYEuNdk=
-25,-6,WHcexhcONrUAPezEvaBQ2EjNYn8=,yJjIQGd2JiDeyq5KZe6nQYEuNdk=
-25,-4,TZaQ4iNN6sfxW7C4K8p2t2BoJa8=,KJTSiNDUV469A9LcQd0jYV/GUyg=
-24,-6,WHcexhcONrUAPezEvaBQ2EjNYn8=,OKDURzlWpypk9LKmLgezisRL82g=
-24,-4,TZaQ4iNN6sfxW7C4K8p2t2BoJa8=,LYuc8GnH0VIYFTIFv4PRZ1VlEfk=
-24,-5,WHcexhcONrUAPezEvaBQ2EjNYn8=,OKDURzlWpypk9LKmLgezisRL82g=
-25,-7,WHcexhcONrUAPezEvaBQ2EjNYn8=,yJjIQGd2JiDeyq5KZe6nQYEuNdk=
-22,-7,WHcexhcONrUAPezEvaBQ2EjNYn8=,OKDURzlWpypk9LKmLgezisRL82g=
-24,-7,WHcexhcONrUAPezEvaBQ2EjNYn8=,OKDURzlWpypk9LKmLgezisRL82g=
-23,-7,WHcexhcONrUAPezEvaBQ2EjNYn8=,OKDURzlWpypk9LKmLgezisRL82g=
-23,-9,WHcexhcONrUAPezEvaBQ2EjNYn8=,Dm5rcBGxdCAsTMhlLrLqlUuuyug=
-22,-9,WHcexhcONrUAPezEvaBQ2EjNYn8=,Dm5rcBGxdCAsTMhlLrLqlUuuyug=
-22,-10,WHcexhcONrUAPezEvaBQ2EjNYn8=,Dm5rcBGxdCAsTMhlLrLqlUuuyug=
-22,-11,WHcexhcONrUAPezEvaBQ2EjNYn8=,Dm5rcBGxdCAsTMhlLrLqlUuuyug=
-23,-11,WHcexhcONrUAPezEvaBQ2EjNYn8=,Dm5rcBGxdCAsTMhlLrLqlUuuyug=
-23,-8,WHcexhcONrUAPezEvaBQ2EjNYn8=,OKDURzlWpypk9LKmLgezisRL82g=
-22,-8,WHcexhcONrUAPezEvaBQ2EjNYn8=,OKDURzlWpypk9LKmLgezisRL82g=
-23,-10,WHcexhcONrUAPezEvaBQ2EjNYn8=,Dm5rcBGxdCAsTMhlLrLqlUuuyug=
-21,-2,TZaQ4iNN6sfxW7C4K8p2t2BoJa8=,LYuc8GnH0VIYFTIFv4PRZ1VlEfk=
-20,-3,cqkDlwMjYFaNwemedi5ysh0KMtY=,ah2hPIYfYd71IzSTgefcfRjwzS8=
-19,-3,cqkDlwMjYFaNwemedi5ysh0KMtY=,ah2hPIYfYd71IzSTgefcfRjwzS8=
-19,-2,cqkDlwMjYFaNwemedi5ysh0KMtY=,ah2hPIYfYd71IzSTgefcfRjwzS8=
-18,-3,cqkDlwMjYFaNwemedi5ysh0KMtY=,ah2hPIYfYd71IzSTgefcfRjwzS8=
-18,-2,cqkDlwMjYFaNwemedi5ysh0KMtY=,ah2hPIYfYd71IzSTgefcfRjwzS8=
-21,-3,TZaQ4iNN6sfxW7C4K8p2t2BoJa8=,LYuc8GnH0VIYFTIFv4PRZ1VlEfk=
-20,-2,cqkDlwMjYFaNwemedi5ysh0KMtY=,ah2hPIYfYd71IzSTgefcfRjwzS8=
-18,-6,WHcexhcONrUAPezEvaBQ2EjNYn8=,HA4jQP51IreL43Xrbl47Shp1YlA=
-21,-7,WHcexhcONrUAPezEvaBQ2EjNYn8=,OKDURzlWpypk9LKmLgezisRL82g=
-20,-5,WHcexhcONrUAPezEvaBQ2EjNYn8=,HA4jQP51IreL43Xrbl47Shp1YlA=
-21,-5,WHcexhcONrUAPezEvaBQ2EjNYn8=,OKDURzlWpypk9LKmLgezisRL82g=
-21,-4,TZaQ4iNN6sfxW7C4K8p2t2BoJa8=,LYuc8GnH0VIYFTIFv4PRZ1VlEfk=
-20,-4,cqkDlwMjYFaNwemedi5ysh0KMtY=,ah2hPIYfYd71IzSTgefcfRjwzS8=
-19,-6,WHcexhcONrUAPezEvaBQ2EjNYn8=,HA4jQP51IreL43Xrbl47Shp1YlA=
-19,-5,WHcexhcONrUAPezEvaBQ2EjNYn8=,HA4jQP51IreL43Xrbl47Shp1YlA=
-20,-7,WHcexhcONrUAPezEvaBQ2EjNYn8=,HA4jQP51IreL43Xrbl47Shp1YlA=
-18,-4,cqkDlwMjYFaNwemedi5ysh0KMtY=,ah2hPIYfYd71IzSTgefcfRjwzS8=
-20,-6,WHcexhcONrUAPezEvaBQ2EjNYn8=,HA4jQP51IreL43Xrbl47Shp1YlA=
-18,-7,WHcexhcONrUAPezEvaBQ2EjNYn8=,HA4jQP51IreL43Xrbl47Shp1YlA=
-19,-7,WHcexhcONrUAPezEvaBQ2EjNYn8=,HA4jQP51IreL43Xrbl47Shp1YlA=
-18,-5,WHcexhcONrUAPezEvaBQ2EjNYn8=,HA4jQP51IreL43Xrbl47Shp1YlA=
-21,-6,WHcexhcONrUAPezEvaBQ2EjNYn8=,OKDURzlWpypk9LKmLgezisRL82g=
-19,-4,cqkDlwMjYFaNwemedi5ysh0KMtY=,ah2hPIYfYd71IzSTgefcfRjwzS8=
-24,-9,WHcexhcONrUAPezEvaBQ2EjNYn8=,Dm5rcBGxdCAsTMhlLrLqlUuuyug=
-27,-9,wspy4xH84SrkYFvegF1nje3ogV4=,YTjK6juQWe4JEsEIK4xi87opYxQ=
-26,-9,7Hm5lL2NG4Pj3ZLh540Qhuh+yEI=,YTjK6juQWe4JEsEIK4xi87opYxQ=
-25,-9,WHcexhcONrUAPezEvaBQ2EjNYn8=,YTjK6juQWe4JEsEIK4xi87opYxQ=
-24,-11,WHcexhcONrUAPezEvaBQ2EjNYn8=,Dm5rcBGxdCAsTMhlLrLqlUuuyug=
-26,-11,cJKezSfT8/03ZvOWUOQOaoVP7mk=,YTjK6juQWe4JEsEIK4xi87opYxQ=
-24,-8,WHcexhcONrUAPezEvaBQ2EjNYn8=,OKDURzlWpypk9LKmLgezisRL82g=
-27,-11,wspy4xH84SrkYFvegF1nje3ogV4=,YTjK6juQWe4JEsEIK4xi87opYxQ=
-25,-10,WHcexhcONrUAPezEvaBQ2EjNYn8=,YTjK6juQWe4JEsEIK4xi87opYxQ=
-26,-8,cJKezSfT8/03ZvOWUOQOaoVP7mk=,yJjIQGd2JiDeyq5KZe6nQYEuNdk=
-27,-10,cJKezSfT8/03ZvOWUOQOaoVP7mk=,YTjK6juQWe4JEsEIK4xi87opYxQ=
-25,-11,WHcexhcONrUAPezEvaBQ2EjNYn8=,YTjK6juQWe4JEsEIK4xi87opYxQ=
-27,-8,cJKezSfT8/03ZvOWUOQOaoVP7mk=,yJjIQGd2JiDeyq5KZe6nQYEuNdk=
-26,-10,cJKezSfT8/03ZvOWUOQOaoVP7mk=,YTjK6juQWe4JEsEIK4xi87opYxQ=
-24,-10,WHcexhcONrUAPezEvaBQ2EjNYn8=,Dm5rcBGxdCAsTMhlLrLqlUuuyug=
-25,-8,WHcexhcONrUAPezEvaBQ2EjNYn8=,yJjIQGd2JiDeyq5KZe6nQYEuNdk=
-22,-15,kXJVpmfWRdxrh5YmzCsfMXMszHM=,vobgIvwhvmqhXR7MyR8vvFLNiJg=
-23,-15,kXJVpmfWRdxrh5YmzCsfMXMszHM=,vobgIvwhvmqhXR7MyR8vvFLNiJg=
-23,-14,kXJVpmfWRdxrh5YmzCsfMXMszHM=,vobgIvwhvmqhXR7MyR8vvFLNiJg=
-22,-14,kXJVpmfWRdxrh5YmzCsfMXMszHM=,vobgIvwhvmqhXR7MyR8vvFLNiJg=
-23,-13,QE7J7Zg30ml/9mioTpyECv0HUqY=,vobgIvwhvmqhXR7MyR8vvFLNiJg=
-22,-13,QE7J7Zg30ml/9mioTpyECv0HUqY=,vobgIvwhvmqhXR7MyR8vvFLNiJg=
-23,-12,WHcexhcONrUAPezEvaBQ2EjNYn8=,Dm5rcBGxdCAsTMhlLrLqlUuuyug=
-22,-12,WHcexhcONrUAPezEvaBQ2EjNYn8=,Dm5rcBGxdCAsTMhlLrLqlUuuyug=
-20,-8,WHcexhcONrUAPezEvaBQ2EjNYn8=,HA4jQP51IreL43Xrbl47Shp1YlA=
-21,-10,WHcexhcONrUAPezEvaBQ2EjNYn8=,Dm5rcBGxdCAsTMhlLrLqlUuuyug=
-20,-11,QE7J7Zg30ml/9mioTpyECv0HUqY=,Ky7W4YFQv37ukWTDAdfDK/I5XKA=
-19,-8,WHcexhcONrUAPezEvaBQ2EjNYn8=,HA4jQP51IreL43Xrbl47Shp1YlA=
-18,-11,QE7J7Zg30ml/9mioTpyECv0HUqY=,Ky7W4YFQv37ukWTDAdfDK/I5XKA=
-18,-9,cqkDlwMjYFaNwemedi5ysh0KMtY=,Ky7W4YFQv37ukWTDAdfDK/I5XKA=
-21,-11,WHcexhcONrUAPezEvaBQ2EjNYn8=,Dm5rcBGxdCAsTMhlLrLqlUuuyug=
-19,-9,cqkDlwMjYFaNwemedi5ysh0KMtY=,Ky7W4YFQv37ukWTDAdfDK/I5XKA=
-20,-9,cqkDlwMjYFaNwemedi5ysh0KMtY=,Ky7W4YFQv37ukWTDAdfDK/I5XKA=
-19,-11,QE7J7Zg30ml/9mioTpyECv0HUqY=,Ky7W4YFQv37ukWTDAdfDK/I5XKA=
-18,-8,WHcexhcONrUAPezEvaBQ2EjNYn8=,HA4jQP51IreL43Xrbl47Shp1YlA=
-20,-10,QE7J7Zg30ml/9mioTpyECv0HUqY=,Ky7W4YFQv37ukWTDAdfDK/I5XKA=
-24,-15,cqkDlwMjYFaNwemedi5ysh0KMtY=,vobgIvwhvmqhXR7MyR8vvFLNiJg=
-27,-15,cqkDlwMjYFaNwemedi5ysh0KMtY=,TQbahbvcChuAQXY9u6M9cFV8hL0=
-26,-15,cqkDlwMjYFaNwemedi5ysh0KMtY=,TQbahbvcChuAQXY9u6M9cFV8hL0=
-25,-15,cqkDlwMjYFaNwemedi5ysh0KMtY=,TQbahbvcChuAQXY9u6M9cFV8hL0=
-19,-10,QE7J7Zg30ml/9mioTpyECv0HUqY=,Ky7W4YFQv37ukWTDAdfDK/I5XKA=
-21,-8,WHcexhcONrUAPezEvaBQ2EjNYn8=,OKDURzlWpypk9LKmLgezisRL82g=
-24,-14,cqkDlwMjYFaNwemedi5ysh0KMtY=,vobgIvwhvmqhXR7MyR8vvFLNiJg=
-21,-9,WHcexhcONrUAPezEvaBQ2EjNYn8=,Dm5rcBGxdCAsTMhlLrLqlUuuyug=
-18,-10,QE7J7Zg30ml/9mioTpyECv0HUqY=,Ky7W4YFQv37ukWTDAdfDK/I5XKA=
-27,-12,cJKezSfT8/03ZvOWUOQOaoVP7mk=,YTjK6juQWe4JEsEIK4xi87opYxQ=
-24,-12,WHcexhcONrUAPezEvaBQ2EjNYn8=,Dm5rcBGxdCAsTMhlLrLqlUuuyug=
-27,-14,cqkDlwMjYFaNwemedi5ysh0KMtY=,TQbahbvcChuAQXY9u6M9cFV8hL0=
-25,-13,cqkDlwMjYFaNwemedi5ysh0KMtY=,TQbahbvcChuAQXY9u6M9cFV8hL0=
-26,-12,cJKezSfT8/03ZvOWUOQOaoVP7mk=,YTjK6juQWe4JEsEIK4xi87opYxQ=
-25,-12,WHcexhcONrUAPezEvaBQ2EjNYn8=,YTjK6juQWe4JEsEIK4xi87opYxQ=
-26,-14,cqkDlwMjYFaNwemedi5ysh0KMtY=,TQbahbvcChuAQXY9u6M9cFV8hL0=
-24,-13,cqkDlwMjYFaNwemedi5ysh0KMtY=,vobgIvwhvmqhXR7MyR8vvFLNiJg=
-26,-13,cqkDlwMjYFaNwemedi5ysh0KMtY=,TQbahbvcChuAQXY9u6M9cFV8hL0=
-25,-14,cqkDlwMjYFaNwemedi5ysh0KMtY=,TQbahbvcChuAQXY9u6M9cFV8hL0=
-27,-13,cqkDlwMjYFaNwemedi5ysh0KMtY=,TQbahbvcChuAQXY9u6M9cFV8hL0=
-17,-15,cqkDlwMjYFaNwemedi5ysh0KMtY=,ni0fhkIh8nqouerlty9p/rPLkp0=
-21,-15,cqkDlwMjYFaNwemedi5ysh0KMtY=,vobgIvwhvmqhXR7MyR8vvFLNiJg=
-18,-13,cqkDlwMjYFaNwemedi5ysh0KMtY=,ni0fhkIh8nqouerlty9p/rPLkp0=
-19,-13,cqkDlwMjYFaNwemedi5ysh0KMtY=,ni0fhkIh8nqouerlty9p/rPLkp0=
-20,-14,e/S4Ci7J97+MUqrJJJPpNEhUj5Q=,ni0fhkIh8nqouerlty9p/rPLkp0=
-20,-13,e/S4Ci7J97+MUqrJJJPpNEhUj5Q=,ni0fhkIh8nqouerlty9p/rPLkp0=
-21,-14,cqkDlwMjYFaNwemedi5ysh0KMtY=,vobgIvwhvmqhXR7MyR8vvFLNiJg=
-19,-14,e/S4Ci7J97+MUqrJJJPpNEhUj5Q=,ni0fhkIh8nqouerlty9p/rPLkp0=
-18,-14,e/S4Ci7J97+MUqrJJJPpNEhUj5Q=,ni0fhkIh8nqouerlty9p/rPLkp0=
-19,-12,cqkDlwMjYFaNwemedi5ysh0KMtY=,Ky7W4YFQv37ukWTDAdfDK/I5XKA=
-18,-12,QE7J7Zg30ml/9mioTpyECv0HUqY=,Ky7W4YFQv37ukWTDAdfDK/I5XKA=
-20,-15,e/S4Ci7J97+MUqrJJJPpNEhUj5Q=,ni0fhkIh8nqouerlty9p/rPLkp0=
-21,-12,WHcexhcONrUAPezEvaBQ2EjNYn8=,Dm5rcBGxdCAsTMhlLrLqlUuuyug=
-21,-13,e/S4Ci7J97+MUqrJJJPpNEhUj5Q=,vobgIvwhvmqhXR7MyR8vvFLNiJg=
-19,-15,cqkDlwMjYFaNwemedi5ysh0KMtY=,ni0fhkIh8nqouerlty9p/rPLkp0=
-20,-12,cqkDlwMjYFaNwemedi5ysh0KMtY=,Ky7W4YFQv37ukWTDAdfDK/I5XKA=
-18,-15,e/S4Ci7J97+MUqrJJJPpNEhUj5Q=,ni0fhkIh8nqouerlty9p/rPLkp0=
-17,-14,cqkDlwMjYFaNwemedi5ysh0KMtY=,ni0fhkIh8nqouerlty9p/rPLkp0=
-19,-16,e/S4Ci7J97+MUqrJJJPpNEhUj5Q=,ni0fhkIh8nqouerlty9p/rPLkp0=
-27,-16,cqkDlwMjYFaNwemedi5ysh0KMtY=,TQbahbvcChuAQXY9u6M9cFV8hL0=
-26,-16,cqkDlwMjYFaNwemedi5ysh0KMtY=,TQbahbvcChuAQXY9u6M9cFV8hL0=
-18,-16,e/S4Ci7J97+MUqrJJJPpNEhUj5Q=,ni0fhkIh8nqouerlty9p/rPLkp0=
-20,-16,cqkDlwMjYFaNwemedi5ysh0KMtY=,ni0fhkIh8nqouerlty9p/rPLkp0=
-25,-16,cqkDlwMjYFaNwemedi5ysh0KMtY=,TQbahbvcChuAQXY9u6M9cFV8hL0=
-24,-16,cqkDlwMjYFaNwemedi5ysh0KMtY=,vobgIvwhvmqhXR7MyR8vvFLNiJg=
-21,-16,cqkDlwMjYFaNwemedi5ysh0KMtY=,vobgIvwhvmqhXR7MyR8vvFLNiJg=
-22,-16,cqkDlwMjYFaNwemedi5ysh0KMtY=,vobgIvwhvmqhXR7MyR8vvFLNiJg=
-23,-16,cqkDlwMjYFaNwemedi5ysh0KMtY=,vobgIvwhvmqhXR7MyR8vvFLNiJg=
-32,-7,WHcexhcONrUAPezEvaBQ2EjNYn8=,gbliHMi1jGW/IjHK3hhJaoeer8U=
-32,-6,WHcexhcONrUAPezEvaBQ2EjNYn8=,gbliHMi1jGW/IjHK3hhJaoeer8U=
-31,-1,TZaQ4iNN6sfxW7C4K8p2t2BoJa8=,G5UFXCRx26aYxniwCdckb5uDy3Q=
-30,-1,TZaQ4iNN6sfxW7C4K8p2t2BoJa8=,G5UFXCRx26aYxniwCdckb5uDy3Q=
-32,-5,WHcexhcONrUAPezEvaBQ2EjNYn8=,gbliHMi1jGW/IjHK3hhJaoeer8U=
-32,-1,TZaQ4iNN6sfxW7C4K8p2t2BoJa8=,G5UFXCRx26aYxniwCdckb5uDy3Q=
-32,-4,TZaQ4iNN6sfxW7C4K8p2t2BoJa8=,G5UFXCRx26aYxniwCdckb5uDy3Q=
-19,-1,cqkDlwMjYFaNwemedi5ysh0KMtY=,ah2hPIYfYd71IzSTgefcfRjwzS8=
-18,-1,cqkDlwMjYFaNwemedi5ysh0KMtY=,ah2hPIYfYd71IzSTgefcfRjwzS8=
-32,-3,TZaQ4iNN6sfxW7C4K8p2t2BoJa8=,G5UFXCRx26aYxniwCdckb5uDy3Q=
-28,-1,TZaQ4iNN6sfxW7C4K8p2t2BoJa8=,KJTSiNDUV469A9LcQd0jYV/GUyg=
-27,-1,TZaQ4iNN6sfxW7C4K8p2t2BoJa8=,KJTSiNDUV469A9LcQd0jYV/GUyg=
-26,-1,TZaQ4iNN6sfxW7C4K8p2t2BoJa8=,KJTSiNDUV469A9LcQd0jYV/GUyg=
-29,-1,TZaQ4iNN6sfxW7C4K8p2t2BoJa8=,G5UFXCRx26aYxniwCdckb5uDy3Q=
-32,-2,TZaQ4iNN6sfxW7C4K8p2t2BoJa8=,G5UFXCRx26aYxniwCdckb5uDy3Q=
-21,-1,TZaQ4iNN6sfxW7C4K8p2t2BoJa8=,LYuc8GnH0VIYFTIFv4PRZ1VlEfk=
-24,-1,TZaQ4iNN6sfxW7C4K8p2t2BoJa8=,LYuc8GnH0VIYFTIFv4PRZ1VlEfk=
-20,-1,cqkDlwMjYFaNwemedi5ysh0KMtY=,ah2hPIYfYd71IzSTgefcfRjwzS8=
-25,-1,TZaQ4iNN6sfxW7C4K8p2t2BoJa8=,KJTSiNDUV469A9LcQd0jYV/GUyg=
-22,-1,TZaQ4iNN6sfxW7C4K8p2t2BoJa8=,LYuc8GnH0VIYFTIFv4PRZ1VlEfk=
-23,-1,TZaQ4iNN6sfxW7C4K8p2t2BoJa8=,LYuc8GnH0VIYFTIFv4PRZ1VlEfk=
-17,-3,cqkDlwMjYFaNwemedi5ysh0KMtY=,ah2hPIYfYd71IzSTgefcfRjwzS8=
-17,-2,cqkDlwMjYFaNwemedi5ysh0KMtY=,ah2hPIYfYd71IzSTgefcfRjwzS8=
-17,-4,cqkDlwMjYFaNwemedi5ysh0KMtY=,ah2hPIYfYd71IzSTgefcfRjwzS8=
-17,-16,cqkDlwMjYFaNwemedi5ysh0KMtY=,ni0fhkIh8nqouerlty9p/rPLkp0=
-17,-1,cqkDlwMjYFaNwemedi5ysh0KMtY=,ah2hPIYfYd71IzSTgefcfRjwzS8=
-17,-6,WHcexhcONrUAPezEvaBQ2EjNYn8=,HA4jQP51IreL43Xrbl47Shp1YlA=
-17,-5,WHcexhcONrUAPezEvaBQ2EjNYn8=,HA4jQP51IreL43Xrbl47Shp1YlA=
-17,-11,QE7J7Zg30ml/9mioTpyECv0HUqY=,Ky7W4YFQv37ukWTDAdfDK/I5XKA=
-17,-7,WHcexhcONrUAPezEvaBQ2EjNYn8=,HA4jQP51IreL43Xrbl47Shp1YlA=
-17,-12,cqkDlwMjYFaNwemedi5ysh0KMtY=,Ky7W4YFQv37ukWTDAdfDK/I5XKA=
-17,-13,cqkDlwMjYFaNwemedi5ysh0KMtY=,ni0fhkIh8nqouerlty9p/rPLkp0=
-17,-10,QE7J7Zg30ml/9mioTpyECv0HUqY=,Ky7W4YFQv37ukWTDAdfDK/I5XKA=
-17,-8,WHcexhcONrUAPezEvaBQ2EjNYn8=,HA4jQP51IreL43Xrbl47Shp1YlA=
-17,-9,cqkDlwMjYFaNwemedi5ysh0KMtY=,Ky7W4YFQv37ukWTDAdfDK/I5XKA=
-28,-9,WHcexhcONrUAPezEvaBQ2EjNYn8=,YTjK6juQWe4JEsEIK4xi87opYxQ=
-32,-9,cqkDlwMjYFaNwemedi5ysh0KMtY=,nS/1DRNlB0Z3trL/acRiRD6F54U=
-31,-10,cqkDlwMjYFaNwemedi5ysh0KMtY=,nS/1DRNlB0Z3trL/acRiRD6F54U=
-29,-10,cqkDlwMjYFaNwemedi5ysh0KMtY=,nS/1DRNlB0Z3trL/acRiRD6F54U=
-32,-10,cqkDlwMjYFaNwemedi5ysh0KMtY=,nS/1DRNlB0Z3trL/acRiRD6F54U=
-28,-10,cJKezSfT8/03ZvOWUOQOaoVP7mk=,YTjK6juQWe4JEsEIK4xi87opYxQ=
-28,-11,cJKezSfT8/03ZvOWUOQOaoVP7mk=,YTjK6juQWe4JEsEIK4xi87opYxQ=
-32,-11,cqkDlwMjYFaNwemedi5ysh0KMtY=,nS/1DRNlB0Z3trL/acRiRD6F54U=
-29,-8,WHcexhcONrUAPezEvaBQ2EjNYn8=,gbliHMi1jGW/IjHK3hhJaoeer8U=
-29,-11,cqkDlwMjYFaNwemedi5ysh0KMtY=,nS/1DRNlB0Z3trL/acRiRD6F54U=
-30,-8,WHcexhcONrUAPezEvaBQ2EjNYn8=,gbliHMi1jGW/IjHK3hhJaoeer8U=
-30,-10,cqkDlwMjYFaNwemedi5ysh0KMtY=,nS/1DRNlB0Z3trL/acRiRD6F54U=
-31,-9,cqkDlwMjYFaNwemedi5ysh0KMtY=,nS/1DRNlB0Z3trL/acRiRD6F54U=
-31,-11,cqkDlwMjYFaNwemedi5ysh0KMtY=,nS/1DRNlB0Z3trL/acRiRD6F54U=
-30,-9,cqkDlwMjYFaNwemedi5ysh0KMtY=,nS/1DRNlB0Z3trL/acRiRD6F54U=
-32,-8,WHcexhcONrUAPezEvaBQ2EjNYn8=,gbliHMi1jGW/IjHK3hhJaoeer8U=
-28,-8,WHcexhcONrUAPezEvaBQ2EjNYn8=,yJjIQGd2JiDeyq5KZe6nQYEuNdk=
-29,-9,cqkDlwMjYFaNwemedi5ysh0KMtY=,nS/1DRNlB0Z3trL/acRiRD6F54U=
-30,-11,cqkDlwMjYFaNwemedi5ysh0KMtY=,nS/1DRNlB0Z3trL/acRiRD6F54U=
-31,-8,WHcexhcONrUAPezEvaBQ2EjNYn8=,gbliHMi1jGW/IjHK3hhJaoeer8U=
-29,-12,cqkDlwMjYFaNwemedi5ysh0KMtY=,nS/1DRNlB0Z3trL/acRiRD6F54U=
-29,-14,WHcexhcONrUAPezEvaBQ2EjNYn8=,sPIdj/wMrd0vnfqsNo3KiLkfuTA=
-28,-15,cqkDlwMjYFaNwemedi5ysh0KMtY=,TQbahbvcChuAQXY9u6M9cFV8hL0=
-30,-14,WHcexhcONrUAPezEvaBQ2EjNYn8=,sPIdj/wMrd0vnfqsNo3KiLkfuTA=
-29,-16,WHcexhcONrUAPezEvaBQ2EjNYn8=,sPIdj/wMrd0vnfqsNo3KiLkfuTA=
-31,-14,WHcexhcONrUAPezEvaBQ2EjNYn8=,sPIdj/wMrd0vnfqsNo3KiLkfuTA=
-30,-12,cqkDlwMjYFaNwemedi5ysh0KMtY=,nS/1DRNlB0Z3trL/acRiRD6F54U=
-32,-15,WHcexhcONrUAPezEvaBQ2EjNYn8=,sPIdj/wMrd0vnfqsNo3KiLkfuTA=
-31,-12,cqkDlwMjYFaNwemedi5ysh0KMtY=,nS/1DRNlB0Z3trL/acRiRD6F54U=
-32,-14,WHcexhcONrUAPezEvaBQ2EjNYn8=,sPIdj/wMrd0vnfqsNo3KiLkfuTA=
-32,-13,WHcexhcONrUAPezEvaBQ2EjNYn8=,sPIdj/wMrd0vnfqsNo3KiLkfuTA=
-31,-16,WHcexhcONrUAPezEvaBQ2EjNYn8=,sPIdj/wMrd0vnfqsNo3KiLkfuTA=
-30,-16,WHcexhcONrUAPezEvaBQ2EjNYn8=,sPIdj/wMrd0vnfqsNo3KiLkfuTA=
-32,-12,cqkDlwMjYFaNwemedi5ysh0KMtY=,nS/1DRNlB0Z3trL/acRiRD6F54U=
-29,-13,WHcexhcONrUAPezEvaBQ2EjNYn8=,sPIdj/wMrd0vnfqsNo3KiLkfuTA=
-28,-13,cqkDlwMjYFaNwemedi5ysh0KMtY=,TQbahbvcChuAQXY9u6M9cFV8hL0=
-28,-16,cqkDlwMjYFaNwemedi5ysh0KMtY=,TQbahbvcChuAQXY9u6M9cFV8hL0=
-31,-15,WHcexhcONrUAPezEvaBQ2EjNYn8=,sPIdj/wMrd0vnfqsNo3KiLkfuTA=
-32,-16,WHcexhcONrUAPezEvaBQ2EjNYn8=,sPIdj/wMrd0vnfqsNo3KiLkfuTA=
-30,-13,WHcexhcONrUAPezEvaBQ2EjNYn8=,sPIdj/wMrd0vnfqsNo3KiLkfuTA=
-28,-12,WHcexhcONrUAPezEvaBQ2EjNYn8=,YTjK6juQWe4JEsEIK4xi87opYxQ=
-31,-13,WHcexhcONrUAPezEvaBQ2EjNYn8=,sPIdj/wMrd0vnfqsNo3KiLkfuTA=
-28,-14,cqkDlwMjYFaNwemedi5ysh0KMtY=,TQbahbvcChuAQXY9u6M9cFV8hL0=
-30,-15,WHcexhcONrUAPezEvaBQ2EjNYn8=,sPIdj/wMrd0vnfqsNo3KiLkfuTA=
-29,-15,WHcexhcONrUAPezEvaBQ2EjNYn8=,sPIdj/wMrd0vnfqsNo3KiLkfuTA=
-11,-27,1uZUrRC9QnfRhF95G7YHcrqVWTk=,YOUP3J2OWjewirGvK02cp9JAkbA=
-10,-27,1uZUrRC9QnfRhF95G7YHcrqVWTk=,YOUP3J2OWjewirGvK02cp9JAkbA=
-10,-26,1uZUrRC9QnfRhF95G7YHcrqVWTk=,YOUP3J2OWjewirGvK02cp9JAkbA=
-11,-26,1uZUrRC9QnfRhF95G7YHcrqVWTk=,YOUP3J2OWjewirGvK02cp9JAkbA=
-14,-26,cpTz1mmiv1eCMZHA23HxAtqNj1Y=,8ac1lq69euPTxHlDVsBefVuj5BY=
-15,-27,cpTz1mmiv1eCMZHA23HxAtqNj1Y=,8ac1lq69euPTxHlDVsBefVuj5BY=
-12,-27,cpTz1mmiv1eCMZHA23HxAtqNj1Y=,YOUP3J2OWjewirGvK02cp9JAkbA=
-15,-26,cpTz1mmiv1eCMZHA23HxAtqNj1Y=,8ac1lq69euPTxHlDVsBefVuj5BY=
-13,-27,cpTz1mmiv1eCMZHA23HxAtqNj1Y=,8ac1lq69euPTxHlDVsBefVuj5BY=
-12,-26,cpTz1mmiv1eCMZHA23HxAtqNj1Y=,YOUP3J2OWjewirGvK02cp9JAkbA=
-14,-27,cpTz1mmiv1eCMZHA23HxAtqNj1Y=,8ac1lq69euPTxHlDVsBefVuj5BY=
-15,-29,cpTz1mmiv1eCMZHA23HxAtqNj1Y=,atl1EuPHD7/1F4liVGlttW5gtD8=
-13,-26,cpTz1mmiv1eCMZHA23HxAtqNj1Y=,8ac1lq69euPTxHlDVsBefVuj5BY=
-15,-31,cpTz1mmiv1eCMZHA23HxAtqNj1Y=,atl1EuPHD7/1F4liVGlttW5gtD8=
-14,-31,cpTz1mmiv1eCMZHA23HxAtqNj1Y=,atl1EuPHD7/1F4liVGlttW5gtD8=
-14,-29,cpTz1mmiv1eCMZHA23HxAtqNj1Y=,atl1EuPHD7/1F4liVGlttW5gtD8=
-15,-30,cpTz1mmiv1eCMZHA23HxAtqNj1Y=,atl1EuPHD7/1F4liVGlttW5gtD8=
-14,-30,6WOXrwi6Zzr9fOoPV1bcH9Z7vf0=,atl1EuPHD7/1F4liVGlttW5gtD8=
-14,-28,6WOXrwi6Zzr9fOoPV1bcH9Z7vf0=,8ac1lq69euPTxHlDVsBefVuj5BY=
-15,-28,6WOXrwi6Zzr9fOoPV1bcH9Z7vf0=,8ac1lq69euPTxHlDVsBefVuj5BY=
-11,-23,6WOXrwi6Zzr9fOoPV1bcH9Z7vf0=,wp2d2C242c6ew0CFheZvMPjM9h0=
-10,-22,6WOXrwi6Zzr9fOoPV1bcH9Z7vf0=,wp2d2C242c6ew0CFheZvMPjM9h0=
-11,-25,6WOXrwi6Zzr9fOoPV1bcH9Z7vf0=,YOUP3J2OWjewirGvK02cp9JAkbA=
-10,-23,IV9cNpP0GiTlRDx4aYjQKevKrEU=,wp2d2C242c6ew0CFheZvMPjM9h0=
-10,-25,IV9cNpP0GiTlRDx4aYjQKevKrEU=,YOUP3J2OWjewirGvK02cp9JAkbA=
-11,-22,IV9cNpP0GiTlRDx4aYjQKevKrEU=,wp2d2C242c6ew0CFheZvMPjM9h0=
-11,-24,dMgJ7D5nVKN6o0DSKAEnIg6Mrjw=,wp2d2C242c6ew0CFheZvMPjM9h0=
-10,-24,dMgJ7D5nVKN6o0DSKAEnIg6Mrjw=,wp2d2C242c6ew0CFheZvMPjM9h0=
-12,-23,dMgJ7D5nVKN6o0DSKAEnIg6Mrjw=,wp2d2C242c6ew0CFheZvMPjM9h0=
-14,-24,dMgJ7D5nVKN6o0DSKAEnIg6Mrjw=,5ibn1ch6KnWupFjamLRN9G7tCjM=
-13,-24,dMgJ7D5nVKN6o0DSKAEnIg6Mrjw=,5ibn1ch6KnWupFjamLRN9G7tCjM=
-14,-25,dMgJ7D5nVKN6o0DSKAEnIg6Mrjw=,8ac1lq69euPTxHlDVsBefVuj5BY=
-12,-24,dMgJ7D5nVKN6o0DSKAEnIg6Mrjw=,wp2d2C242c6ew0CFheZvMPjM9h0=
-12,-25,dMgJ7D5nVKN6o0DSKAEnIg6Mrjw=,YOUP3J2OWjewirGvK02cp9JAkbA=
-13,-25,dMgJ7D5nVKN6o0DSKAEnIg6Mrjw=,8ac1lq69euPTxHlDVsBefVuj5BY=
-14,-22,dMgJ7D5nVKN6o0DSKAEnIg6Mrjw=,5ibn1ch6KnWupFjamLRN9G7tCjM=
-15,-22,dMgJ7D5nVKN6o0DSKAEnIg6Mrjw=,5ibn1ch6KnWupFjamLRN9G7tCjM=
-15,-24,dMgJ7D5nVKN6o0DSKAEnIg6Mrjw=,5ibn1ch6KnWupFjamLRN9G7tCjM=
-15,-25,dMgJ7D5nVKN6o0DSKAEnIg6Mrjw=,8ac1lq69euPTxHlDVsBefVuj5BY=
-14,-23,dMgJ7D5nVKN6o0DSKAEnIg6Mrjw=,5ibn1ch6KnWupFjamLRN9G7tCjM=
-13,-22,dMgJ7D5nVKN6o0DSKAEnIg6Mrjw=,5ibn1ch6KnWupFjamLRN9G7tCjM=
-13,-23,dMgJ7D5nVKN6o0DSKAEnIg6Mrjw=,5ibn1ch6KnWupFjamLRN9G7tCjM=
-12,-22,dMgJ7D5nVKN6o0DSKAEnIg6Mrjw=,wp2d2C242c6ew0CFheZvMPjM9h0=
-15,-23,dMgJ7D5nVKN6o0DSKAEnIg6Mrjw=,5ibn1ch6KnWupFjamLRN9G7tCjM=
-11,-21,dMgJ7D5nVKN6o0DSKAEnIg6Mrjw=,wp2d2C242c6ew0CFheZvMPjM9h0=
-10,-21,dMgJ7D5nVKN6o0DSKAEnIg6Mrjw=,wp2d2C242c6ew0CFheZvMPjM9h0=
-12,-21,dMgJ7D5nVKN6o0DSKAEnIg6Mrjw=,wp2d2C242c6ew0CFheZvMPjM9h0=
-15,-21,dMgJ7D5nVKN6o0DSKAEnIg6Mrjw=,5ibn1ch6KnWupFjamLRN9G7tCjM=
-13,-21,dMgJ7D5nVKN6o0DSKAEnIg6Mrjw=,5ibn1ch6KnWupFjamLRN9G7tCjM=
-14,-21,dMgJ7D5nVKN6o0DSKAEnIg6Mrjw=,5ibn1ch6KnWupFjamLRN9G7tCjM=
-9,-23,dMgJ7D5nVKN6o0DSKAEnIg6Mrjw=,wp2d2C242c6ew0CFheZvMPjM9h0=
-9,-22,dMgJ7D5nVKN6o0DSKAEnIg6Mrjw=,wp2d2C242c6ew0CFheZvMPjM9h0=
-9,-21,dMgJ7D5nVKN6o0DSKAEnIg6Mrjw=,wp2d2C242c6ew0CFheZvMPjM9h0=
-12,-28,dMgJ7D5nVKN6o0DSKAEnIg6Mrjw=,YOUP3J2OWjewirGvK02cp9JAkbA=
-11,-28,dMgJ7D5nVKN6o0DSKAEnIg6Mrjw=,YOUP3J2OWjewirGvK02cp9JAkbA=
-10,-28,dMgJ7D5nVKN6o0DSKAEnIg6Mrjw=,YOUP3J2OWjewirGvK02cp9JAkbA=
-13,-31,dMgJ7D5nVKN6o0DSKAEnIg6Mrjw=,atl1EuPHD7/1F4liVGlttW5gtD8=
-13,-30,dMgJ7D5nVKN6o0DSKAEnIg6Mrjw=,atl1EuPHD7/1F4liVGlttW5gtD8=
-13,-29,dMgJ7D5nVKN6o0DSKAEnIg6Mrjw=,atl1EuPHD7/1F4liVGlttW5gtD8=
-13,-28,dMgJ7D5nVKN6o0DSKAEnIg6Mrjw=,8ac1lq69euPTxHlDVsBefVuj5BY=
-16,-31,dMgJ7D5nVKN6o0DSKAEnIg6Mrjw=,atl1EuPHD7/1F4liVGlttW5gtD8=
-16,-30,dMgJ7D5nVKN6o0DSKAEnIg6Mrjw=,atl1EuPHD7/1F4liVGlttW5gtD8=
-16,-23,dMgJ7D5nVKN6o0DSKAEnIg6Mrjw=,5ibn1ch6KnWupFjamLRN9G7tCjM=
-16,-24,dMgJ7D5nVKN6o0DSKAEnIg6Mrjw=,5ibn1ch6KnWupFjamLRN9G7tCjM=
-16,-25,dMgJ7D5nVKN6o0DSKAEnIg6Mrjw=,8ac1lq69euPTxHlDVsBefVuj5BY=
-16,-22,dMgJ7D5nVKN6o0DSKAEnIg6Mrjw=,5ibn1ch6KnWupFjamLRN9G7tCjM=
-16,-28,dMgJ7D5nVKN6o0DSKAEnIg6Mrjw=,8ac1lq69euPTxHlDVsBefVuj5BY=
-16,-27,dMgJ7D5nVKN6o0DSKAEnIg6Mrjw=,8ac1lq69euPTxHlDVsBefVuj5BY=
-16,-26,dMgJ7D5nVKN6o0DSKAEnIg6Mrjw=,8ac1lq69euPTxHlDVsBefVuj5BY=
-16,-29,dMgJ7D5nVKN6o0DSKAEnIg6Mrjw=,atl1EuPHD7/1F4liVGlttW5gtD8=
-16,-32,dMgJ7D5nVKN6o0DSKAEnIg6Mrjw=,atl1EuPHD7/1F4liVGlttW5gtD8=
-15,-32,dMgJ7D5nVKN6o0DSKAEnIg6Mrjw=,atl1EuPHD7/1F4liVGlttW5gtD8=
-16,-21,dMgJ7D5nVKN6o0DSKAEnIg6Mrjw=,5ibn1ch6KnWupFjamLRN9G7tCjM=
-14,-32,dMgJ7D5nVKN6o0DSKAEnIg6Mrjw=,atl1EuPHD7/1F4liVGlttW5gtD8=
-13,-32,dMgJ7D5nVKN6o0DSKAEnIg6Mrjw=,atl1EuPHD7/1F4liVGlttW5gtD8=
-9,-25,dMgJ7D5nVKN6o0DSKAEnIg6Mrjw=,YOUP3J2OWjewirGvK02cp9JAkbA=
-9,-24,dMgJ7D5nVKN6o0DSKAEnIg6Mrjw=,wp2d2C242c6ew0CFheZvMPjM9h0=
-9,-27,dMgJ7D5nVKN6o0DSKAEnIg6Mrjw=,YOUP3J2OWjewirGvK02cp9JAkbA=
-9,-26,dMgJ7D5nVKN6o0DSKAEnIg6Mrjw=,YOUP3J2OWjewirGvK02cp9JAkbA=
-9,-28,dMgJ7D5nVKN6o0DSKAEnIg6Mrjw=,YOUP3J2OWjewirGvK02cp9JAkbA=
-18,-26,kXJVpmfWRdxrh5YmzCsfMXMszHM=,6gnzCitBRWqJauuvy4wbC3QdU28=
-19,-27,kXJVpmfWRdxrh5YmzCsfMXMszHM=,6gnzCitBRWqJauuvy4wbC3QdU28=
-18,-27,kXJVpmfWRdxrh5YmzCsfMXMszHM=,6gnzCitBRWqJauuvy4wbC3QdU28=
-19,-26,kXJVpmfWRdxrh5YmzCsfMXMszHM=,6gnzCitBRWqJauuvy4wbC3QdU28=
-20,-27,kXJVpmfWRdxrh5YmzCsfMXMszHM=,6gnzCitBRWqJauuvy4wbC3QdU28=
-20,-26,kXJVpmfWRdxrh5YmzCsfMXMszHM=,6gnzCitBRWqJauuvy4wbC3QdU28=
-19,-28,kXJVpmfWRdxrh5YmzCsfMXMszHM=,6gnzCitBRWqJauuvy4wbC3QdU28=
-20,-28,kXJVpmfWRdxrh5YmzCsfMXMszHM=,6gnzCitBRWqJauuvy4wbC3QdU28=
-18,-28,kXJVpmfWRdxrh5YmzCsfMXMszHM=,6gnzCitBRWqJauuvy4wbC3QdU28=
-17,-25,kXJVpmfWRdxrh5YmzCsfMXMszHM=,6gnzCitBRWqJauuvy4wbC3QdU28=
-17,-27,kXJVpmfWRdxrh5YmzCsfMXMszHM=,6gnzCitBRWqJauuvy4wbC3QdU28=
-17,-26,kXJVpmfWRdxrh5YmzCsfMXMszHM=,6gnzCitBRWqJauuvy4wbC3QdU28=
-18,-25,kXJVpmfWRdxrh5YmzCsfMXMszHM=,6gnzCitBRWqJauuvy4wbC3QdU28=
-19,-25,kXJVpmfWRdxrh5YmzCsfMXMszHM=,6gnzCitBRWqJauuvy4wbC3QdU28=
-20,-25,kXJVpmfWRdxrh5YmzCsfMXMszHM=,6gnzCitBRWqJauuvy4wbC3QdU28=
-17,-28,kXJVpmfWRdxrh5YmzCsfMXMszHM=,6gnzCitBRWqJauuvy4wbC3QdU28=
