20,-11,QzC1aXeDK2pcyRp6VvweDflCLHg=,3C/WN5ComkJMVnEw84cX+hvj1B4=
19,-11,QzC1aXeDK2pcyRp6VvweDflCLHg=,3C/WN5ComkJMVnEw84cX+hvj1B4=
18,-11,QzC1aXeDK2pcyRp6VvweDflCLHg=,3C/WN5ComkJMVnEw84cX+hvj1B4=
17,-11,QzC1aXeDK2pcyRp6VvweDflCLHg=,3C/WN5ComkJMVnEw84cX+hvj1B4=
22,-12,QzC1aXeDK2pcyRp6VvweDflCLHg=,3C/WN5ComkJMVnEw84cX+hvj1B4=
21,-12,QzC1aXeDK2pcyRp6VvweDflCLHg=,3C/WN5ComkJMVnEw84cX+hvj1B4=
20,-12,QzC1aXeDK2pcyRp6VvweDflCLHg=,3C/WN5ComkJMVnEw84cX+hvj1B4=
19,-12,QzC1aXeDK2pcyRp6VvweDflCLHg=,3C/WN5ComkJMVnEw84cX+hvj1B4=
24,-15,QzC1aXeDK2pcyRp6VvweDflCLHg=,lMEAxygvPqcWzH5lGDLaGyS8f+8=
25,-15,PcYdxMBONhrABuPk1CvEP91G59I=,lMEAxygvPqcWzH5lGDLaGyS8f+8=
18,-12,QzC1aXeDK2pcyRp6VvweDflCLHg=,3C/WN5ComkJMVnEw84cX+hvj1B4=
26,-15,QzC1aXeDK2pcyRp6VvweDflCLHg=,lMEAxygvPqcWzH5lGDLaGyS8f+8=
17,-12,QzC1aXeDK2pcyRp6VvweDflCLHg=,3C/WN5ComkJMVnEw84cX+hvj1B4=
27,-15,QzC1aXeDK2pcyRp6VvweDflCLHg=,lMEAxygvPqcWzH5lGDLaGyS8f+8=
28,-15,QzC1aXeDK2pcyRp6VvweDflCLHg=,lMEAxygvPqcWzH5lGDLaGyS8f+8=
29,-15,QzC1aXeDK2pcyRp6VvweDflCLHg=,lMEAxygvPqcWzH5lGDLaGyS8f+8=
21,-13,QzC1aXeDK2pcyRp6VvweDflCLHg=,3C/WN5ComkJMVnEw84cX+hvj1B4=
23,-11,QzC1aXeDK2pcyRp6VvweDflCLHg=,3C/WN5ComkJMVnEw84cX+hvj1B4=
30,-15,QzC1aXeDK2pcyRp6VvweDflCLHg=,lMEAxygvPqcWzH5lGDLaGyS8f+8=
22,-13,QzC1aXeDK2pcyRp6VvweDflCLHg=,3C/WN5ComkJMVnEw84cX+hvj1B4=
20,-13,QzC1aXeDK2pcyRp6VvweDflCLHg=,3C/WN5ComkJMVnEw84cX+hvj1B4=
24,-14,QzC1aXeDK2pcyRp6VvweDflCLHg=,lMEAxygvPqcWzH5lGDLaGyS8f+8=
19,-13,QzC1aXeDK2pcyRp6VvweDflCLHg=,3C/WN5ComkJMVnEw84cX+hvj1B4=
25,-14,QzC1aXeDK2pcyRp6VvweDflCLHg=,lMEAxygvPqcWzH5lGDLaGyS8f+8=
18,-13,QzC1aXeDK2pcyRp6VvweDflCLHg=,3C/WN5ComkJMVnEw84cX+hvj1B4=
21,-14,QzC1aXeDK2pcyRp6VvweDflCLHg=,3C/WN5ComkJMVnEw84cX+hvj1B4=
26,-14,QzC1aXeDK2pcyRp6VvweDflCLHg=,lMEAxygvPqcWzH5lGDLaGyS8f+8=
27,-14,QzC1aXeDK2pcyRp6VvweDflCLHg=,lMEAxygvPqcWzH5lGDLaGyS8f+8=
28,-14,QzC1aXeDK2pcyRp6VvweDflCLHg=,lMEAxygvPqcWzH5lGDLaGyS8f+8=
29,-14,QzC1aXeDK2pcyRp6VvweDflCLHg=,lMEAxygvPqcWzH5lGDLaGyS8f+8=
20,-14,QzC1aXeDK2pcyRp6VvweDflCLHg=,3C/WN5ComkJMVnEw84cX+hvj1B4=
23,-10,QzC1aXeDK2pcyRp6VvweDflCLHg=,3C/WN5ComkJMVnEw84cX+hvj1B4=
30,-14,QzC1aXeDK2pcyRp6VvweDflCLHg=,lMEAxygvPqcWzH5lGDLaGyS8f+8=
19,-14,QzC1aXeDK2pcyRp6VvweDflCLHg=,3C/WN5ComkJMVnEw84cX+hvj1B4=
18,-14,QzC1aXeDK2pcyRp6VvweDflCLHg=,3C/WN5ComkJMVnEw84cX+hvj1B4=
17,-14,QzC1aXeDK2pcyRp6VvweDflCLHg=,3C/WN5ComkJMVnEw84cX+hvj1B4=
22,-14,QzC1aXeDK2pcyRp6VvweDflCLHg=,3C/WN5ComkJMVnEw84cX+hvj1B4=
24,-13,QzC1aXeDK2pcyRp6VvweDflCLHg=,lMEAxygvPqcWzH5lGDLaGyS8f+8=
21,-15,QzC1aXeDK2pcyRp6VvweDflCLHg=,3C/WN5ComkJMVnEw84cX+hvj1B4=
22,-15,QzC1aXeDK2pcyRp6VvweDflCLHg=,3C/WN5ComkJMVnEw84cX+hvj1B4=
20,-15,QzC1aXeDK2pcyRp6VvweDflCLHg=,3C/WN5ComkJMVnEw84cX+hvj1B4=
19,-15,QzC1aXeDK2pcyRp6VvweDflCLHg=,3C/WN5ComkJMVnEw84cX+hvj1B4=
18,-15,QzC1aXeDK2pcyRp6VvweDflCLHg=,3C/WN5ComkJMVnEw84cX+hvj1B4=
17,-15,QzC1aXeDK2pcyRp6VvweDflCLHg=,3C/WN5ComkJMVnEw84cX+hvj1B4=
22,-10,QzC1aXeDK2pcyRp6VvweDflCLHg=,3C/WN5ComkJMVnEw84cX+hvj1B4=
21,-10,QzC1aXeDK2pcyRp6VvweDflCLHg=,3C/WN5ComkJMVnEw84cX+hvj1B4=
20,-10,QzC1aXeDK2pcyRp6VvweDflCLHg=,3C/WN5ComkJMVnEw84cX+hvj1B4=
19,-10,QzC1aXeDK2pcyRp6VvweDflCLHg=,3C/WN5ComkJMVnEw84cX+hvj1B4=
18,-10,QzC1aXeDK2pcyRp6VvweDflCLHg=,3C/WN5ComkJMVnEw84cX+hvj1B4=
17,-10,QzC1aXeDK2pcyRp6VvweDflCLHg=,3C/WN5ComkJMVnEw84cX+hvj1B4=
22,-11,QzC1aXeDK2pcyRp6VvweDflCLHg=,3C/WN5ComkJMVnEw84cX+hvj1B4=
21,-11,QzC1aXeDK2pcyRp6VvweDflCLHg=,3C/WN5ComkJMVnEw84cX+hvj1B4=
23,-15,QzC1aXeDK2pcyRp6VvweDflCLHg=,3C/WN5ComkJMVnEw84cX+hvj1B4=
23,-12,QzC1aXeDK2pcyRp6VvweDflCLHg=,3C/WN5ComkJMVnEw84cX+hvj1B4=
30,-10,nw6zho6n0RGP2t0tZT1bLngpj9g=,lMEAxygvPqcWzH5lGDLaGyS8f+8=
25,-13,QzC1aXeDK2pcyRp6VvweDflCLHg=,lMEAxygvPqcWzH5lGDLaGyS8f+8=
29,-10,wUOmfK7jFP0eW77h7KXk+l+Bzl0=,lMEAxygvPqcWzH5lGDLaGyS8f+8=
28,-10,F5p9UmIeZ6TE0PEkbzVuf7Nc9XU=,lMEAxygvPqcWzH5lGDLaGyS8f+8=
26,-13,QzC1aXeDK2pcyRp6VvweDflCLHg=,lMEAxygvPqcWzH5lGDLaGyS8f+8=
27,-13,QzC1aXeDK2pcyRp6VvweDflCLHg=,lMEAxygvPqcWzH5lGDLaGyS8f+8=
28,-13,QzC1aXeDK2pcyRp6VvweDflCLHg=,lMEAxygvPqcWzH5lGDLaGyS8f+8=
29,-13,QzC1aXeDK2pcyRp6VvweDflCLHg=,lMEAxygvPqcWzH5lGDLaGyS8f+8=
30,-13,QzC1aXeDK2pcyRp6VvweDflCLHg=,lMEAxygvPqcWzH5lGDLaGyS8f+8=
27,-10,TNKGQNYzlKwf5k8yLoWMo8xat/k=,lMEAxygvPqcWzH5lGDLaGyS8f+8=
26,-10,F5p9UmIeZ6TE0PEkbzVuf7Nc9XU=,lMEAxygvPqcWzH5lGDLaGyS8f+8=
17,-13,QzC1aXeDK2pcyRp6VvweDflCLHg=,3C/WN5ComkJMVnEw84cX+hvj1B4=
25,-10,PeYNI+BpnOYearg42LZwlMH9qjU=,lMEAxygvPqcWzH5lGDLaGyS8f+8=
24,-10,QzC1aXeDK2pcyRp6VvweDflCLHg=,lMEAxygvPqcWzH5lGDLaGyS8f+8=
29,-11,QzC1aXeDK2pcyRp6VvweDflCLHg=,lMEAxygvPqcWzH5lGDLaGyS8f+8=
28,-11,QzC1aXeDK2pcyRp6VvweDflCLHg=,lMEAxygvPqcWzH5lGDLaGyS8f+8=
27,-11,QzC1aXeDK2pcyRp6VvweDflCLHg=,lMEAxygvPqcWzH5lGDLaGyS8f+8=
30,-11,QzC1aXeDK2pcyRp6VvweDflCLHg=,lMEAxygvPqcWzH5lGDLaGyS8f+8=
24,-12,QzC1aXeDK2pcyRp6VvweDflCLHg=,lMEAxygvPqcWzH5lGDLaGyS8f+8=
25,-12,QzC1aXeDK2pcyRp6VvweDflCLHg=,lMEAxygvPqcWzH5lGDLaGyS8f+8=
26,-12,QzC1aXeDK2pcyRp6VvweDflCLHg=,lMEAxygvPqcWzH5lGDLaGyS8f+8=
23,-13,QzC1aXeDK2pcyRp6VvweDflCLHg=,3C/WN5ComkJMVnEw84cX+hvj1B4=
26,-11,QzC1aXeDK2pcyRp6VvweDflCLHg=,lMEAxygvPqcWzH5lGDLaGyS8f+8=
25,-11,QzC1aXeDK2pcyRp6VvweDflCLHg=,lMEAxygvPqcWzH5lGDLaGyS8f+8=
30,-12,QzC1aXeDK2pcyRp6VvweDflCLHg=,lMEAxygvPqcWzH5lGDLaGyS8f+8=
29,-12,QzC1aXeDK2pcyRp6VvweDflCLHg=,lMEAxygvPqcWzH5lGDLaGyS8f+8=
28,-12,QzC1aXeDK2pcyRp6VvweDflCLHg=,lMEAxygvPqcWzH5lGDLaGyS8f+8=
27,-12,QzC1aXeDK2pcyRp6VvweDflCLHg=,lMEAxygvPqcWzH5lGDLaGyS8f+8=
24,-11,QzC1aXeDK2pcyRp6VvweDflCLHg=,lMEAxygvPqcWzH5lGDLaGyS8f+8=
23,-14,QzC1aXeDK2pcyRp6VvweDflCLHg=,3C/WN5ComkJMVnEw84cX+hvj1B4=
31,-15,QzC1aXeDK2pcyRp6VvweDflCLHg=,lMEAxygvPqcWzH5lGDLaGyS8f+8=
31,-14,QzC1aXeDK2pcyRp6VvweDflCLHg=,lMEAxygvPqcWzH5lGDLaGyS8f+8=
31,-13,QzC1aXeDK2pcyRp6VvweDflCLHg=,lMEAxygvPqcWzH5lGDLaGyS8f+8=
31,-12,QzC1aXeDK2pcyRp6VvweDflCLHg=,lMEAxygvPqcWzH5lGDLaGyS8f+8=
31,-11,QzC1aXeDK2pcyRp6VvweDflCLHg=,lMEAxygvPqcWzH5lGDLaGyS8f+8=
31,-10,QzC1aXeDK2pcyRp6VvweDflCLHg=,lMEAxygvPqcWzH5lGDLaGyS8f+8=
17,-16,QzC1aXeDK2pcyRp6VvweDflCLHg=,3C/WN5ComkJMVnEw84cX+hvj1B4=
18,-16,QzC1aXeDK2pcyRp6VvweDflCLHg=,3C/WN5ComkJMVnEw84cX+hvj1B4=
19,-16,QzC1aXeDK2pcyRp6VvweDflCLHg=,3C/WN5ComkJMVnEw84cX+hvj1B4=
20,-16,QzC1aXeDK2pcyRp6VvweDflCLHg=,3C/WN5ComkJMVnEw84cX+hvj1B4=
21,-16,QzC1aXeDK2pcyRp6VvweDflCLHg=,3C/WN5ComkJMVnEw84cX+hvj1B4=
22,-16,QzC1aXeDK2pcyRp6VvweDflCLHg=,3C/WN5ComkJMVnEw84cX+hvj1B4=
16,-16,QzC1aXeDK2pcyRp6VvweDflCLHg=,3C/WN5ComkJMVnEw84cX+hvj1B4=
16,-10,QzC1aXeDK2pcyRp6VvweDflCLHg=,3C/WN5ComkJMVnEw84cX+hvj1B4=
16,-15,QzC1aXeDK2pcyRp6VvweDflCLHg=,3C/WN5ComkJMVnEw84cX+hvj1B4=
16,-14,QzC1aXeDK2pcyRp6VvweDflCLHg=,3C/WN5ComkJMVnEw84cX+hvj1B4=
16,-13,QzC1aXeDK2pcyRp6VvweDflCLHg=,3C/WN5ComkJMVnEw84cX+hvj1B4=
16,-12,QzC1aXeDK2pcyRp6VvweDflCLHg=,3C/WN5ComkJMVnEw84cX+hvj1B4=
16,-11,QzC1aXeDK2pcyRp6VvweDflCLHg=,3C/WN5ComkJMVnEw84cX+hvj1B4=
24,-16,QzC1aXeDK2pcyRp6VvweDflCLHg=,lMEAxygvPqcWzH5lGDLaGyS8f+8=
25,-16,QzC1aXeDK2pcyRp6VvweDflCLHg=,lMEAxygvPqcWzH5lGDLaGyS8f+8=
26,-16,QzC1aXeDK2pcyRp6VvweDflCLHg=,lMEAxygvPqcWzH5lGDLaGyS8f+8=
27,-16,QzC1aXeDK2pcyRp6VvweDflCLHg=,lMEAxygvPqcWzH5lGDLaGyS8f+8=
28,-16,QzC1aXeDK2pcyRp6VvweDflCLHg=,lMEAxygvPqcWzH5lGDLaGyS8f+8=
29,-16,QzC1aXeDK2pcyRp6VvweDflCLHg=,lMEAxygvPqcWzH5lGDLaGyS8f+8=
30,-16,QzC1aXeDK2pcyRp6VvweDflCLHg=,lMEAxygvPqcWzH5lGDLaGyS8f+8=
31,-16,QzC1aXeDK2pcyRp6VvweDflCLHg=,lMEAxygvPqcWzH5lGDLaGyS8f+8=
23,-16,QzC1aXeDK2pcyRp6VvweDflCLHg=,3C/WN5ComkJMVnEw84cX+hvj1B4=
22,-1,pRidzwW4DReOQQLg300WLQBT8v4=,mZzkEOA7x1SZiUQ3t/QzzL3h2mw=
21,-1,pRidzwW4DReOQQLg300WLQBT8v4=,mZzkEOA7x1SZiUQ3t/QzzL3h2mw=
20,-5,pRidzwW4DReOQQLg300WLQBT8v4=,mZzkEOA7x1SZiUQ3t/QzzL3h2mw=
19,-5,pRidzwW4DReOQQLg300WLQBT8v4=,mZzkEOA7x1SZiUQ3t/QzzL3h2mw=
21,-5,pRidzwW4DReOQQLg300WLQBT8v4=,mZzkEOA7x1SZiUQ3t/QzzL3h2mw=
20,-1,pRidzwW4DReOQQLg300WLQBT8v4=,mZzkEOA7x1SZiUQ3t/QzzL3h2mw=
18,-5,pRidzwW4DReOQQLg300WLQBT8v4=,mZzkEOA7x1SZiUQ3t/QzzL3h2mw=
22,-5,pRidzwW4DReOQQLg300WLQBT8v4=,mZzkEOA7x1SZiUQ3t/QzzL3h2mw=
16,-4,pRidzwW4DReOQQLg300WLQBT8v4=,mZzkEOA7x1SZiUQ3t/QzzL3h2mw=
17,-4,pRidzwW4DReOQQLg300WLQBT8v4=,mZzkEOA7x1SZiUQ3t/QzzL3h2mw=
18,-4,pRidzwW4DReOQQLg300WLQBT8v4=,mZzkEOA7x1SZiUQ3t/QzzL3h2mw=
19,-4,pRidzwW4DReOQQLg300WLQBT8v4=,mZzkEOA7x1SZiUQ3t/QzzL3h2mw=
19,-1,pRidzwW4DReOQQLg300WLQBT8v4=,mZzkEOA7x1SZiUQ3t/QzzL3h2mw=
17,-5,pRidzwW4DReOQQLg300WLQBT8v4=,mZzkEOA7x1SZiUQ3t/QzzL3h2mw=
16,-9,QzC1aXeDK2pcyRp6VvweDflCLHg=,3C/WN5ComkJMVnEw84cX+hvj1B4=
17,-9,QzC1aXeDK2pcyRp6VvweDflCLHg=,3C/WN5ComkJMVnEw84cX+hvj1B4=
18,-9,QzC1aXeDK2pcyRp6VvweDflCLHg=,3C/WN5ComkJMVnEw84cX+hvj1B4=
19,-9,QzC1aXeDK2pcyRp6VvweDflCLHg=,3C/WN5ComkJMVnEw84cX+hvj1B4=
20,-9,QzC1aXeDK2pcyRp6VvweDflCLHg=,3C/WN5ComkJMVnEw84cX+hvj1B4=
21,-9,QzC1aXeDK2pcyRp6VvweDflCLHg=,3C/WN5ComkJMVnEw84cX+hvj1B4=
18,-1,pRidzwW4DReOQQLg300WLQBT8v4=,mZzkEOA7x1SZiUQ3t/QzzL3h2mw=
16,-5,pRidzwW4DReOQQLg300WLQBT8v4=,mZzkEOA7x1SZiUQ3t/QzzL3h2mw=
20,-4,pRidzwW4DReOQQLg300WLQBT8v4=,mZzkEOA7x1SZiUQ3t/QzzL3h2mw=
22,-6,pRidzwW4DReOQQLg300WLQBT8v4=,mZzkEOA7x1SZiUQ3t/QzzL3h2mw=
21,-6,pRidzwW4DReOQQLg300WLQBT8v4=,mZzkEOA7x1SZiUQ3t/QzzL3h2mw=
21,-4,pRidzwW4DReOQQLg300WLQBT8v4=,mZzkEOA7x1SZiUQ3t/QzzL3h2mw=
17,-1,pRidzwW4DReOQQLg300WLQBT8v4=,mZzkEOA7x1SZiUQ3t/QzzL3h2mw=
20,-6,pRidzwW4DReOQQLg300WLQBT8v4=,mZzkEOA7x1SZiUQ3t/QzzL3h2mw=
22,-9,QzC1aXeDK2pcyRp6VvweDflCLHg=,3C/WN5ComkJMVnEw84cX+hvj1B4=
19,-6,pRidzwW4DReOQQLg300WLQBT8v4=,mZzkEOA7x1SZiUQ3t/QzzL3h2mw=
22,-4,pRidzwW4DReOQQLg300WLQBT8v4=,mZzkEOA7x1SZiUQ3t/QzzL3h2mw=
16,-1,pRidzwW4DReOQQLg300WLQBT8v4=,mZzkEOA7x1SZiUQ3t/QzzL3h2mw=
16,-3,pRidzwW4DReOQQLg300WLQBT8v4=,mZzkEOA7x1SZiUQ3t/QzzL3h2mw=
18,-6,pRidzwW4DReOQQLg300WLQBT8v4=,mZzkEOA7x1SZiUQ3t/QzzL3h2mw=
17,-6,pRidzwW4DReOQQLg300WLQBT8v4=,mZzkEOA7x1SZiUQ3t/QzzL3h2mw=
16,-8,pRidzwW4DReOQQLg300WLQBT8v4=,mZzkEOA7x1SZiUQ3t/QzzL3h2mw=
17,-3,pRidzwW4DReOQQLg300WLQBT8v4=,mZzkEOA7x1SZiUQ3t/QzzL3h2mw=
18,-3,pRidzwW4DReOQQLg300WLQBT8v4=,mZzkEOA7x1SZiUQ3t/QzzL3h2mw=
22,-7,pRidzwW4DReOQQLg300WLQBT8v4=,mZzkEOA7x1SZiUQ3t/QzzL3h2mw=
19,-3,pRidzwW4DReOQQLg300WLQBT8v4=,mZzkEOA7x1SZiUQ3t/QzzL3h2mw=
21,-7,pRidzwW4DReOQQLg300WLQBT8v4=,mZzkEOA7x1SZiUQ3t/QzzL3h2mw=
16,-6,pRidzwW4DReOQQLg300WLQBT8v4=,mZzkEOA7x1SZiUQ3t/QzzL3h2mw=
20,-3,pRidzwW4DReOQQLg300WLQBT8v4=,mZzkEOA7x1SZiUQ3t/QzzL3h2mw=
19,-7,pRidzwW4DReOQQLg300WLQBT8v4=,mZzkEOA7x1SZiUQ3t/QzzL3h2mw=
20,-7,pRidzwW4DReOQQLg300WLQBT8v4=,mZzkEOA7x1SZiUQ3t/QzzL3h2mw=
18,-7,pRidzwW4DReOQQLg300WLQBT8v4=,mZzkEOA7x1SZiUQ3t/QzzL3h2mw=
17,-8,pRidzwW4DReOQQLg300WLQBT8v4=,mZzkEOA7x1SZiUQ3t/QzzL3h2mw=
17,-7,pRidzwW4DReOQQLg300WLQBT8v4=,mZzkEOA7x1SZiUQ3t/QzzL3h2mw=
16,-7,pRidzwW4DReOQQLg300WLQBT8v4=,mZzkEOA7x1SZiUQ3t/QzzL3h2mw=
21,-3,pRidzwW4DReOQQLg300WLQBT8v4=,mZzkEOA7x1SZiUQ3t/QzzL3h2mw=
22,-2,pRidzwW4DReOQQLg300WLQBT8v4=,mZzkEOA7x1SZiUQ3t/QzzL3h2mw=
21,-2,pRidzwW4DReOQQLg300WLQBT8v4=,mZzkEOA7x1SZiUQ3t/QzzL3h2mw=
22,-8,pRidzwW4DReOQQLg300WLQBT8v4=,mZzkEOA7x1SZiUQ3t/QzzL3h2mw=
22,-3,pRidzwW4DReOQQLg300WLQBT8v4=,mZzkEOA7x1SZiUQ3t/QzzL3h2mw=
20,-2,pRidzwW4DReOQQLg300WLQBT8v4=,mZzkEOA7x1SZiUQ3t/QzzL3h2mw=
18,-8,pRidzwW4DReOQQLg300WLQBT8v4=,mZzkEOA7x1SZiUQ3t/QzzL3h2mw=
16,-2,pRidzwW4DReOQQLg300WLQBT8v4=,mZzkEOA7x1SZiUQ3t/QzzL3h2mw=
17,-2,pRidzwW4DReOQQLg300WLQBT8v4=,mZzkEOA7x1SZiUQ3t/QzzL3h2mw=
21,-8,pRidzwW4DReOQQLg300WLQBT8v4=,mZzkEOA7x1SZiUQ3t/QzzL3h2mw=
20,-8,pRidzwW4DReOQQLg300WLQBT8v4=,mZzkEOA7x1SZiUQ3t/QzzL3h2mw=
18,-2,pRidzwW4DReOQQLg300WLQBT8v4=,mZzkEOA7x1SZiUQ3t/QzzL3h2mw=
19,-8,pRidzwW4DReOQQLg300WLQBT8v4=,mZzkEOA7x1SZiUQ3t/QzzL3h2mw=
23,-1,pRidzwW4DReOQQLg300WLQBT8v4=,mZzkEOA7x1SZiUQ3t/QzzL3h2mw=
19,-2,pRidzwW4DReOQQLg300WLQBT8v4=,mZzkEOA7x1SZiUQ3t/QzzL3h2mw=
27,-6,QzC1aXeDK2pcyRp6VvweDflCLHg=,RntRbtK1xU/CefIiJ0j0KWVC1Oo=
28,-1,QzC1aXeDK2pcyRp6VvweDflCLHg=,RntRbtK1xU/CefIiJ0j0KWVC1Oo=
27,-9,QzC1aXeDK2pcyRp6VvweDflCLHg=,lMEAxygvPqcWzH5lGDLaGyS8f+8=
27,-2,QzC1aXeDK2pcyRp6VvweDflCLHg=,RntRbtK1xU/CefIiJ0j0KWVC1Oo=
24,-8,QzC1aXeDK2pcyRp6VvweDflCLHg=,RntRbtK1xU/CefIiJ0j0KWVC1Oo=
29,-2,QzC1aXeDK2pcyRp6VvweDflCLHg=,RntRbtK1xU/CefIiJ0j0KWVC1Oo=
28,-2,QzC1aXeDK2pcyRp6VvweDflCLHg=,RntRbtK1xU/CefIiJ0j0KWVC1Oo=
29,-1,QzC1aXeDK2pcyRp6VvweDflCLHg=,RntRbtK1xU/CefIiJ0j0KWVC1Oo=
27,-1,QzC1aXeDK2pcyRp6VvweDflCLHg=,RntRbtK1xU/CefIiJ0j0KWVC1Oo=
26,-9,QzC1aXeDK2pcyRp6VvweDflCLHg=,lMEAxygvPqcWzH5lGDLaGyS8f+8=
24,-9,QzC1aXeDK2pcyRp6VvweDflCLHg=,lMEAxygvPqcWzH5lGDLaGyS8f+8=
26,-6,QzC1aXeDK2pcyRp6VvweDflCLHg=,RntRbtK1xU/CefIiJ0j0KWVC1Oo=
26,-1,QzC1aXeDK2pcyRp6VvweDflCLHg=,RntRbtK1xU/CefIiJ0j0KWVC1Oo=
30,-1,QzC1aXeDK2pcyRp6VvweDflCLHg=,RntRbtK1xU/CefIiJ0j0KWVC1Oo=
25,-9,QzC1aXeDK2pcyRp6VvweDflCLHg=,lMEAxygvPqcWzH5lGDLaGyS8f+8=
23,-6,pRidzwW4DReOQQLg300WLQBT8v4=,mZzkEOA7x1SZiUQ3t/QzzL3h2mw=
25,-1,QzC1aXeDK2pcyRp6VvweDflCLHg=,RntRbtK1xU/CefIiJ0j0KWVC1Oo=
23,-7,pRidzwW4DReOQQLg300WLQBT8v4=,mZzkEOA7x1SZiUQ3t/QzzL3h2mw=
23,-2,pRidzwW4DReOQQLg300WLQBT8v4=,mZzkEOA7x1SZiUQ3t/QzzL3h2mw=
25,-3,QzC1aXeDK2pcyRp6VvweDflCLHg=,RntRbtK1xU/CefIiJ0j0KWVC1Oo=
31,-3,QzC1aXeDK2pcyRp6VvweDflCLHg=,RntRbtK1xU/CefIiJ0j0KWVC1Oo=
31,-1,QzC1aXeDK2pcyRp6VvweDflCLHg=,RntRbtK1xU/CefIiJ0j0KWVC1Oo=
23,-8,pRidzwW4DReOQQLg300WLQBT8v4=,mZzkEOA7x1SZiUQ3t/QzzL3h2mw=
25,-6,QzC1aXeDK2pcyRp6VvweDflCLHg=,RntRbtK1xU/CefIiJ0j0KWVC1Oo=
26,-4,QzC1aXeDK2pcyRp6VvweDflCLHg=,RntRbtK1xU/CefIiJ0j0KWVC1Oo=
25,-4,QzC1aXeDK2pcyRp6VvweDflCLHg=,RntRbtK1xU/CefIiJ0j0KWVC1Oo=
27,-5,QzC1aXeDK2pcyRp6VvweDflCLHg=,RntRbtK1xU/CefIiJ0j0KWVC1Oo=
24,-2,QzC1aXeDK2pcyRp6VvweDflCLHg=,RntRbtK1xU/CefIiJ0j0KWVC1Oo=
25,-2,QzC1aXeDK2pcyRp6VvweDflCLHg=,RntRbtK1xU/CefIiJ0j0KWVC1Oo=
24,-3,QzC1aXeDK2pcyRp6VvweDflCLHg=,RntRbtK1xU/CefIiJ0j0KWVC1Oo=
28,-9,QzC1aXeDK2pcyRp6VvweDflCLHg=,lMEAxygvPqcWzH5lGDLaGyS8f+8=
29,-9,QzC1aXeDK2pcyRp6VvweDflCLHg=,lMEAxygvPqcWzH5lGDLaGyS8f+8=
30,-9,QzC1aXeDK2pcyRp6VvweDflCLHg=,lMEAxygvPqcWzH5lGDLaGyS8f+8=
27,-7,QzC1aXeDK2pcyRp6VvweDflCLHg=,RntRbtK1xU/CefIiJ0j0KWVC1Oo=
30,-3,QzC1aXeDK2pcyRp6VvweDflCLHg=,RntRbtK1xU/CefIiJ0j0KWVC1Oo=
23,-3,pRidzwW4DReOQQLg300WLQBT8v4=,mZzkEOA7x1SZiUQ3t/QzzL3h2mw=
26,-5,QzC1aXeDK2pcyRp6VvweDflCLHg=,RntRbtK1xU/CefIiJ0j0KWVC1Oo=
28,-7,QzC1aXeDK2pcyRp6VvweDflCLHg=,RntRbtK1xU/CefIiJ0j0KWVC1Oo=
24,-5,QzC1aXeDK2pcyRp6VvweDflCLHg=,RntRbtK1xU/CefIiJ0j0KWVC1Oo=
26,-2,QzC1aXeDK2pcyRp6VvweDflCLHg=,RntRbtK1xU/CefIiJ0j0KWVC1Oo=
29,-6,QzC1aXeDK2pcyRp6VvweDflCLHg=,RntRbtK1xU/CefIiJ0j0KWVC1Oo=
24,-1,QzC1aXeDK2pcyRp6VvweDflCLHg=,RntRbtK1xU/CefIiJ0j0KWVC1Oo=
30,-6,QzC1aXeDK2pcyRp6VvweDflCLHg=,RntRbtK1xU/CefIiJ0j0KWVC1Oo=
31,-6,QzC1aXeDK2pcyRp6VvweDflCLHg=,RntRbtK1xU/CefIiJ0j0KWVC1Oo=
25,-5,QzC1aXeDK2pcyRp6VvweDflCLHg=,RntRbtK1xU/CefIiJ0j0KWVC1Oo=
27,-8,QzC1aXeDK2pcyRp6VvweDflCLHg=,RntRbtK1xU/CefIiJ0j0KWVC1Oo=
28,-5,QzC1aXeDK2pcyRp6VvweDflCLHg=,RntRbtK1xU/CefIiJ0j0KWVC1Oo=
24,-7,QzC1aXeDK2pcyRp6VvweDflCLHg=,RntRbtK1xU/CefIiJ0j0KWVC1Oo=
25,-7,QzC1aXeDK2pcyRp6VvweDflCLHg=,RntRbtK1xU/CefIiJ0j0KWVC1Oo=
26,-7,QzC1aXeDK2pcyRp6VvweDflCLHg=,RntRbtK1xU/CefIiJ0j0KWVC1Oo=
26,-8,QzC1aXeDK2pcyRp6VvweDflCLHg=,RntRbtK1xU/CefIiJ0j0KWVC1Oo=
29,-5,QzC1aXeDK2pcyRp6VvweDflCLHg=,RntRbtK1xU/CefIiJ0j0KWVC1Oo=
23,-9,QzC1aXeDK2pcyRp6VvweDflCLHg=,3C/WN5ComkJMVnEw84cX+hvj1B4=
31,-4,QzC1aXeDK2pcyRp6VvweDflCLHg=,RntRbtK1xU/CefIiJ0j0KWVC1Oo=
30,-4,QzC1aXeDK2pcyRp6VvweDflCLHg=,RntRbtK1xU/CefIiJ0j0KWVC1Oo=
28,-6,QzC1aXeDK2pcyRp6VvweDflCLHg=,RntRbtK1xU/CefIiJ0j0KWVC1Oo=
30,-5,QzC1aXeDK2pcyRp6VvweDflCLHg=,RntRbtK1xU/CefIiJ0j0KWVC1Oo=
31,-9,QzC1aXeDK2pcyRp6VvweDflCLHg=,lMEAxygvPqcWzH5lGDLaGyS8f+8=
23,-4,pRidzwW4DReOQQLg300WLQBT8v4=,mZzkEOA7x1SZiUQ3t/QzzL3h2mw=
24,-6,QzC1aXeDK2pcyRp6VvweDflCLHg=,RntRbtK1xU/CefIiJ0j0KWVC1Oo=
31,-8,QzC1aXeDK2pcyRp6VvweDflCLHg=,RntRbtK1xU/CefIiJ0j0KWVC1Oo=
28,-4,QzC1aXeDK2pcyRp6VvweDflCLHg=,RntRbtK1xU/CefIiJ0j0KWVC1Oo=
30,-8,QzC1aXeDK2pcyRp6VvweDflCLHg=,RntRbtK1xU/CefIiJ0j0KWVC1Oo=
29,-8,QzC1aXeDK2pcyRp6VvweDflCLHg=,RntRbtK1xU/CefIiJ0j0KWVC1Oo=
25,-8,QzC1aXeDK2pcyRp6VvweDflCLHg=,RntRbtK1xU/CefIiJ0j0KWVC1Oo=
28,-8,QzC1aXeDK2pcyRp6VvweDflCLHg=,RntRbtK1xU/CefIiJ0j0KWVC1Oo=
29,-4,QzC1aXeDK2pcyRp6VvweDflCLHg=,RntRbtK1xU/CefIiJ0j0KWVC1Oo=
23,-5,pRidzwW4DReOQQLg300WLQBT8v4=,mZzkEOA7x1SZiUQ3t/QzzL3h2mw=
26,-3,QzC1aXeDK2pcyRp6VvweDflCLHg=,RntRbtK1xU/CefIiJ0j0KWVC1Oo=
29,-3,QzC1aXeDK2pcyRp6VvweDflCLHg=,RntRbtK1xU/CefIiJ0j0KWVC1Oo=
27,-4,QzC1aXeDK2pcyRp6VvweDflCLHg=,RntRbtK1xU/CefIiJ0j0KWVC1Oo=
30,-7,QzC1aXeDK2pcyRp6VvweDflCLHg=,RntRbtK1xU/CefIiJ0j0KWVC1Oo=
31,-7,QzC1aXeDK2pcyRp6VvweDflCLHg=,RntRbtK1xU/CefIiJ0j0KWVC1Oo=
31,-5,QzC1aXeDK2pcyRp6VvweDflCLHg=,RntRbtK1xU/CefIiJ0j0KWVC1Oo=
28,-3,QzC1aXeDK2pcyRp6VvweDflCLHg=,RntRbtK1xU/CefIiJ0j0KWVC1Oo=
29,-7,QzC1aXeDK2pcyRp6VvweDflCLHg=,RntRbtK1xU/CefIiJ0j0KWVC1Oo=
24,-4,QzC1aXeDK2pcyRp6VvweDflCLHg=,RntRbtK1xU/CefIiJ0j0KWVC1Oo=
27,-3,QzC1aXeDK2pcyRp6VvweDflCLHg=,RntRbtK1xU/CefIiJ0j0KWVC1Oo=
31,-2,QzC1aXeDK2pcyRp6VvweDflCLHg=,RntRbtK1xU/CefIiJ0j0KWVC1Oo=
30,-2,QzC1aXeDK2pcyRp6VvweDflCLHg=,RntRbtK1xU/CefIiJ0j0KWVC1Oo=
25,-20,zxrrP7072+ZxfYpQScnzyJbAKPw=,Jixbt9AZiNgaA9jhrodvbn0Wyq8=
25,-17,zxrrP7072+ZxfYpQScnzyJbAKPw=,Jixbt9AZiNgaA9jhrodvbn0Wyq8=
30,-19,zxrrP7072+ZxfYpQScnzyJbAKPw=,Jixbt9AZiNgaA9jhrodvbn0Wyq8=
26,-17,zxrrP7072+ZxfYpQScnzyJbAKPw=,Jixbt9AZiNgaA9jhrodvbn0Wyq8=
24,-17,zxrrP7072+ZxfYpQScnzyJbAKPw=,Jixbt9AZiNgaA9jhrodvbn0Wyq8=
28,-18,zxrrP7072+ZxfYpQScnzyJbAKPw=,Jixbt9AZiNgaA9jhrodvbn0Wyq8=
29,-19,zxrrP7072+ZxfYpQScnzyJbAKPw=,Jixbt9AZiNgaA9jhrodvbn0Wyq8=
27,-17,zxrrP7072+ZxfYpQScnzyJbAKPw=,Jixbt9AZiNgaA9jhrodvbn0Wyq8=
25,-21,zxrrP7072+ZxfYpQScnzyJbAKPw=,Jixbt9AZiNgaA9jhrodvbn0Wyq8=
27,-18,zxrrP7072+ZxfYpQScnzyJbAKPw=,Jixbt9AZiNgaA9jhrodvbn0Wyq8=
25,-22,zxrrP7072+ZxfYpQScnzyJbAKPw=,Jixbt9AZiNgaA9jhrodvbn0Wyq8=
31,-20,zxrrP7072+ZxfYpQScnzyJbAKPw=,Jixbt9AZiNgaA9jhrodvbn0Wyq8=
28,-19,zxrrP7072+ZxfYpQScnzyJbAKPw=,Jixbt9AZiNgaA9jhrodvbn0Wyq8=
26,-18,zxrrP7072+ZxfYpQScnzyJbAKPw=,Jixbt9AZiNgaA9jhrodvbn0Wyq8=
24,-21,zxrrP7072+ZxfYpQScnzyJbAKPw=,Jixbt9AZiNgaA9jhrodvbn0Wyq8=
24,-20,zxrrP7072+ZxfYpQScnzyJbAKPw=,Jixbt9AZiNgaA9jhrodvbn0Wyq8=
27,-19,zxrrP7072+ZxfYpQScnzyJbAKPw=,Jixbt9AZiNgaA9jhrodvbn0Wyq8=
26,-19,zxrrP7072+ZxfYpQScnzyJbAKPw=,Jixbt9AZiNgaA9jhrodvbn0Wyq8=
30,-20,zxrrP7072+ZxfYpQScnzyJbAKPw=,Jixbt9AZiNgaA9jhrodvbn0Wyq8=
31,-22,zxrrP7072+ZxfYpQScnzyJbAKPw=,Jixbt9AZiNgaA9jhrodvbn0Wyq8=
25,-18,zxrrP7072+ZxfYpQScnzyJbAKPw=,Jixbt9AZiNgaA9jhrodvbn0Wyq8=
29,-20,zxrrP7072+ZxfYpQScnzyJbAKPw=,Jixbt9AZiNgaA9jhrodvbn0Wyq8=
31,-21,zxrrP7072+ZxfYpQScnzyJbAKPw=,Jixbt9AZiNgaA9jhrodvbn0Wyq8=
30,-21,zxrrP7072+ZxfYpQScnzyJbAKPw=,Jixbt9AZiNgaA9jhrodvbn0Wyq8=
25,-19,zxrrP7072+ZxfYpQScnzyJbAKPw=,Jixbt9AZiNgaA9jhrodvbn0Wyq8=
30,-22,zxrrP7072+ZxfYpQScnzyJbAKPw=,Jixbt9AZiNgaA9jhrodvbn0Wyq8=
29,-22,zxrrP7072+ZxfYpQScnzyJbAKPw=,Jixbt9AZiNgaA9jhrodvbn0Wyq8=
28,-20,zxrrP7072+ZxfYpQScnzyJbAKPw=,Jixbt9AZiNgaA9jhrodvbn0Wyq8=
29,-21,zxrrP7072+ZxfYpQScnzyJbAKPw=,Jixbt9AZiNgaA9jhrodvbn0Wyq8=
28,-22,zxrrP7072+ZxfYpQScnzyJbAKPw=,Jixbt9AZiNgaA9jhrodvbn0Wyq8=
28,-21,zxrrP7072+ZxfYpQScnzyJbAKPw=,Jixbt9AZiNgaA9jhrodvbn0Wyq8=
27,-20,zxrrP7072+ZxfYpQScnzyJbAKPw=,Jixbt9AZiNgaA9jhrodvbn0Wyq8=
27,-21,zxrrP7072+ZxfYpQScnzyJbAKPw=,Jixbt9AZiNgaA9jhrodvbn0Wyq8=
24,-23,zxrrP7072+ZxfYpQScnzyJbAKPw=,Jixbt9AZiNgaA9jhrodvbn0Wyq8=
27,-22,zxrrP7072+ZxfYpQScnzyJbAKPw=,Jixbt9AZiNgaA9jhrodvbn0Wyq8=
24,-22,zxrrP7072+ZxfYpQScnzyJbAKPw=,Jixbt9AZiNgaA9jhrodvbn0Wyq8=
31,-23,zxrrP7072+ZxfYpQScnzyJbAKPw=,Jixbt9AZiNgaA9jhrodvbn0Wyq8=
30,-23,zxrrP7072+ZxfYpQScnzyJbAKPw=,Jixbt9AZiNgaA9jhrodvbn0Wyq8=
24,-19,zxrrP7072+ZxfYpQScnzyJbAKPw=,Jixbt9AZiNgaA9jhrodvbn0Wyq8=
26,-21,zxrrP7072+ZxfYpQScnzyJbAKPw=,Jixbt9AZiNgaA9jhrodvbn0Wyq8=
29,-23,zxrrP7072+ZxfYpQScnzyJbAKPw=,Jixbt9AZiNgaA9jhrodvbn0Wyq8=
26,-20,zxrrP7072+ZxfYpQScnzyJbAKPw=,Jixbt9AZiNgaA9jhrodvbn0Wyq8=
29,-18,zxrrP7072+ZxfYpQScnzyJbAKPw=,Jixbt9AZiNgaA9jhrodvbn0Wyq8=
28,-23,zxrrP7072+ZxfYpQScnzyJbAKPw=,Jixbt9AZiNgaA9jhrodvbn0Wyq8=
24,-24,zxrrP7072+ZxfYpQScnzyJbAKPw=,Jixbt9AZiNgaA9jhrodvbn0Wyq8=
27,-23,zxrrP7072+ZxfYpQScnzyJbAKPw=,Jixbt9AZiNgaA9jhrodvbn0Wyq8=
26,-23,zxrrP7072+ZxfYpQScnzyJbAKPw=,Jixbt9AZiNgaA9jhrodvbn0Wyq8=
26,-22,zxrrP7072+ZxfYpQScnzyJbAKPw=,Jixbt9AZiNgaA9jhrodvbn0Wyq8=
31,-24,zxrrP7072+ZxfYpQScnzyJbAKPw=,Jixbt9AZiNgaA9jhrodvbn0Wyq8=
30,-24,zxrrP7072+ZxfYpQScnzyJbAKPw=,Jixbt9AZiNgaA9jhrodvbn0Wyq8=
29,-24,zxrrP7072+ZxfYpQScnzyJbAKPw=,Jixbt9AZiNgaA9jhrodvbn0Wyq8=
28,-24,zxrrP7072+ZxfYpQScnzyJbAKPw=,Jixbt9AZiNgaA9jhrodvbn0Wyq8=
27,-24,zxrrP7072+ZxfYpQScnzyJbAKPw=,Jixbt9AZiNgaA9jhrodvbn0Wyq8=
26,-24,zxrrP7072+ZxfYpQScnzyJbAKPw=,Jixbt9AZiNgaA9jhrodvbn0Wyq8=
31,-17,zxrrP7072+ZxfYpQScnzyJbAKPw=,Jixbt9AZiNgaA9jhrodvbn0Wyq8=
31,-18,zxrrP7072+ZxfYpQScnzyJbAKPw=,Jixbt9AZiNgaA9jhrodvbn0Wyq8=
29,-17,zxrrP7072+ZxfYpQScnzyJbAKPw=,Jixbt9AZiNgaA9jhrodvbn0Wyq8=
25,-24,zxrrP7072+ZxfYpQScnzyJbAKPw=,Jixbt9AZiNgaA9jhrodvbn0Wyq8=
25,-23,zxrrP7072+ZxfYpQScnzyJbAKPw=,Jixbt9AZiNgaA9jhrodvbn0Wyq8=
24,-18,zxrrP7072+ZxfYpQScnzyJbAKPw=,Jixbt9AZiNgaA9jhrodvbn0Wyq8=
30,-17,zxrrP7072+ZxfYpQScnzyJbAKPw=,Jixbt9AZiNgaA9jhrodvbn0Wyq8=
31,-19,zxrrP7072+ZxfYpQScnzyJbAKPw=,Jixbt9AZiNgaA9jhrodvbn0Wyq8=
30,-18,zxrrP7072+ZxfYpQScnzyJbAKPw=,Jixbt9AZiNgaA9jhrodvbn0Wyq8=
28,-17,zxrrP7072+ZxfYpQScnzyJbAKPw=,Jixbt9AZiNgaA9jhrodvbn0Wyq8=
4,-29,SxY9jgoIfqHuCCyFvQut/+4ZM+U=,6ycuaULfwwy8m66sREb3g+Um9eM=
3,-29,SxY9jgoIfqHuCCyFvQut/+4ZM+U=,6ycuaULfwwy8m66sREb3g+Um9eM=
2,-29,SxY9jgoIfqHuCCyFvQut/+4ZM+U=,6ycuaULfwwy8m66sREb3g+Um9eM=
1,-29,SxY9jgoIfqHuCCyFvQut/+4ZM+U=,6ycuaULfwwy8m66sREb3g+Um9eM=
6,-30,SxY9jgoIfqHuCCyFvQut/+4ZM+U=,6ycuaULfwwy8m66sREb3g+Um9eM=
5,-30,SxY9jgoIfqHuCCyFvQut/+4ZM+U=,6ycuaULfwwy8m66sREb3g+Um9eM=
4,-30,SxY9jgoIfqHuCCyFvQut/+4ZM+U=,6ycuaULfwwy8m66sREb3g+Um9eM=
3,-30,SxY9jgoIfqHuCCyFvQut/+4ZM+U=,6ycuaULfwwy8m66sREb3g+Um9eM=
2,-30,SxY9jgoIfqHuCCyFvQut/+4ZM+U=,6ycuaULfwwy8m66sREb3g+Um9eM=
1,-30,SxY9jgoIfqHuCCyFvQut/+4ZM+U=,6ycuaULfwwy8m66sREb3g+Um9eM=
6,-31,SxY9jgoIfqHuCCyFvQut/+4ZM+U=,6ycuaULfwwy8m66sREb3g+Um9eM=
5,-31,SxY9jgoIfqHuCCyFvQut/+4ZM+U=,6ycuaULfwwy8m66sREb3g+Um9eM=
4,-31,SxY9jgoIfqHuCCyFvQut/+4ZM+U=,6ycuaULfwwy8m66sREb3g+Um9eM=
3,-31,SxY9jgoIfqHuCCyFvQut/+4ZM+U=,6ycuaULfwwy8m66sREb3g+Um9eM=
2,-31,SxY9jgoIfqHuCCyFvQut/+4ZM+U=,6ycuaULfwwy8m66sREb3g+Um9eM=
1,-31,SxY9jgoIfqHuCCyFvQut/+4ZM+U=,6ycuaULfwwy8m66sREb3g+Um9eM=
6,-26,SxY9jgoIfqHuCCyFvQut/+4ZM+U=,6ycuaULfwwy8m66sREb3g+Um9eM=
5,-26,SxY9jgoIfqHuCCyFvQut/+4ZM+U=,6ycuaULfwwy8m66sREb3g+Um9eM=
4,-26,SxY9jgoIfqHuCCyFvQut/+4ZM+U=,6ycuaULfwwy8m66sREb3g+Um9eM=
3,-26,SxY9jgoIfqHuCCyFvQut/+4ZM+U=,6ycuaULfwwy8m66sREb3g+Um9eM=
2,-26,SxY9jgoIfqHuCCyFvQut/+4ZM+U=,6ycuaULfwwy8m66sREb3g+Um9eM=
1,-26,SxY9jgoIfqHuCCyFvQut/+4ZM+U=,6ycuaULfwwy8m66sREb3g+Um9eM=
6,-27,SxY9jgoIfqHuCCyFvQut/+4ZM+U=,6ycuaULfwwy8m66sREb3g+Um9eM=
5,-27,SxY9jgoIfqHuCCyFvQut/+4ZM+U=,6ycuaULfwwy8m66sREb3g+Um9eM=
4,-27,SpFVXfmQepMOUdSWv3Y9RtvdFT0=,6ycuaULfwwy8m66sREb3g+Um9eM=
3,-27,a812scDhsottFAZDKSj2KjzK9ec=,6ycuaULfwwy8m66sREb3g+Um9eM=
2,-27,SpFVXfmQepMOUdSWv3Y9RtvdFT0=,6ycuaULfwwy8m66sREb3g+Um9eM=
1,-27,SpFVXfmQepMOUdSWv3Y9RtvdFT0=,6ycuaULfwwy8m66sREb3g+Um9eM=
6,-28,SxY9jgoIfqHuCCyFvQut/+4ZM+U=,6ycuaULfwwy8m66sREb3g+Um9eM=
5,-28,ZC34bxjn0BXw7blK2yVAjJjUKmo=,6ycuaULfwwy8m66sREb3g+Um9eM=
4,-28,CYTt18RjEnEqFLtPICEuwZX17xo=,6ycuaULfwwy8m66sREb3g+Um9eM=
3,-28,SxY9jgoIfqHuCCyFvQut/+4ZM+U=,6ycuaULfwwy8m66sREb3g+Um9eM=
2,-28,SxY9jgoIfqHuCCyFvQut/+4ZM+U=,6ycuaULfwwy8m66sREb3g+Um9eM=
1,-28,SxY9jgoIfqHuCCyFvQut/+4ZM+U=,6ycuaULfwwy8m66sREb3g+Um9eM=
6,-29,SxY9jgoIfqHuCCyFvQut/+4ZM+U=,6ycuaULfwwy8m66sREb3g+Um9eM=
5,-29,SxY9jgoIfqHuCCyFvQut/+4ZM+U=,6ycuaULfwwy8m66sREb3g+Um9eM=
12,-27,SxY9jgoIfqHuCCyFvQut/+4ZM+U=,Gl8SQLs5Y3D4nVLhU9Ka2H4s32U=
13,-27,SxY9jgoIfqHuCCyFvQut/+4ZM+U=,Gl8SQLs5Y3D4nVLhU9Ka2H4s32U=
14,-27,SxY9jgoIfqHuCCyFvQut/+4ZM+U=,Gl8SQLs5Y3D4nVLhU9Ka2H4s32U=
7,-29,SxY9jgoIfqHuCCyFvQut/+4ZM+U=,6ycuaULfwwy8m66sREb3g+Um9eM=
8,-26,SxY9jgoIfqHuCCyFvQut/+4ZM+U=,Gl8SQLs5Y3D4nVLhU9Ka2H4s32U=
9,-26,SxY9jgoIfqHuCCyFvQut/+4ZM+U=,Gl8SQLs5Y3D4nVLhU9Ka2H4s32U=
10,-26,SxY9jgoIfqHuCCyFvQut/+4ZM+U=,Gl8SQLs5Y3D4nVLhU9Ka2H4s32U=
7,-28,SxY9jgoIfqHuCCyFvQut/+4ZM+U=,6ycuaULfwwy8m66sREb3g+Um9eM=
11,-26,SxY9jgoIfqHuCCyFvQut/+4ZM+U=,Gl8SQLs5Y3D4nVLhU9Ka2H4s32U=
12,-26,SxY9jgoIfqHuCCyFvQut/+4ZM+U=,Gl8SQLs5Y3D4nVLhU9Ka2H4s32U=
13,-26,SxY9jgoIfqHuCCyFvQut/+4ZM+U=,Gl8SQLs5Y3D4nVLhU9Ka2H4s32U=
7,-27,SxY9jgoIfqHuCCyFvQut/+4ZM+U=,6ycuaULfwwy8m66sREb3g+Um9eM=
14,-26,SxY9jgoIfqHuCCyFvQut/+4ZM+U=,Gl8SQLs5Y3D4nVLhU9Ka2H4s32U=
9,-31,SxY9jgoIfqHuCCyFvQut/+4ZM+U=,Gl8SQLs5Y3D4nVLhU9Ka2H4s32U=
8,-31,SxY9jgoIfqHuCCyFvQut/+4ZM+U=,Gl8SQLs5Y3D4nVLhU9Ka2H4s32U=
10,-31,SxY9jgoIfqHuCCyFvQut/+4ZM+U=,Gl8SQLs5Y3D4nVLhU9Ka2H4s32U=
11,-31,SxY9jgoIfqHuCCyFvQut/+4ZM+U=,Gl8SQLs5Y3D4nVLhU9Ka2H4s32U=
12,-31,SxY9jgoIfqHuCCyFvQut/+4ZM+U=,Gl8SQLs5Y3D4nVLhU9Ka2H4s32U=
13,-31,SxY9jgoIfqHuCCyFvQut/+4ZM+U=,Gl8SQLs5Y3D4nVLhU9Ka2H4s32U=
14,-31,SxY9jgoIfqHuCCyFvQut/+4ZM+U=,Gl8SQLs5Y3D4nVLhU9Ka2H4s32U=
8,-30,SxY9jgoIfqHuCCyFvQut/+4ZM+U=,Gl8SQLs5Y3D4nVLhU9Ka2H4s32U=
9,-30,SxY9jgoIfqHuCCyFvQut/+4ZM+U=,Gl8SQLs5Y3D4nVLhU9Ka2H4s32U=
10,-30,SxY9jgoIfqHuCCyFvQut/+4ZM+U=,Gl8SQLs5Y3D4nVLhU9Ka2H4s32U=
11,-30,SxY9jgoIfqHuCCyFvQut/+4ZM+U=,Gl8SQLs5Y3D4nVLhU9Ka2H4s32U=
12,-30,SxY9jgoIfqHuCCyFvQut/+4ZM+U=,Gl8SQLs5Y3D4nVLhU9Ka2H4s32U=
13,-30,SxY9jgoIfqHuCCyFvQut/+4ZM+U=,Gl8SQLs5Y3D4nVLhU9Ka2H4s32U=
7,-26,SxY9jgoIfqHuCCyFvQut/+4ZM+U=,6ycuaULfwwy8m66sREb3g+Um9eM=
14,-30,SxY9jgoIfqHuCCyFvQut/+4ZM+U=,Gl8SQLs5Y3D4nVLhU9Ka2H4s32U=
7,-31,SxY9jgoIfqHuCCyFvQut/+4ZM+U=,6ycuaULfwwy8m66sREb3g+Um9eM=
8,-29,SxY9jgoIfqHuCCyFvQut/+4ZM+U=,Gl8SQLs5Y3D4nVLhU9Ka2H4s32U=
9,-29,SxY9jgoIfqHuCCyFvQut/+4ZM+U=,Gl8SQLs5Y3D4nVLhU9Ka2H4s32U=
10,-29,SxY9jgoIfqHuCCyFvQut/+4ZM+U=,Gl8SQLs5Y3D4nVLhU9Ka2H4s32U=
11,-29,SxY9jgoIfqHuCCyFvQut/+4ZM+U=,Gl8SQLs5Y3D4nVLhU9Ka2H4s32U=
12,-29,SxY9jgoIfqHuCCyFvQut/+4ZM+U=,Gl8SQLs5Y3D4nVLhU9Ka2H4s32U=
13,-29,SxY9jgoIfqHuCCyFvQut/+4ZM+U=,Gl8SQLs5Y3D4nVLhU9Ka2H4s32U=
14,-29,SxY9jgoIfqHuCCyFvQut/+4ZM+U=,Gl8SQLs5Y3D4nVLhU9Ka2H4s32U=
8,-28,SxY9jgoIfqHuCCyFvQut/+4ZM+U=,Gl8SQLs5Y3D4nVLhU9Ka2H4s32U=
9,-28,SxY9jgoIfqHuCCyFvQut/+4ZM+U=,Gl8SQLs5Y3D4nVLhU9Ka2H4s32U=
10,-28,SxY9jgoIfqHuCCyFvQut/+4ZM+U=,Gl8SQLs5Y3D4nVLhU9Ka2H4s32U=
11,-28,SxY9jgoIfqHuCCyFvQut/+4ZM+U=,Gl8SQLs5Y3D4nVLhU9Ka2H4s32U=
7,-30,SxY9jgoIfqHuCCyFvQut/+4ZM+U=,6ycuaULfwwy8m66sREb3g+Um9eM=
12,-28,SxY9jgoIfqHuCCyFvQut/+4ZM+U=,Gl8SQLs5Y3D4nVLhU9Ka2H4s32U=
13,-28,SxY9jgoIfqHuCCyFvQut/+4ZM+U=,Gl8SQLs5Y3D4nVLhU9Ka2H4s32U=
14,-28,SxY9jgoIfqHuCCyFvQut/+4ZM+U=,Gl8SQLs5Y3D4nVLhU9Ka2H4s32U=
8,-27,SxY9jgoIfqHuCCyFvQut/+4ZM+U=,Gl8SQLs5Y3D4nVLhU9Ka2H4s32U=
9,-27,SxY9jgoIfqHuCCyFvQut/+4ZM+U=,Gl8SQLs5Y3D4nVLhU9Ka2H4s32U=
10,-27,SxY9jgoIfqHuCCyFvQut/+4ZM+U=,Gl8SQLs5Y3D4nVLhU9Ka2H4s32U=
11,-27,SxY9jgoIfqHuCCyFvQut/+4ZM+U=,Gl8SQLs5Y3D4nVLhU9Ka2H4s32U=
15,-27,SxY9jgoIfqHuCCyFvQut/+4ZM+U=,Gl8SQLs5Y3D4nVLhU9Ka2H4s32U=
15,-26,SxY9jgoIfqHuCCyFvQut/+4ZM+U=,Gl8SQLs5Y3D4nVLhU9Ka2H4s32U=
15,-31,SxY9jgoIfqHuCCyFvQut/+4ZM+U=,Gl8SQLs5Y3D4nVLhU9Ka2H4s32U=
15,-30,SxY9jgoIfqHuCCyFvQut/+4ZM+U=,Gl8SQLs5Y3D4nVLhU9Ka2H4s32U=
15,-29,SxY9jgoIfqHuCCyFvQut/+4ZM+U=,Gl8SQLs5Y3D4nVLhU9Ka2H4s32U=
15,-28,SxY9jgoIfqHuCCyFvQut/+4ZM+U=,Gl8SQLs5Y3D4nVLhU9Ka2H4s32U=
0,-28,SxY9jgoIfqHuCCyFvQut/+4ZM+U=,6ycuaULfwwy8m66sREb3g+Um9eM=
0,-27,SxY9jgoIfqHuCCyFvQut/+4ZM+U=,6ycuaULfwwy8m66sREb3g+Um9eM=
0,-26,SxY9jgoIfqHuCCyFvQut/+4ZM+U=,6ycuaULfwwy8m66sREb3g+Um9eM=
0,-31,SxY9jgoIfqHuCCyFvQut/+4ZM+U=,6ycuaULfwwy8m66sREb3g+Um9eM=
0,-30,SxY9jgoIfqHuCCyFvQut/+4ZM+U=,6ycuaULfwwy8m66sREb3g+Um9eM=
0,-29,SxY9jgoIfqHuCCyFvQut/+4ZM+U=,6ycuaULfwwy8m66sREb3g+Um9eM=
9,-32,SxY9jgoIfqHuCCyFvQut/+4ZM+U=,Gl8SQLs5Y3D4nVLhU9Ka2H4s32U=
10,-32,SxY9jgoIfqHuCCyFvQut/+4ZM+U=,Gl8SQLs5Y3D4nVLhU9Ka2H4s32U=
11,-32,SxY9jgoIfqHuCCyFvQut/+4ZM+U=,Gl8SQLs5Y3D4nVLhU9Ka2H4s32U=
12,-32,SxY9jgoIfqHuCCyFvQut/+4ZM+U=,Gl8SQLs5Y3D4nVLhU9Ka2H4s32U=
13,-32,SxY9jgoIfqHuCCyFvQut/+4ZM+U=,Gl8SQLs5Y3D4nVLhU9Ka2H4s32U=
14,-32,SxY9jgoIfqHuCCyFvQut/+4ZM+U=,Gl8SQLs5Y3D4nVLhU9Ka2H4s32U=
15,-32,SxY9jgoIfqHuCCyFvQut/+4ZM+U=,Gl8SQLs5Y3D4nVLhU9Ka2H4s32U=
8,-32,SxY9jgoIfqHuCCyFvQut/+4ZM+U=,Gl8SQLs5Y3D4nVLhU9Ka2H4s32U=
0,-32,SxY9jgoIfqHuCCyFvQut/+4ZM+U=,6ycuaULfwwy8m66sREb3g+Um9eM=
1,-32,SxY9jgoIfqHuCCyFvQut/+4ZM+U=,6ycuaULfwwy8m66sREb3g+Um9eM=
7,-32,SxY9jgoIfqHuCCyFvQut/+4ZM+U=,6ycuaULfwwy8m66sREb3g+Um9eM=
6,-32,SxY9jgoIfqHuCCyFvQut/+4ZM+U=,6ycuaULfwwy8m66sREb3g+Um9eM=
5,-32,SxY9jgoIfqHuCCyFvQut/+4ZM+U=,6ycuaULfwwy8m66sREb3g+Um9eM=
4,-32,SxY9jgoIfqHuCCyFvQut/+4ZM+U=,6ycuaULfwwy8m66sREb3g+Um9eM=
3,-32,SxY9jgoIfqHuCCyFvQut/+4ZM+U=,6ycuaULfwwy8m66sREb3g+Um9eM=
2,-32,SxY9jgoIfqHuCCyFvQut/+4ZM+U=,6ycuaULfwwy8m66sREb3g+Um9eM=
11,-23,hHhTEPNoOD1hojTBpU1QSMjZi4A=,sDBM0pQI/QJLeBiUpjd7CTPDl3w=
9,-22,hHhTEPNoOD1hojTBpU1QSMjZi4A=,sDBM0pQI/QJLeBiUpjd7CTPDl3w=
12,-17,hHhTEPNoOD1hojTBpU1QSMjZi4A=,sDBM0pQI/QJLeBiUpjd7CTPDl3w=
13,-17,hHhTEPNoOD1hojTBpU1QSMjZi4A=,sDBM0pQI/QJLeBiUpjd7CTPDl3w=
12,-23,hHhTEPNoOD1hojTBpU1QSMjZi4A=,sDBM0pQI/QJLeBiUpjd7CTPDl3w=
15,-21,hHhTEPNoOD1hojTBpU1QSMjZi4A=,sDBM0pQI/QJLeBiUpjd7CTPDl3w=
14,-17,hHhTEPNoOD1hojTBpU1QSMjZi4A=,sDBM0pQI/QJLeBiUpjd7CTPDl3w=
15,-17,hHhTEPNoOD1hojTBpU1QSMjZi4A=,sDBM0pQI/QJLeBiUpjd7CTPDl3w=
13,-23,hHhTEPNoOD1hojTBpU1QSMjZi4A=,sDBM0pQI/QJLeBiUpjd7CTPDl3w=
13,-19,hHhTEPNoOD1hojTBpU1QSMjZi4A=,sDBM0pQI/QJLeBiUpjd7CTPDl3w=
9,-25,SxY9jgoIfqHuCCyFvQut/+4ZM+U=,Gl8SQLs5Y3D4nVLhU9Ka2H4s32U=
10,-25,SxY9jgoIfqHuCCyFvQut/+4ZM+U=,Gl8SQLs5Y3D4nVLhU9Ka2H4s32U=
15,-20,hHhTEPNoOD1hojTBpU1QSMjZi4A=,sDBM0pQI/QJLeBiUpjd7CTPDl3w=
14,-19,hHhTEPNoOD1hojTBpU1QSMjZi4A=,sDBM0pQI/QJLeBiUpjd7CTPDl3w=
10,-22,hHhTEPNoOD1hojTBpU1QSMjZi4A=,sDBM0pQI/QJLeBiUpjd7CTPDl3w=
9,-20,hHhTEPNoOD1hojTBpU1QSMjZi4A=,sDBM0pQI/QJLeBiUpjd7CTPDl3w=
11,-25,SxY9jgoIfqHuCCyFvQut/+4ZM+U=,Gl8SQLs5Y3D4nVLhU9Ka2H4s32U=
10,-23,hHhTEPNoOD1hojTBpU1QSMjZi4A=,sDBM0pQI/QJLeBiUpjd7CTPDl3w=
11,-17,hHhTEPNoOD1hojTBpU1QSMjZi4A=,sDBM0pQI/QJLeBiUpjd7CTPDl3w=
10,-17,hHhTEPNoOD1hojTBpU1QSMjZi4A=,sDBM0pQI/QJLeBiUpjd7CTPDl3w=
12,-25,SxY9jgoIfqHuCCyFvQut/+4ZM+U=,Gl8SQLs5Y3D4nVLhU9Ka2H4s32U=
15,-18,hHhTEPNoOD1hojTBpU1QSMjZi4A=,sDBM0pQI/QJLeBiUpjd7CTPDl3w=
14,-18,hHhTEPNoOD1hojTBpU1QSMjZi4A=,sDBM0pQI/QJLeBiUpjd7CTPDl3w=
13,-18,hHhTEPNoOD1hojTBpU1QSMjZi4A=,sDBM0pQI/QJLeBiUpjd7CTPDl3w=
12,-18,hHhTEPNoOD1hojTBpU1QSMjZi4A=,sDBM0pQI/QJLeBiUpjd7CTPDl3w=
12,-19,hHhTEPNoOD1hojTBpU1QSMjZi4A=,sDBM0pQI/QJLeBiUpjd7CTPDl3w=
9,-17,hHhTEPNoOD1hojTBpU1QSMjZi4A=,sDBM0pQI/QJLeBiUpjd7CTPDl3w=
14,-20,hHhTEPNoOD1hojTBpU1QSMjZi4A=,sDBM0pQI/QJLeBiUpjd7CTPDl3w=
15,-23,hHhTEPNoOD1hojTBpU1QSMjZi4A=,sDBM0pQI/QJLeBiUpjd7CTPDl3w=
11,-18,hHhTEPNoOD1hojTBpU1QSMjZi4A=,sDBM0pQI/QJLeBiUpjd7CTPDl3w=
13,-25,SxY9jgoIfqHuCCyFvQut/+4ZM+U=,Gl8SQLs5Y3D4nVLhU9Ka2H4s32U=
11,-22,hHhTEPNoOD1hojTBpU1QSMjZi4A=,sDBM0pQI/QJLeBiUpjd7CTPDl3w=
12,-22,hHhTEPNoOD1hojTBpU1QSMjZi4A=,sDBM0pQI/QJLeBiUpjd7CTPDl3w=
13,-22,hHhTEPNoOD1hojTBpU1QSMjZi4A=,sDBM0pQI/QJLeBiUpjd7CTPDl3w=
14,-23,hHhTEPNoOD1hojTBpU1QSMjZi4A=,sDBM0pQI/QJLeBiUpjd7CTPDl3w=
14,-25,SxY9jgoIfqHuCCyFvQut/+4ZM+U=,Gl8SQLs5Y3D4nVLhU9Ka2H4s32U=
15,-25,SxY9jgoIfqHuCCyFvQut/+4ZM+U=,Gl8SQLs5Y3D4nVLhU9Ka2H4s32U=
14,-22,hHhTEPNoOD1hojTBpU1QSMjZi4A=,sDBM0pQI/QJLeBiUpjd7CTPDl3w=
15,-19,hHhTEPNoOD1hojTBpU1QSMjZi4A=,sDBM0pQI/QJLeBiUpjd7CTPDl3w=
11,-19,hHhTEPNoOD1hojTBpU1QSMjZi4A=,sDBM0pQI/QJLeBiUpjd7CTPDl3w=
9,-23,hHhTEPNoOD1hojTBpU1QSMjZi4A=,sDBM0pQI/QJLeBiUpjd7CTPDl3w=
9,-21,hHhTEPNoOD1hojTBpU1QSMjZi4A=,sDBM0pQI/QJLeBiUpjd7CTPDl3w=
9,-19,hHhTEPNoOD1hojTBpU1QSMjZi4A=,sDBM0pQI/QJLeBiUpjd7CTPDl3w=
10,-18,hHhTEPNoOD1hojTBpU1QSMjZi4A=,sDBM0pQI/QJLeBiUpjd7CTPDl3w=
10,-21,hHhTEPNoOD1hojTBpU1QSMjZi4A=,sDBM0pQI/QJLeBiUpjd7CTPDl3w=
11,-21,hHhTEPNoOD1hojTBpU1QSMjZi4A=,sDBM0pQI/QJLeBiUpjd7CTPDl3w=
12,-21,hHhTEPNoOD1hojTBpU1QSMjZi4A=,sDBM0pQI/QJLeBiUpjd7CTPDl3w=
15,-22,hHhTEPNoOD1hojTBpU1QSMjZi4A=,sDBM0pQI/QJLeBiUpjd7CTPDl3w=
13,-21,hHhTEPNoOD1hojTBpU1QSMjZi4A=,sDBM0pQI/QJLeBiUpjd7CTPDl3w=
14,-21,hHhTEPNoOD1hojTBpU1QSMjZi4A=,sDBM0pQI/QJLeBiUpjd7CTPDl3w=
13,-20,hHhTEPNoOD1hojTBpU1QSMjZi4A=,sDBM0pQI/QJLeBiUpjd7CTPDl3w=
15,-24,hHhTEPNoOD1hojTBpU1QSMjZi4A=,sDBM0pQI/QJLeBiUpjd7CTPDl3w=
14,-24,hHhTEPNoOD1hojTBpU1QSMjZi4A=,sDBM0pQI/QJLeBiUpjd7CTPDl3w=
9,-24,hHhTEPNoOD1hojTBpU1QSMjZi4A=,sDBM0pQI/QJLeBiUpjd7CTPDl3w=
10,-20,hHhTEPNoOD1hojTBpU1QSMjZi4A=,sDBM0pQI/QJLeBiUpjd7CTPDl3w=
11,-20,hHhTEPNoOD1hojTBpU1QSMjZi4A=,sDBM0pQI/QJLeBiUpjd7CTPDl3w=
9,-18,hHhTEPNoOD1hojTBpU1QSMjZi4A=,sDBM0pQI/QJLeBiUpjd7CTPDl3w=
13,-24,hHhTEPNoOD1hojTBpU1QSMjZi4A=,sDBM0pQI/QJLeBiUpjd7CTPDl3w=
12,-20,hHhTEPNoOD1hojTBpU1QSMjZi4A=,sDBM0pQI/QJLeBiUpjd7CTPDl3w=
10,-24,hHhTEPNoOD1hojTBpU1QSMjZi4A=,sDBM0pQI/QJLeBiUpjd7CTPDl3w=
12,-24,hHhTEPNoOD1hojTBpU1QSMjZi4A=,sDBM0pQI/QJLeBiUpjd7CTPDl3w=
11,-24,hHhTEPNoOD1hojTBpU1QSMjZi4A=,sDBM0pQI/QJLeBiUpjd7CTPDl3w=
10,-19,hHhTEPNoOD1hojTBpU1QSMjZi4A=,sDBM0pQI/QJLeBiUpjd7CTPDl3w=
4,-21,SxY9jgoIfqHuCCyFvQut/+4ZM+U=,/KEWOi8B89mIOVPOGwuTcKNEu4c=
5,-21,SxY9jgoIfqHuCCyFvQut/+4ZM+U=,/KEWOi8B89mIOVPOGwuTcKNEu4c=
6,-21,SxY9jgoIfqHuCCyFvQut/+4ZM+U=,/KEWOi8B89mIOVPOGwuTcKNEu4c=
7,-21,SxY9jgoIfqHuCCyFvQut/+4ZM+U=,/KEWOi8B89mIOVPOGwuTcKNEu4c=
0,-20,SxY9jgoIfqHuCCyFvQut/+4ZM+U=,/KEWOi8B89mIOVPOGwuTcKNEu4c=
7,-17,SxY9jgoIfqHuCCyFvQut/+4ZM+U=,/KEWOi8B89mIOVPOGwuTcKNEu4c=
3,-21,SxY9jgoIfqHuCCyFvQut/+4ZM+U=,/KEWOi8B89mIOVPOGwuTcKNEu4c=
6,-17,SxY9jgoIfqHuCCyFvQut/+4ZM+U=,/KEWOi8B89mIOVPOGwuTcKNEu4c=
1,-20,SxY9jgoIfqHuCCyFvQut/+4ZM+U=,/KEWOi8B89mIOVPOGwuTcKNEu4c=
2,-21,SxY9jgoIfqHuCCyFvQut/+4ZM+U=,/KEWOi8B89mIOVPOGwuTcKNEu4c=
1,-21,SxY9jgoIfqHuCCyFvQut/+4ZM+U=,/KEWOi8B89mIOVPOGwuTcKNEu4c=
0,-21,SxY9jgoIfqHuCCyFvQut/+4ZM+U=,/KEWOi8B89mIOVPOGwuTcKNEu4c=
5,-17,SxY9jgoIfqHuCCyFvQut/+4ZM+U=,/KEWOi8B89mIOVPOGwuTcKNEu4c=
2,-20,SxY9jgoIfqHuCCyFvQut/+4ZM+U=,/KEWOi8B89mIOVPOGwuTcKNEu4c=
8,-20,hHhTEPNoOD1hojTBpU1QSMjZi4A=,sDBM0pQI/QJLeBiUpjd7CTPDl3w=
4,-17,SxY9jgoIfqHuCCyFvQut/+4ZM+U=,/KEWOi8B89mIOVPOGwuTcKNEu4c=
7,-22,SxY9jgoIfqHuCCyFvQut/+4ZM+U=,/KEWOi8B89mIOVPOGwuTcKNEu4c=
6,-22,SxY9jgoIfqHuCCyFvQut/+4ZM+U=,/KEWOi8B89mIOVPOGwuTcKNEu4c=
5,-22,SxY9jgoIfqHuCCyFvQut/+4ZM+U=,/KEWOi8B89mIOVPOGwuTcKNEu4c=
4,-22,SxY9jgoIfqHuCCyFvQut/+4ZM+U=,/KEWOi8B89mIOVPOGwuTcKNEu4c=
3,-17,SxY9jgoIfqHuCCyFvQut/+4ZM+U=,/KEWOi8B89mIOVPOGwuTcKNEu4c=
3,-22,SxY9jgoIfqHuCCyFvQut/+4ZM+U=,/KEWOi8B89mIOVPOGwuTcKNEu4c=
2,-22,SxY9jgoIfqHuCCyFvQut/+4ZM+U=,/KEWOi8B89mIOVPOGwuTcKNEu4c=
1,-22,SxY9jgoIfqHuCCyFvQut/+4ZM+U=,/KEWOi8B89mIOVPOGwuTcKNEu4c=
0,-22,SxY9jgoIfqHuCCyFvQut/+4ZM+U=,/KEWOi8B89mIOVPOGwuTcKNEu4c=
8,-17,hHhTEPNoOD1hojTBpU1QSMjZi4A=,sDBM0pQI/QJLeBiUpjd7CTPDl3w=
7,-23,SxY9jgoIfqHuCCyFvQut/+4ZM+U=,/KEWOi8B89mIOVPOGwuTcKNEu4c=
8,-22,hHhTEPNoOD1hojTBpU1QSMjZi4A=,sDBM0pQI/QJLeBiUpjd7CTPDl3w=
5,-23,SxY9jgoIfqHuCCyFvQut/+4ZM+U=,/KEWOi8B89mIOVPOGwuTcKNEu4c=
6,-23,SxY9jgoIfqHuCCyFvQut/+4ZM+U=,/KEWOi8B89mIOVPOGwuTcKNEu4c=
4,-23,SxY9jgoIfqHuCCyFvQut/+4ZM+U=,/KEWOi8B89mIOVPOGwuTcKNEu4c=
3,-23,SxY9jgoIfqHuCCyFvQut/+4ZM+U=,/KEWOi8B89mIOVPOGwuTcKNEu4c=
7,-25,SxY9jgoIfqHuCCyFvQut/+4ZM+U=,6ycuaULfwwy8m66sREb3g+Um9eM=
2,-23,SxY9jgoIfqHuCCyFvQut/+4ZM+U=,/KEWOi8B89mIOVPOGwuTcKNEu4c=
1,-23,SxY9jgoIfqHuCCyFvQut/+4ZM+U=,/KEWOi8B89mIOVPOGwuTcKNEu4c=
0,-23,SxY9jgoIfqHuCCyFvQut/+4ZM+U=,/KEWOi8B89mIOVPOGwuTcKNEu4c=
3,-20,SxY9jgoIfqHuCCyFvQut/+4ZM+U=,/KEWOi8B89mIOVPOGwuTcKNEu4c=
7,-24,SxY9jgoIfqHuCCyFvQut/+4ZM+U=,/KEWOi8B89mIOVPOGwuTcKNEu4c=
7,-18,SxY9jgoIfqHuCCyFvQut/+4ZM+U=,/KEWOi8B89mIOVPOGwuTcKNEu4c=
6,-24,SxY9jgoIfqHuCCyFvQut/+4ZM+U=,/KEWOi8B89mIOVPOGwuTcKNEu4c=
5,-24,SxY9jgoIfqHuCCyFvQut/+4ZM+U=,/KEWOi8B89mIOVPOGwuTcKNEu4c=
4,-24,SxY9jgoIfqHuCCyFvQut/+4ZM+U=,/KEWOi8B89mIOVPOGwuTcKNEu4c=
6,-25,SxY9jgoIfqHuCCyFvQut/+4ZM+U=,6ycuaULfwwy8m66sREb3g+Um9eM=
3,-24,SxY9jgoIfqHuCCyFvQut/+4ZM+U=,/KEWOi8B89mIOVPOGwuTcKNEu4c=
5,-25,SxY9jgoIfqHuCCyFvQut/+4ZM+U=,6ycuaULfwwy8m66sREb3g+Um9eM=
2,-24,SxY9jgoIfqHuCCyFvQut/+4ZM+U=,/KEWOi8B89mIOVPOGwuTcKNEu4c=
4,-25,SxY9jgoIfqHuCCyFvQut/+4ZM+U=,6ycuaULfwwy8m66sREb3g+Um9eM=
6,-18,SxY9jgoIfqHuCCyFvQut/+4ZM+U=,/KEWOi8B89mIOVPOGwuTcKNEu4c=
3,-25,SxY9jgoIfqHuCCyFvQut/+4ZM+U=,6ycuaULfwwy8m66sREb3g+Um9eM=
5,-18,SxY9jgoIfqHuCCyFvQut/+4ZM+U=,/KEWOi8B89mIOVPOGwuTcKNEu4c=
2,-17,SxY9jgoIfqHuCCyFvQut/+4ZM+U=,/KEWOi8B89mIOVPOGwuTcKNEu4c=
1,-24,SxY9jgoIfqHuCCyFvQut/+4ZM+U=,/KEWOi8B89mIOVPOGwuTcKNEu4c=
0,-24,SxY9jgoIfqHuCCyFvQut/+4ZM+U=,/KEWOi8B89mIOVPOGwuTcKNEu4c=
0,-17,SxY9jgoIfqHuCCyFvQut/+4ZM+U=,/KEWOi8B89mIOVPOGwuTcKNEu4c=
2,-25,SxY9jgoIfqHuCCyFvQut/+4ZM+U=,6ycuaULfwwy8m66sREb3g+Um9eM=
4,-20,SxY9jgoIfqHuCCyFvQut/+4ZM+U=,/KEWOi8B89mIOVPOGwuTcKNEu4c=
4,-18,SxY9jgoIfqHuCCyFvQut/+4ZM+U=,/KEWOi8B89mIOVPOGwuTcKNEu4c=
5,-20,SxY9jgoIfqHuCCyFvQut/+4ZM+U=,/KEWOi8B89mIOVPOGwuTcKNEu4c=
7,-20,SxY9jgoIfqHuCCyFvQut/+4ZM+U=,/KEWOi8B89mIOVPOGwuTcKNEu4c=
1,-17,SxY9jgoIfqHuCCyFvQut/+4ZM+U=,/KEWOi8B89mIOVPOGwuTcKNEu4c=
3,-18,SxY9jgoIfqHuCCyFvQut/+4ZM+U=,/KEWOi8B89mIOVPOGwuTcKNEu4c=
7,-19,SxY9jgoIfqHuCCyFvQut/+4ZM+U=,/KEWOi8B89mIOVPOGwuTcKNEu4c=
6,-19,SxY9jgoIfqHuCCyFvQut/+4ZM+U=,/KEWOi8B89mIOVPOGwuTcKNEu4c=
1,-25,SxY9jgoIfqHuCCyFvQut/+4ZM+U=,6ycuaULfwwy8m66sREb3g+Um9eM=
0,-25,SxY9jgoIfqHuCCyFvQut/+4ZM+U=,6ycuaULfwwy8m66sREb3g+Um9eM=
8,-24,hHhTEPNoOD1hojTBpU1QSMjZi4A=,sDBM0pQI/QJLeBiUpjd7CTPDl3w=
8,-25,SxY9jgoIfqHuCCyFvQut/+4ZM+U=,Gl8SQLs5Y3D4nVLhU9Ka2H4s32U=
2,-18,SxY9jgoIfqHuCCyFvQut/+4ZM+U=,/KEWOi8B89mIOVPOGwuTcKNEu4c=
6,-20,SxY9jgoIfqHuCCyFvQut/+4ZM+U=,/KEWOi8B89mIOVPOGwuTcKNEu4c=
0,-19,SxY9jgoIfqHuCCyFvQut/+4ZM+U=,/KEWOi8B89mIOVPOGwuTcKNEu4c=
1,-18,SxY9jgoIfqHuCCyFvQut/+4ZM+U=,/KEWOi8B89mIOVPOGwuTcKNEu4c=
8,-18,hHhTEPNoOD1hojTBpU1QSMjZi4A=,sDBM0pQI/QJLeBiUpjd7CTPDl3w=
0,-18,SxY9jgoIfqHuCCyFvQut/+4ZM+U=,/KEWOi8B89mIOVPOGwuTcKNEu4c=
8,-21,hHhTEPNoOD1hojTBpU1QSMjZi4A=,sDBM0pQI/QJLeBiUpjd7CTPDl3w=
5,-19,SxY9jgoIfqHuCCyFvQut/+4ZM+U=,/KEWOi8B89mIOVPOGwuTcKNEu4c=
8,-23,hHhTEPNoOD1hojTBpU1QSMjZi4A=,sDBM0pQI/QJLeBiUpjd7CTPDl3w=
8,-19,hHhTEPNoOD1hojTBpU1QSMjZi4A=,sDBM0pQI/QJLeBiUpjd7CTPDl3w=
1,-19,SxY9jgoIfqHuCCyFvQut/+4ZM+U=,/KEWOi8B89mIOVPOGwuTcKNEu4c=
4,-19,SxY9jgoIfqHuCCyFvQut/+4ZM+U=,/KEWOi8B89mIOVPOGwuTcKNEu4c=
3,-19,SxY9jgoIfqHuCCyFvQut/+4ZM+U=,/KEWOi8B89mIOVPOGwuTcKNEu4c=
2,-19,SxY9jgoIfqHuCCyFvQut/+4ZM+U=,/KEWOi8B89mIOVPOGwuTcKNEu4c=
14,-10,Bybt/lEUWxPpGqPRP8sGXWTgVo4=,5Jh0G7eUwGtOkuZhVPdwmfOPMnY=
9,-15,fg9krPDWHGBWN3BA9oxVAw66RUg=,5Jh0G7eUwGtOkuZhVPdwmfOPMnY=
13,-10,Bybt/lEUWxPpGqPRP8sGXWTgVo4=,5Jh0G7eUwGtOkuZhVPdwmfOPMnY=
12,-10,Bybt/lEUWxPpGqPRP8sGXWTgVo4=,5Jh0G7eUwGtOkuZhVPdwmfOPMnY=
11,-10,mdFDKySVhYmkj89EPRtrxsnOaPE=,5Jh0G7eUwGtOkuZhVPdwmfOPMnY=
14,-11,fg9krPDWHGBWN3BA9oxVAw66RUg=,5Jh0G7eUwGtOkuZhVPdwmfOPMnY=
10,-10,JWwLu0IdGCmKeml8mmeKzjhcLDE=,5Jh0G7eUwGtOkuZhVPdwmfOPMnY=
9,-10,fg9krPDWHGBWN3BA9oxVAw66RUg=,5Jh0G7eUwGtOkuZhVPdwmfOPMnY=
13,-11,fg9krPDWHGBWN3BA9oxVAw66RUg=,5Jh0G7eUwGtOkuZhVPdwmfOPMnY=
12,-11,fg9krPDWHGBWN3BA9oxVAw66RUg=,5Jh0G7eUwGtOkuZhVPdwmfOPMnY=
11,-11,fg9krPDWHGBWN3BA9oxVAw66RUg=,5Jh0G7eUwGtOkuZhVPdwmfOPMnY=
10,-11,fg9krPDWHGBWN3BA9oxVAw66RUg=,5Jh0G7eUwGtOkuZhVPdwmfOPMnY=
13,-12,fg9krPDWHGBWN3BA9oxVAw66RUg=,5Jh0G7eUwGtOkuZhVPdwmfOPMnY=
12,-12,fg9krPDWHGBWN3BA9oxVAw66RUg=,5Jh0G7eUwGtOkuZhVPdwmfOPMnY=
9,-11,fg9krPDWHGBWN3BA9oxVAw66RUg=,5Jh0G7eUwGtOkuZhVPdwmfOPMnY=
11,-12,fg9krPDWHGBWN3BA9oxVAw66RUg=,5Jh0G7eUwGtOkuZhVPdwmfOPMnY=
10,-12,fg9krPDWHGBWN3BA9oxVAw66RUg=,5Jh0G7eUwGtOkuZhVPdwmfOPMnY=
14,-13,fg9krPDWHGBWN3BA9oxVAw66RUg=,5Jh0G7eUwGtOkuZhVPdwmfOPMnY=
13,-13,fg9krPDWHGBWN3BA9oxVAw66RUg=,5Jh0G7eUwGtOkuZhVPdwmfOPMnY=
12,-13,Bybt/lEUWxPpGqPRP8sGXWTgVo4=,5Jh0G7eUwGtOkuZhVPdwmfOPMnY=
11,-13,Bybt/lEUWxPpGqPRP8sGXWTgVo4=,5Jh0G7eUwGtOkuZhVPdwmfOPMnY=
10,-13,Bybt/lEUWxPpGqPRP8sGXWTgVo4=,5Jh0G7eUwGtOkuZhVPdwmfOPMnY=
9,-13,Bybt/lEUWxPpGqPRP8sGXWTgVo4=,5Jh0G7eUwGtOkuZhVPdwmfOPMnY=
14,-14,Bybt/lEUWxPpGqPRP8sGXWTgVo4=,5Jh0G7eUwGtOkuZhVPdwmfOPMnY=
13,-14,Bybt/lEUWxPpGqPRP8sGXWTgVo4=,5Jh0G7eUwGtOkuZhVPdwmfOPMnY=
12,-14,Bybt/lEUWxPpGqPRP8sGXWTgVo4=,5Jh0G7eUwGtOkuZhVPdwmfOPMnY=
11,-14,Bybt/lEUWxPpGqPRP8sGXWTgVo4=,5Jh0G7eUwGtOkuZhVPdwmfOPMnY=
10,-14,Bybt/lEUWxPpGqPRP8sGXWTgVo4=,5Jh0G7eUwGtOkuZhVPdwmfOPMnY=
14,-12,fg9krPDWHGBWN3BA9oxVAw66RUg=,5Jh0G7eUwGtOkuZhVPdwmfOPMnY=
9,-14,Bybt/lEUWxPpGqPRP8sGXWTgVo4=,5Jh0G7eUwGtOkuZhVPdwmfOPMnY=
14,-15,mdFDKySVhYmkj89EPRtrxsnOaPE=,5Jh0G7eUwGtOkuZhVPdwmfOPMnY=
9,-12,fg9krPDWHGBWN3BA9oxVAw66RUg=,5Jh0G7eUwGtOkuZhVPdwmfOPMnY=
13,-15,hTxqven2DN8bkj/xdtMdIc9qfAM=,5Jh0G7eUwGtOkuZhVPdwmfOPMnY=
12,-15,fg9krPDWHGBWN3BA9oxVAw66RUg=,5Jh0G7eUwGtOkuZhVPdwmfOPMnY=
10,-15,fg9krPDWHGBWN3BA9oxVAw66RUg=,5Jh0G7eUwGtOkuZhVPdwmfOPMnY=
11,-15,fg9krPDWHGBWN3BA9oxVAw66RUg=,5Jh0G7eUwGtOkuZhVPdwmfOPMnY=
15,-15,fg9krPDWHGBWN3BA9oxVAw66RUg=,5Jh0G7eUwGtOkuZhVPdwmfOPMnY=
15,-14,fg9krPDWHGBWN3BA9oxVAw66RUg=,5Jh0G7eUwGtOkuZhVPdwmfOPMnY=
15,-13,fg9krPDWHGBWN3BA9oxVAw66RUg=,5Jh0G7eUwGtOkuZhVPdwmfOPMnY=
15,-12,fg9krPDWHGBWN3BA9oxVAw66RUg=,5Jh0G7eUwGtOkuZhVPdwmfOPMnY=
15,-11,fg9krPDWHGBWN3BA9oxVAw66RUg=,5Jh0G7eUwGtOkuZhVPdwmfOPMnY=
15,-10,fg9krPDWHGBWN3BA9oxVAw66RUg=,5Jh0G7eUwGtOkuZhVPdwmfOPMnY=
9,-16,fg9krPDWHGBWN3BA9oxVAw66RUg=,5Jh0G7eUwGtOkuZhVPdwmfOPMnY=
10,-16,fg9krPDWHGBWN3BA9oxVAw66RUg=,5Jh0G7eUwGtOkuZhVPdwmfOPMnY=
11,-16,fg9krPDWHGBWN3BA9oxVAw66RUg=,5Jh0G7eUwGtOkuZhVPdwmfOPMnY=
12,-16,fg9krPDWHGBWN3BA9oxVAw66RUg=,5Jh0G7eUwGtOkuZhVPdwmfOPMnY=
13,-16,fg9krPDWHGBWN3BA9oxVAw66RUg=,5Jh0G7eUwGtOkuZhVPdwmfOPMnY=
14,-16,fg9krPDWHGBWN3BA9oxVAw66RUg=,5Jh0G7eUwGtOkuZhVPdwmfOPMnY=
15,-16,fg9krPDWHGBWN3BA9oxVAw66RUg=,5Jh0G7eUwGtOkuZhVPdwmfOPMnY=
4,-11,fg9krPDWHGBWN3BA9oxVAw66RUg=,pLwISgjEHqDiE2JI5y0O5Jx3ioA=
5,-11,fg9krPDWHGBWN3BA9oxVAw66RUg=,pLwISgjEHqDiE2JI5y0O5Jx3ioA=
3,-11,fg9krPDWHGBWN3BA9oxVAw66RUg=,pLwISgjEHqDiE2JI5y0O5Jx3ioA=
6,-11,fg9krPDWHGBWN3BA9oxVAw66RUg=,pLwISgjEHqDiE2JI5y0O5Jx3ioA=
1,-11,fg9krPDWHGBWN3BA9oxVAw66RUg=,pLwISgjEHqDiE2JI5y0O5Jx3ioA=
0,-11,fg9krPDWHGBWN3BA9oxVAw66RUg=,pLwISgjEHqDiE2JI5y0O5Jx3ioA=
2,-11,fg9krPDWHGBWN3BA9oxVAw66RUg=,pLwISgjEHqDiE2JI5y0O5Jx3ioA=
8,-16,fg9krPDWHGBWN3BA9oxVAw66RUg=,5Jh0G7eUwGtOkuZhVPdwmfOPMnY=
6,-12,fg9krPDWHGBWN3BA9oxVAw66RUg=,pLwISgjEHqDiE2JI5y0O5Jx3ioA=
7,-12,fg9krPDWHGBWN3BA9oxVAw66RUg=,pLwISgjEHqDiE2JI5y0O5Jx3ioA=
7,-11,fg9krPDWHGBWN3BA9oxVAw66RUg=,pLwISgjEHqDiE2JI5y0O5Jx3ioA=
5,-12,fg9krPDWHGBWN3BA9oxVAw66RUg=,pLwISgjEHqDiE2JI5y0O5Jx3ioA=
8,-10,fg9krPDWHGBWN3BA9oxVAw66RUg=,5Jh0G7eUwGtOkuZhVPdwmfOPMnY=
0,-16,fg9krPDWHGBWN3BA9oxVAw66RUg=,pLwISgjEHqDiE2JI5y0O5Jx3ioA=
4,-12,fg9krPDWHGBWN3BA9oxVAw66RUg=,pLwISgjEHqDiE2JI5y0O5Jx3ioA=
3,-12,fg9krPDWHGBWN3BA9oxVAw66RUg=,pLwISgjEHqDiE2JI5y0O5Jx3ioA=
2,-12,fg9krPDWHGBWN3BA9oxVAw66RUg=,pLwISgjEHqDiE2JI5y0O5Jx3ioA=
8,-15,fg9krPDWHGBWN3BA9oxVAw66RUg=,5Jh0G7eUwGtOkuZhVPdwmfOPMnY=
1,-12,fg9krPDWHGBWN3BA9oxVAw66RUg=,pLwISgjEHqDiE2JI5y0O5Jx3ioA=
8,-11,fg9krPDWHGBWN3BA9oxVAw66RUg=,5Jh0G7eUwGtOkuZhVPdwmfOPMnY=
1,-16,fg9krPDWHGBWN3BA9oxVAw66RUg=,pLwISgjEHqDiE2JI5y0O5Jx3ioA=
0,-10,fg9krPDWHGBWN3BA9oxVAw66RUg=,pLwISgjEHqDiE2JI5y0O5Jx3ioA=
0,-12,fg9krPDWHGBWN3BA9oxVAw66RUg=,pLwISgjEHqDiE2JI5y0O5Jx3ioA=
2,-16,fg9krPDWHGBWN3BA9oxVAw66RUg=,pLwISgjEHqDiE2JI5y0O5Jx3ioA=
6,-13,fg9krPDWHGBWN3BA9oxVAw66RUg=,pLwISgjEHqDiE2JI5y0O5Jx3ioA=
5,-13,fg9krPDWHGBWN3BA9oxVAw66RUg=,pLwISgjEHqDiE2JI5y0O5Jx3ioA=
4,-13,fg9krPDWHGBWN3BA9oxVAw66RUg=,pLwISgjEHqDiE2JI5y0O5Jx3ioA=
7,-13,fg9krPDWHGBWN3BA9oxVAw66RUg=,pLwISgjEHqDiE2JI5y0O5Jx3ioA=
1,-10,fg9krPDWHGBWN3BA9oxVAw66RUg=,pLwISgjEHqDiE2JI5y0O5Jx3ioA=
3,-13,fg9krPDWHGBWN3BA9oxVAw66RUg=,pLwISgjEHqDiE2JI5y0O5Jx3ioA=
2,-10,fg9krPDWHGBWN3BA9oxVAw66RUg=,pLwISgjEHqDiE2JI5y0O5Jx3ioA=
3,-16,fg9krPDWHGBWN3BA9oxVAw66RUg=,pLwISgjEHqDiE2JI5y0O5Jx3ioA=
8,-14,fg9krPDWHGBWN3BA9oxVAw66RUg=,5Jh0G7eUwGtOkuZhVPdwmfOPMnY=
2,-13,fg9krPDWHGBWN3BA9oxVAw66RUg=,pLwISgjEHqDiE2JI5y0O5Jx3ioA=
4,-16,fg9krPDWHGBWN3BA9oxVAw66RUg=,pLwISgjEHqDiE2JI5y0O5Jx3ioA=
1,-13,fg9krPDWHGBWN3BA9oxVAw66RUg=,pLwISgjEHqDiE2JI5y0O5Jx3ioA=
3,-10,fg9krPDWHGBWN3BA9oxVAw66RUg=,pLwISgjEHqDiE2JI5y0O5Jx3ioA=
5,-16,fg9krPDWHGBWN3BA9oxVAw66RUg=,pLwISgjEHqDiE2JI5y0O5Jx3ioA=
6,-16,fg9krPDWHGBWN3BA9oxVAw66RUg=,pLwISgjEHqDiE2JI5y0O5Jx3ioA=
0,-13,fg9krPDWHGBWN3BA9oxVAw66RUg=,pLwISgjEHqDiE2JI5y0O5Jx3ioA=
8,-12,fg9krPDWHGBWN3BA9oxVAw66RUg=,5Jh0G7eUwGtOkuZhVPdwmfOPMnY=
4,-10,fg9krPDWHGBWN3BA9oxVAw66RUg=,pLwISgjEHqDiE2JI5y0O5Jx3ioA=
5,-10,fg9krPDWHGBWN3BA9oxVAw66RUg=,pLwISgjEHqDiE2JI5y0O5Jx3ioA=
7,-14,fg9krPDWHGBWN3BA9oxVAw66RUg=,pLwISgjEHqDiE2JI5y0O5Jx3ioA=
6,-14,fg9krPDWHGBWN3BA9oxVAw66RUg=,pLwISgjEHqDiE2JI5y0O5Jx3ioA=
6,-10,fg9krPDWHGBWN3BA9oxVAw66RUg=,pLwISgjEHqDiE2JI5y0O5Jx3ioA=
8,-13,fg9krPDWHGBWN3BA9oxVAw66RUg=,5Jh0G7eUwGtOkuZhVPdwmfOPMnY=
5,-14,fg9krPDWHGBWN3BA9oxVAw66RUg=,pLwISgjEHqDiE2JI5y0O5Jx3ioA=
7,-16,fg9krPDWHGBWN3BA9oxVAw66RUg=,pLwISgjEHqDiE2JI5y0O5Jx3ioA=
4,-14,fg9krPDWHGBWN3BA9oxVAw66RUg=,pLwISgjEHqDiE2JI5y0O5Jx3ioA=
0,-15,fg9krPDWHGBWN3BA9oxVAw66RUg=,pLwISgjEHqDiE2JI5y0O5Jx3ioA=
1,-15,fg9krPDWHGBWN3BA9oxVAw66RUg=,pLwISgjEHqDiE2JI5y0O5Jx3ioA=
2,-14,fg9krPDWHGBWN3BA9oxVAw66RUg=,pLwISgjEHqDiE2JI5y0O5Jx3ioA=
7,-10,fg9krPDWHGBWN3BA9oxVAw66RUg=,pLwISgjEHqDiE2JI5y0O5Jx3ioA=
3,-14,fg9krPDWHGBWN3BA9oxVAw66RUg=,pLwISgjEHqDiE2JI5y0O5Jx3ioA=
2,-15,fg9krPDWHGBWN3BA9oxVAw66RUg=,pLwISgjEHqDiE2JI5y0O5Jx3ioA=
3,-15,fg9krPDWHGBWN3BA9oxVAw66RUg=,pLwISgjEHqDiE2JI5y0O5Jx3ioA=
4,-15,fg9krPDWHGBWN3BA9oxVAw66RUg=,pLwISgjEHqDiE2JI5y0O5Jx3ioA=
5,-15,fg9krPDWHGBWN3BA9oxVAw66RUg=,pLwISgjEHqDiE2JI5y0O5Jx3ioA=
6,-15,fg9krPDWHGBWN3BA9oxVAw66RUg=,pLwISgjEHqDiE2JI5y0O5Jx3ioA=
1,-14,fg9krPDWHGBWN3BA9oxVAw66RUg=,pLwISgjEHqDiE2JI5y0O5Jx3ioA=
7,-15,fg9krPDWHGBWN3BA9oxVAw66RUg=,pLwISgjEHqDiE2JI5y0O5Jx3ioA=
0,-14,fg9krPDWHGBWN3BA9oxVAw66RUg=,pLwISgjEHqDiE2JI5y0O5Jx3ioA=
4,-5,fg9krPDWHGBWN3BA9oxVAw66RUg=,Hwkqr0bMNXW26zbrF5ieplLd7qg=
5,-5,fg9krPDWHGBWN3BA9oxVAw66RUg=,Hwkqr0bMNXW26zbrF5ieplLd7qg=
6,-5,fg9krPDWHGBWN3BA9oxVAw66RUg=,Hwkqr0bMNXW26zbrF5ieplLd7qg=
0,-4,fg9krPDWHGBWN3BA9oxVAw66RUg=,Hwkqr0bMNXW26zbrF5ieplLd7qg=
1,-4,fg9krPDWHGBWN3BA9oxVAw66RUg=,Hwkqr0bMNXW26zbrF5ieplLd7qg=
2,-4,fg9krPDWHGBWN3BA9oxVAw66RUg=,Hwkqr0bMNXW26zbrF5ieplLd7qg=
3,-4,fg9krPDWHGBWN3BA9oxVAw66RUg=,Hwkqr0bMNXW26zbrF5ieplLd7qg=
3,-5,fg9krPDWHGBWN3BA9oxVAw66RUg=,Hwkqr0bMNXW26zbrF5ieplLd7qg=
4,-4,fg9krPDWHGBWN3BA9oxVAw66RUg=,Hwkqr0bMNXW26zbrF5ieplLd7qg=
5,-4,fg9krPDWHGBWN3BA9oxVAw66RUg=,Hwkqr0bMNXW26zbrF5ieplLd7qg=
0,-9,fg9krPDWHGBWN3BA9oxVAw66RUg=,pLwISgjEHqDiE2JI5y0O5Jx3ioA=
1,-9,fg9krPDWHGBWN3BA9oxVAw66RUg=,pLwISgjEHqDiE2JI5y0O5Jx3ioA=
6,-1,fg9krPDWHGBWN3BA9oxVAw66RUg=,Hwkqr0bMNXW26zbrF5ieplLd7qg=
2,-9,fg9krPDWHGBWN3BA9oxVAw66RUg=,pLwISgjEHqDiE2JI5y0O5Jx3ioA=
5,-1,fg9krPDWHGBWN3BA9oxVAw66RUg=,Hwkqr0bMNXW26zbrF5ieplLd7qg=
3,-9,fg9krPDWHGBWN3BA9oxVAw66RUg=,pLwISgjEHqDiE2JI5y0O5Jx3ioA=
2,-5,fg9krPDWHGBWN3BA9oxVAw66RUg=,Hwkqr0bMNXW26zbrF5ieplLd7qg=
4,-9,fg9krPDWHGBWN3BA9oxVAw66RUg=,pLwISgjEHqDiE2JI5y0O5Jx3ioA=
0,-5,fg9krPDWHGBWN3BA9oxVAw66RUg=,Hwkqr0bMNXW26zbrF5ieplLd7qg=
6,-4,fg9krPDWHGBWN3BA9oxVAw66RUg=,Hwkqr0bMNXW26zbrF5ieplLd7qg=
4,-1,fg9krPDWHGBWN3BA9oxVAw66RUg=,Hwkqr0bMNXW26zbrF5ieplLd7qg=
5,-9,fg9krPDWHGBWN3BA9oxVAw66RUg=,pLwISgjEHqDiE2JI5y0O5Jx3ioA=
6,-9,fg9krPDWHGBWN3BA9oxVAw66RUg=,pLwISgjEHqDiE2JI5y0O5Jx3ioA=
1,-5,fg9krPDWHGBWN3BA9oxVAw66RUg=,Hwkqr0bMNXW26zbrF5ieplLd7qg=
0,-8,fg9krPDWHGBWN3BA9oxVAw66RUg=,Hwkqr0bMNXW26zbrF5ieplLd7qg=
1,-8,fg9krPDWHGBWN3BA9oxVAw66RUg=,Hwkqr0bMNXW26zbrF5ieplLd7qg=
2,-1,fg9krPDWHGBWN3BA9oxVAw66RUg=,Hwkqr0bMNXW26zbrF5ieplLd7qg=
3,-1,fg9krPDWHGBWN3BA9oxVAw66RUg=,Hwkqr0bMNXW26zbrF5ieplLd7qg=
2,-8,fg9krPDWHGBWN3BA9oxVAw66RUg=,Hwkqr0bMNXW26zbrF5ieplLd7qg=
6,-6,fg9krPDWHGBWN3BA9oxVAw66RUg=,Hwkqr0bMNXW26zbrF5ieplLd7qg=
3,-8,fg9krPDWHGBWN3BA9oxVAw66RUg=,Hwkqr0bMNXW26zbrF5ieplLd7qg=
4,-8,fg9krPDWHGBWN3BA9oxVAw66RUg=,Hwkqr0bMNXW26zbrF5ieplLd7qg=
5,-6,fg9krPDWHGBWN3BA9oxVAw66RUg=,Hwkqr0bMNXW26zbrF5ieplLd7qg=
6,-2,fg9krPDWHGBWN3BA9oxVAw66RUg=,Hwkqr0bMNXW26zbrF5ieplLd7qg=
5,-8,fg9krPDWHGBWN3BA9oxVAw66RUg=,Hwkqr0bMNXW26zbrF5ieplLd7qg=
5,-2,fg9krPDWHGBWN3BA9oxVAw66RUg=,Hwkqr0bMNXW26zbrF5ieplLd7qg=
4,-2,fg9krPDWHGBWN3BA9oxVAw66RUg=,Hwkqr0bMNXW26zbrF5ieplLd7qg=
2,-6,fg9krPDWHGBWN3BA9oxVAw66RUg=,Hwkqr0bMNXW26zbrF5ieplLd7qg=
3,-2,fg9krPDWHGBWN3BA9oxVAw66RUg=,Hwkqr0bMNXW26zbrF5ieplLd7qg=
1,-6,fg9krPDWHGBWN3BA9oxVAw66RUg=,Hwkqr0bMNXW26zbrF5ieplLd7qg=
1,-2,fg9krPDWHGBWN3BA9oxVAw66RUg=,Hwkqr0bMNXW26zbrF5ieplLd7qg=
2,-2,fg9krPDWHGBWN3BA9oxVAw66RUg=,Hwkqr0bMNXW26zbrF5ieplLd7qg=
0,-6,fg9krPDWHGBWN3BA9oxVAw66RUg=,Hwkqr0bMNXW26zbrF5ieplLd7qg=
1,-1,fg9krPDWHGBWN3BA9oxVAw66RUg=,Hwkqr0bMNXW26zbrF5ieplLd7qg=
0,-2,fg9krPDWHGBWN3BA9oxVAw66RUg=,Hwkqr0bMNXW26zbrF5ieplLd7qg=
6,-8,fg9krPDWHGBWN3BA9oxVAw66RUg=,Hwkqr0bMNXW26zbrF5ieplLd7qg=
6,-7,fg9krPDWHGBWN3BA9oxVAw66RUg=,Hwkqr0bMNXW26zbrF5ieplLd7qg=
0,-1,fg9krPDWHGBWN3BA9oxVAw66RUg=,Hwkqr0bMNXW26zbrF5ieplLd7qg=
5,-3,fg9krPDWHGBWN3BA9oxVAw66RUg=,Hwkqr0bMNXW26zbrF5ieplLd7qg=
4,-3,fg9krPDWHGBWN3BA9oxVAw66RUg=,Hwkqr0bMNXW26zbrF5ieplLd7qg=
5,-7,fg9krPDWHGBWN3BA9oxVAw66RUg=,Hwkqr0bMNXW26zbrF5ieplLd7qg=
0,-3,fg9krPDWHGBWN3BA9oxVAw66RUg=,Hwkqr0bMNXW26zbrF5ieplLd7qg=
6,-3,fg9krPDWHGBWN3BA9oxVAw66RUg=,Hwkqr0bMNXW26zbrF5ieplLd7qg=
3,-3,fg9krPDWHGBWN3BA9oxVAw66RUg=,Hwkqr0bMNXW26zbrF5ieplLd7qg=
4,-7,fg9krPDWHGBWN3BA9oxVAw66RUg=,Hwkqr0bMNXW26zbrF5ieplLd7qg=
3,-7,fg9krPDWHGBWN3BA9oxVAw66RUg=,Hwkqr0bMNXW26zbrF5ieplLd7qg=
2,-7,fg9krPDWHGBWN3BA9oxVAw66RUg=,Hwkqr0bMNXW26zbrF5ieplLd7qg=
1,-7,fg9krPDWHGBWN3BA9oxVAw66RUg=,Hwkqr0bMNXW26zbrF5ieplLd7qg=
2,-3,fg9krPDWHGBWN3BA9oxVAw66RUg=,Hwkqr0bMNXW26zbrF5ieplLd7qg=
0,-7,fg9krPDWHGBWN3BA9oxVAw66RUg=,Hwkqr0bMNXW26zbrF5ieplLd7qg=
1,-3,fg9krPDWHGBWN3BA9oxVAw66RUg=,Hwkqr0bMNXW26zbrF5ieplLd7qg=
4,-6,fg9krPDWHGBWN3BA9oxVAw66RUg=,Hwkqr0bMNXW26zbrF5ieplLd7qg=
3,-6,fg9krPDWHGBWN3BA9oxVAw66RUg=,Hwkqr0bMNXW26zbrF5ieplLd7qg=
13,-2,fg9krPDWHGBWN3BA9oxVAw66RUg=,Pha+4//3kZ1/HLmo5/MQnunYXfM=
12,-9,fg9krPDWHGBWN3BA9oxVAw66RUg=,5Jh0G7eUwGtOkuZhVPdwmfOPMnY=
10,-1,fg9krPDWHGBWN3BA9oxVAw66RUg=,Pha+4//3kZ1/HLmo5/MQnunYXfM=
11,-1,fg9krPDWHGBWN3BA9oxVAw66RUg=,Pha+4//3kZ1/HLmo5/MQnunYXfM=
7,-1,fg9krPDWHGBWN3BA9oxVAw66RUg=,Hwkqr0bMNXW26zbrF5ieplLd7qg=
12,-1,fg9krPDWHGBWN3BA9oxVAw66RUg=,Pha+4//3kZ1/HLmo5/MQnunYXfM=
12,-2,fg9krPDWHGBWN3BA9oxVAw66RUg=,Pha+4//3kZ1/HLmo5/MQnunYXfM=
13,-3,fg9krPDWHGBWN3BA9oxVAw66RUg=,Pha+4//3kZ1/HLmo5/MQnunYXfM=
11,-2,fg9krPDWHGBWN3BA9oxVAw66RUg=,Pha+4//3kZ1/HLmo5/MQnunYXfM=
8,-1,fg9krPDWHGBWN3BA9oxVAw66RUg=,Pha+4//3kZ1/HLmo5/MQnunYXfM=
13,-9,fg9krPDWHGBWN3BA9oxVAw66RUg=,5Jh0G7eUwGtOkuZhVPdwmfOPMnY=
9,-1,fg9krPDWHGBWN3BA9oxVAw66RUg=,Pha+4//3kZ1/HLmo5/MQnunYXfM=
10,-2,fg9krPDWHGBWN3BA9oxVAw66RUg=,Pha+4//3kZ1/HLmo5/MQnunYXfM=
9,-2,fg9krPDWHGBWN3BA9oxVAw66RUg=,Pha+4//3kZ1/HLmo5/MQnunYXfM=
15,-4,fg9krPDWHGBWN3BA9oxVAw66RUg=,Pha+4//3kZ1/HLmo5/MQnunYXfM=
14,-9,fg9krPDWHGBWN3BA9oxVAw66RUg=,5Jh0G7eUwGtOkuZhVPdwmfOPMnY=
11,-9,fg9krPDWHGBWN3BA9oxVAw66RUg=,5Jh0G7eUwGtOkuZhVPdwmfOPMnY=
7,-6,fg9krPDWHGBWN3BA9oxVAw66RUg=,Hwkqr0bMNXW26zbrF5ieplLd7qg=
15,-2,fg9krPDWHGBWN3BA9oxVAw66RUg=,Pha+4//3kZ1/HLmo5/MQnunYXfM=
10,-5,fg9krPDWHGBWN3BA9oxVAw66RUg=,Pha+4//3kZ1/HLmo5/MQnunYXfM=
8,-9,fg9krPDWHGBWN3BA9oxVAw66RUg=,5Jh0G7eUwGtOkuZhVPdwmfOPMnY=
9,-9,fg9krPDWHGBWN3BA9oxVAw66RUg=,5Jh0G7eUwGtOkuZhVPdwmfOPMnY=
9,-4,fg9krPDWHGBWN3BA9oxVAw66RUg=,Pha+4//3kZ1/HLmo5/MQnunYXfM=
10,-9,fg9krPDWHGBWN3BA9oxVAw66RUg=,5Jh0G7eUwGtOkuZhVPdwmfOPMnY=
13,-1,fg9krPDWHGBWN3BA9oxVAw66RUg=,Pha+4//3kZ1/HLmo5/MQnunYXfM=
7,-2,fg9krPDWHGBWN3BA9oxVAw66RUg=,Hwkqr0bMNXW26zbrF5ieplLd7qg=
9,-5,fg9krPDWHGBWN3BA9oxVAw66RUg=,Pha+4//3kZ1/HLmo5/MQnunYXfM=
14,-1,fg9krPDWHGBWN3BA9oxVAw66RUg=,Pha+4//3kZ1/HLmo5/MQnunYXfM=
14,-2,fg9krPDWHGBWN3BA9oxVAw66RUg=,Pha+4//3kZ1/HLmo5/MQnunYXfM=
12,-3,fg9krPDWHGBWN3BA9oxVAw66RUg=,Pha+4//3kZ1/HLmo5/MQnunYXfM=
9,-6,fg9krPDWHGBWN3BA9oxVAw66RUg=,Pha+4//3kZ1/HLmo5/MQnunYXfM=
7,-7,fg9krPDWHGBWN3BA9oxVAw66RUg=,Hwkqr0bMNXW26zbrF5ieplLd7qg=
14,-4,fg9krPDWHGBWN3BA9oxVAw66RUg=,Pha+4//3kZ1/HLmo5/MQnunYXfM=
14,-3,fg9krPDWHGBWN3BA9oxVAw66RUg=,Pha+4//3kZ1/HLmo5/MQnunYXfM=
11,-3,fg9krPDWHGBWN3BA9oxVAw66RUg=,Pha+4//3kZ1/HLmo5/MQnunYXfM=
8,-4,fg9krPDWHGBWN3BA9oxVAw66RUg=,Pha+4//3kZ1/HLmo5/MQnunYXfM=
7,-3,fg9krPDWHGBWN3BA9oxVAw66RUg=,Hwkqr0bMNXW26zbrF5ieplLd7qg=
15,-1,fg9krPDWHGBWN3BA9oxVAw66RUg=,Pha+4//3kZ1/HLmo5/MQnunYXfM=
15,-5,fg9krPDWHGBWN3BA9oxVAw66RUg=,Pha+4//3kZ1/HLmo5/MQnunYXfM=
15,-6,fg9krPDWHGBWN3BA9oxVAw66RUg=,Pha+4//3kZ1/HLmo5/MQnunYXfM=
14,-5,fg9krPDWHGBWN3BA9oxVAw66RUg=,Pha+4//3kZ1/HLmo5/MQnunYXfM=
10,-3,fg9krPDWHGBWN3BA9oxVAw66RUg=,Pha+4//3kZ1/HLmo5/MQnunYXfM=
15,-3,fg9krPDWHGBWN3BA9oxVAw66RUg=,Pha+4//3kZ1/HLmo5/MQnunYXfM=
14,-6,fg9krPDWHGBWN3BA9oxVAw66RUg=,Pha+4//3kZ1/HLmo5/MQnunYXfM=
9,-7,fg9krPDWHGBWN3BA9oxVAw66RUg=,Pha+4//3kZ1/HLmo5/MQnunYXfM=
15,-7,fg9krPDWHGBWN3BA9oxVAw66RUg=,Pha+4//3kZ1/HLmo5/MQnunYXfM=
13,-6,fg9krPDWHGBWN3BA9oxVAw66RUg=,Pha+4//3kZ1/HLmo5/MQnunYXfM=
8,-5,fg9krPDWHGBWN3BA9oxVAw66RUg=,Pha+4//3kZ1/HLmo5/MQnunYXfM=
10,-6,fg9krPDWHGBWN3BA9oxVAw66RUg=,Pha+4//3kZ1/HLmo5/MQnunYXfM=
13,-7,fg9krPDWHGBWN3BA9oxVAw66RUg=,Pha+4//3kZ1/HLmo5/MQnunYXfM=
14,-7,fg9krPDWHGBWN3BA9oxVAw66RUg=,Pha+4//3kZ1/HLmo5/MQnunYXfM=
12,-7,fg9krPDWHGBWN3BA9oxVAw66RUg=,Pha+4//3kZ1/HLmo5/MQnunYXfM=
7,-8,fg9krPDWHGBWN3BA9oxVAw66RUg=,Hwkqr0bMNXW26zbrF5ieplLd7qg=
8,-3,fg9krPDWHGBWN3BA9oxVAw66RUg=,Pha+4//3kZ1/HLmo5/MQnunYXfM=
11,-7,fg9krPDWHGBWN3BA9oxVAw66RUg=,Pha+4//3kZ1/HLmo5/MQnunYXfM=
13,-4,fg9krPDWHGBWN3BA9oxVAw66RUg=,Pha+4//3kZ1/HLmo5/MQnunYXfM=
10,-7,fg9krPDWHGBWN3BA9oxVAw66RUg=,Pha+4//3kZ1/HLmo5/MQnunYXfM=
7,-4,fg9krPDWHGBWN3BA9oxVAw66RUg=,Hwkqr0bMNXW26zbrF5ieplLd7qg=
13,-5,fg9krPDWHGBWN3BA9oxVAw66RUg=,Pha+4//3kZ1/HLmo5/MQnunYXfM=
7,-5,fg9krPDWHGBWN3BA9oxVAw66RUg=,Hwkqr0bMNXW26zbrF5ieplLd7qg=
12,-5,fg9krPDWHGBWN3BA9oxVAw66RUg=,Pha+4//3kZ1/HLmo5/MQnunYXfM=
12,-4,fg9krPDWHGBWN3BA9oxVAw66RUg=,Pha+4//3kZ1/HLmo5/MQnunYXfM=
7,-9,fg9krPDWHGBWN3BA9oxVAw66RUg=,pLwISgjEHqDiE2JI5y0O5Jx3ioA=
9,-8,fg9krPDWHGBWN3BA9oxVAw66RUg=,Pha+4//3kZ1/HLmo5/MQnunYXfM=
15,-9,fg9krPDWHGBWN3BA9oxVAw66RUg=,5Jh0G7eUwGtOkuZhVPdwmfOPMnY=
8,-8,fg9krPDWHGBWN3BA9oxVAw66RUg=,Pha+4//3kZ1/HLmo5/MQnunYXfM=
15,-8,fg9krPDWHGBWN3BA9oxVAw66RUg=,Pha+4//3kZ1/HLmo5/MQnunYXfM=
9,-3,fg9krPDWHGBWN3BA9oxVAw66RUg=,Pha+4//3kZ1/HLmo5/MQnunYXfM=
8,-7,fg9krPDWHGBWN3BA9oxVAw66RUg=,Pha+4//3kZ1/HLmo5/MQnunYXfM=
11,-6,fg9krPDWHGBWN3BA9oxVAw66RUg=,Pha+4//3kZ1/HLmo5/MQnunYXfM=
11,-4,fg9krPDWHGBWN3BA9oxVAw66RUg=,Pha+4//3kZ1/HLmo5/MQnunYXfM=
14,-8,fg9krPDWHGBWN3BA9oxVAw66RUg=,Pha+4//3kZ1/HLmo5/MQnunYXfM=
12,-8,fg9krPDWHGBWN3BA9oxVAw66RUg=,Pha+4//3kZ1/HLmo5/MQnunYXfM=
10,-4,fg9krPDWHGBWN3BA9oxVAw66RUg=,Pha+4//3kZ1/HLmo5/MQnunYXfM=
11,-5,fg9krPDWHGBWN3BA9oxVAw66RUg=,Pha+4//3kZ1/HLmo5/MQnunYXfM=
13,-8,fg9krPDWHGBWN3BA9oxVAw66RUg=,Pha+4//3kZ1/HLmo5/MQnunYXfM=
11,-8,fg9krPDWHGBWN3BA9oxVAw66RUg=,Pha+4//3kZ1/HLmo5/MQnunYXfM=
8,-6,fg9krPDWHGBWN3BA9oxVAw66RUg=,Pha+4//3kZ1/HLmo5/MQnunYXfM=
12,-6,fg9krPDWHGBWN3BA9oxVAw66RUg=,Pha+4//3kZ1/HLmo5/MQnunYXfM=
8,-2,fg9krPDWHGBWN3BA9oxVAw66RUg=,Pha+4//3kZ1/HLmo5/MQnunYXfM=
10,-8,fg9krPDWHGBWN3BA9oxVAw66RUg=,Pha+4//3kZ1/HLmo5/MQnunYXfM=
20,-17,pSFZd9viIdtfkfhVxZjjtPBAvBo=,MW/LnFDpIGGXO4ykRpYJSbKOsRc=
18,-17,zxrrP7072+ZxfYpQScnzyJbAKPw=,MW/LnFDpIGGXO4ykRpYJSbKOsRc=
19,-17,zxrrP7072+ZxfYpQScnzyJbAKPw=,MW/LnFDpIGGXO4ykRpYJSbKOsRc=
17,-17,zxrrP7072+ZxfYpQScnzyJbAKPw=,MW/LnFDpIGGXO4ykRpYJSbKOsRc=
16,-17,zxrrP7072+ZxfYpQScnzyJbAKPw=,MW/LnFDpIGGXO4ykRpYJSbKOsRc=
22,-18,zxrrP7072+ZxfYpQScnzyJbAKPw=,MW/LnFDpIGGXO4ykRpYJSbKOsRc=
21,-18,zxrrP7072+ZxfYpQScnzyJbAKPw=,MW/LnFDpIGGXO4ykRpYJSbKOsRc=
20,-18,zxrrP7072+ZxfYpQScnzyJbAKPw=,MW/LnFDpIGGXO4ykRpYJSbKOsRc=
19,-18,zxrrP7072+ZxfYpQScnzyJbAKPw=,MW/LnFDpIGGXO4ykRpYJSbKOsRc=
18,-18,zxrrP7072+ZxfYpQScnzyJbAKPw=,MW/LnFDpIGGXO4ykRpYJSbKOsRc=
17,-18,zxrrP7072+ZxfYpQScnzyJbAKPw=,MW/LnFDpIGGXO4ykRpYJSbKOsRc=
16,-18,zxrrP7072+ZxfYpQScnzyJbAKPw=,MW/LnFDpIGGXO4ykRpYJSbKOsRc=
22,-19,zxrrP7072+ZxfYpQScnzyJbAKPw=,MW/LnFDpIGGXO4ykRpYJSbKOsRc=
21,-19,zxrrP7072+ZxfYpQScnzyJbAKPw=,MW/LnFDpIGGXO4ykRpYJSbKOsRc=
20,-19,zxrrP7072+ZxfYpQScnzyJbAKPw=,MW/LnFDpIGGXO4ykRpYJSbKOsRc=
19,-19,zxrrP7072+ZxfYpQScnzyJbAKPw=,MW/LnFDpIGGXO4ykRpYJSbKOsRc=
18,-19,zxrrP7072+ZxfYpQScnzyJbAKPw=,MW/LnFDpIGGXO4ykRpYJSbKOsRc=
17,-19,zxrrP7072+ZxfYpQScnzyJbAKPw=,MW/LnFDpIGGXO4ykRpYJSbKOsRc=
16,-19,zxrrP7072+ZxfYpQScnzyJbAKPw=,MW/LnFDpIGGXO4ykRpYJSbKOsRc=
22,-20,zxrrP7072+ZxfYpQScnzyJbAKPw=,MW/LnFDpIGGXO4ykRpYJSbKOsRc=
21,-20,zxrrP7072+ZxfYpQScnzyJbAKPw=,MW/LnFDpIGGXO4ykRpYJSbKOsRc=
20,-20,zxrrP7072+ZxfYpQScnzyJbAKPw=,MW/LnFDpIGGXO4ykRpYJSbKOsRc=
19,-20,zxrrP7072+ZxfYpQScnzyJbAKPw=,MW/LnFDpIGGXO4ykRpYJSbKOsRc=
18,-20,zxrrP7072+ZxfYpQScnzyJbAKPw=,MW/LnFDpIGGXO4ykRpYJSbKOsRc=
16,-20,zxrrP7072+ZxfYpQScnzyJbAKPw=,MW/LnFDpIGGXO4ykRpYJSbKOsRc=
22,-21,zxrrP7072+ZxfYpQScnzyJbAKPw=,MW/LnFDpIGGXO4ykRpYJSbKOsRc=
21,-21,zxrrP7072+ZxfYpQScnzyJbAKPw=,MW/LnFDpIGGXO4ykRpYJSbKOsRc=
17,-20,zxrrP7072+ZxfYpQScnzyJbAKPw=,MW/LnFDpIGGXO4ykRpYJSbKOsRc=
20,-21,zxrrP7072+ZxfYpQScnzyJbAKPw=,MW/LnFDpIGGXO4ykRpYJSbKOsRc=
19,-21,zxrrP7072+ZxfYpQScnzyJbAKPw=,MW/LnFDpIGGXO4ykRpYJSbKOsRc=
18,-21,zxrrP7072+ZxfYpQScnzyJbAKPw=,MW/LnFDpIGGXO4ykRpYJSbKOsRc=
17,-21,zxrrP7072+ZxfYpQScnzyJbAKPw=,MW/LnFDpIGGXO4ykRpYJSbKOsRc=
16,-21,zxrrP7072+ZxfYpQScnzyJbAKPw=,MW/LnFDpIGGXO4ykRpYJSbKOsRc=
22,-22,zxrrP7072+ZxfYpQScnzyJbAKPw=,MW/LnFDpIGGXO4ykRpYJSbKOsRc=
21,-22,zxrrP7072+ZxfYpQScnzyJbAKPw=,MW/LnFDpIGGXO4ykRpYJSbKOsRc=
20,-22,zxrrP7072+ZxfYpQScnzyJbAKPw=,MW/LnFDpIGGXO4ykRpYJSbKOsRc=
19,-22,zxrrP7072+ZxfYpQScnzyJbAKPw=,MW/LnFDpIGGXO4ykRpYJSbKOsRc=
18,-22,zxrrP7072+ZxfYpQScnzyJbAKPw=,MW/LnFDpIGGXO4ykRpYJSbKOsRc=
17,-22,zxrrP7072+ZxfYpQScnzyJbAKPw=,MW/LnFDpIGGXO4ykRpYJSbKOsRc=
16,-22,zxrrP7072+ZxfYpQScnzyJbAKPw=,MW/LnFDpIGGXO4ykRpYJSbKOsRc=
22,-23,zxrrP7072+ZxfYpQScnzyJbAKPw=,MW/LnFDpIGGXO4ykRpYJSbKOsRc=
21,-23,zxrrP7072+ZxfYpQScnzyJbAKPw=,MW/LnFDpIGGXO4ykRpYJSbKOsRc=
20,-23,zxrrP7072+ZxfYpQScnzyJbAKPw=,MW/LnFDpIGGXO4ykRpYJSbKOsRc=
19,-23,zxrrP7072+ZxfYpQScnzyJbAKPw=,MW/LnFDpIGGXO4ykRpYJSbKOsRc=
18,-23,zxrrP7072+ZxfYpQScnzyJbAKPw=,MW/LnFDpIGGXO4ykRpYJSbKOsRc=
17,-23,zxrrP7072+ZxfYpQScnzyJbAKPw=,MW/LnFDpIGGXO4ykRpYJSbKOsRc=
16,-23,zxrrP7072+ZxfYpQScnzyJbAKPw=,MW/LnFDpIGGXO4ykRpYJSbKOsRc=
22,-24,zxrrP7072+ZxfYpQScnzyJbAKPw=,MW/LnFDpIGGXO4ykRpYJSbKOsRc=
21,-24,zxrrP7072+ZxfYpQScnzyJbAKPw=,MW/LnFDpIGGXO4ykRpYJSbKOsRc=
20,-24,zxrrP7072+ZxfYpQScnzyJbAKPw=,MW/LnFDpIGGXO4ykRpYJSbKOsRc=
19,-24,zxrrP7072+ZxfYpQScnzyJbAKPw=,MW/LnFDpIGGXO4ykRpYJSbKOsRc=
18,-24,zxrrP7072+ZxfYpQScnzyJbAKPw=,MW/LnFDpIGGXO4ykRpYJSbKOsRc=
17,-24,zxrrP7072+ZxfYpQScnzyJbAKPw=,MW/LnFDpIGGXO4ykRpYJSbKOsRc=
16,-24,zxrrP7072+ZxfYpQScnzyJbAKPw=,MW/LnFDpIGGXO4ykRpYJSbKOsRc=
22,-17,zxrrP7072+ZxfYpQScnzyJbAKPw=,MW/LnFDpIGGXO4ykRpYJSbKOsRc=
21,-17,zxrrP7072+ZxfYpQScnzyJbAKPw=,MW/LnFDpIGGXO4ykRpYJSbKOsRc=
23,-18,zxrrP7072+ZxfYpQScnzyJbAKPw=,MW/LnFDpIGGXO4ykRpYJSbKOsRc=
23,-17,zxrrP7072+ZxfYpQScnzyJbAKPw=,MW/LnFDpIGGXO4ykRpYJSbKOsRc=
23,-24,zxrrP7072+ZxfYpQScnzyJbAKPw=,MW/LnFDpIGGXO4ykRpYJSbKOsRc=
23,-19,zxrrP7072+ZxfYpQScnzyJbAKPw=,MW/LnFDpIGGXO4ykRpYJSbKOsRc=
23,-20,zxrrP7072+ZxfYpQScnzyJbAKPw=,MW/LnFDpIGGXO4ykRpYJSbKOsRc=
23,-21,zxrrP7072+ZxfYpQScnzyJbAKPw=,MW/LnFDpIGGXO4ykRpYJSbKOsRc=
23,-23,zxrrP7072+ZxfYpQScnzyJbAKPw=,MW/LnFDpIGGXO4ykRpYJSbKOsRc=
23,-22,zxrrP7072+ZxfYpQScnzyJbAKPw=,MW/LnFDpIGGXO4ykRpYJSbKOsRc=
